{"type":"FeatureCollection","features":[{"type":"Feature","properties":{"source":"socrata","owner":"City of Gainesville","spd_class":"LED4000","pole_height_m":3.0,"install_year":2014,"confidence":0.9},"geometry":{"type":"Point","coordinates":[-82.32485,29.64501]}},{"type":"Feature","properties":{"source":"socrata","owner":"City of Gainesville","spd_class":"LED4000","pole_height_m":3.0,"install_year":2014,"confidence":0.9},"geometry":{"type":"Point","coordinates":[-82.32484,29.64546]}},{"type":"Feature","properties":{"source":"socrata","owner":"City of Gainesville","spd_class":"LED4000","pole_height_m":3.0,"install_year":2014,"confidence":0.9},"geometry":{"type":"Point","coordinates":[-82.32508,29.64572]}},{"type":"Feature","properties":{"source":"socrata","owner":"City of Gainesville","spd_class":"LED4000","pole_height_m":3.0,"install_year":2014,"confidence":0.9},"geometry":{"type":"Point","coordinates":[-82.32484,29.64607]}},{"type":"Feature","properties":{"source":"socrata","owner":"City of Gainesville","spd_class":"LED4000","pole_height_m":3.0,"install_year":2014,"confidence":0.9},"geometry":{"type":"Point","coordinates":[-82.32508,29.64631]}},{"type":"Feature","properties":{"source":"socrata","owner":"City of Gainesville","spd_class":"LED4000","pole_height_m":3.0,"install_year":2014,"confidence":0.9},"geometry":{"type":"Point","coordinates":[-82.32486,29.64768]}},{"type":"Feature","properties":{"source":"socrata","owner":"City of Gainesville","spd_class":"LED4000","pole_height_m":3.0,"install_year":2014,"confidence":0.9},"geometry":{"type":"Point","coordinates":[-82.32488,29.64863]}},{"type":"Feature","properties":{"source":"socrata","owner":"City of Gainesville","spd_class":"LED4000","pole_height_m":3.0,"install_year":2014,"confidence":0.9},"geometry":{"type":"Point","coordinates":[-82.32488,29.64909]}},{"type":"Feature","properties":{"source":"socrata","owner":"City of Gainesville","spd_class":"LED4000","pole_height_m":3.0,"install_year":2014,"confidence":0.9},"geometry":{"type":"Point","coordinates":[-82.32488,29.64925]}},{"type":"Feature","properties":{"source":"socrata","owner":"City of Gainesville","spd_class":"LED4000","pole_height_m":3.0,"install_year":2014,"confidence":0.9},"geometry":{"type":"Point","coordinates":[-82.32509,29.64932]}},{"type":"Feature","properties":{"source":"socrata","owner":"City of Gainesville","spd_class":"LED4000","pole_height_m":3.0,"install_year":2014,"confidence":0.9},"geometry":{"type":"Point","coordinates":[-82.32488,29.64944]}},{"type":"Feature","properties":{"source":"socrata","owner":"City of Gainesville","spd_class":"LED4000","pole_height_m":3.0,"install_year":2014,"confidence":0.9},"geometry":{"type":"Point","coordinates":[-82.32487,29.64956]}},{"type":"Feature","properties":{"source":"socrata","owner":"City of Gainesville","spd_class":"LED4000","pole_height_m":3.0,"install_year":2014,"confidence":0.9},"geometry":{"type":"Point","coordinates":[-82.32489,29.64987]}},{"type":"Feature","properties":{"source":"socrata","owner":"City of Gainesville","spd_class":"LED4000","pole_height_m":3.0,"install_year":2014,"confidence":0.9},"geometry":{"type":"Point","coordinates":[-82.3251,29.64983]}},{"type":"Feature","properties":{"source":"socrata","owner":"City of Gainesville","spd_class":"LED4000","pole_height_m":3.0,"install_year":2014,"confidence":0.9},"geometry":{"type":"Point","coordinates":[-82.32489,29.64996]}},{"type":"Feature","properties":{"source":"socrata","owner":"City of Gainesville","spd_class":"LED4000","pole_height_m":3.0,"install_year":2014,"confidence":0.9},"geometry":{"type":"Point","coordinates":[-82.32488,29.65017]}},{"type":"Feature","properties":{"source":"socrata","owner":"City of Gainesville","spd_class":"LED4000","pole_height_m":3.0,"install_year":2014,"confidence":0.9},"geometry":{"type":"Point","coordinates":[-82.32489,29.65045]}},{"type":"Feature","properties":{"source":"socrata","owner":"City of Gainesville","spd_class":"LED4000","pole_height_m":3.0,"install_year":2014,"confidence":0.9},"geometry":{"type":"Point","coordinates":[-82.3251,29.65049]}},{"type":"Feature","properties":{"source":"socrata","owner":"City of Gainesville","spd_class":"LED4000","pole_height_m":3.0,"install_year":2014,"confidence":0.9},"geometry":{"type":"Point","coordinates":[-82.3251,29.65042]}},{"type":"Feature","properties":{"source":"socrata","owner":"City of Gainesville","spd_class":"LED4000","pole_height_m":3.0,"install_year":2014,"confidence":0.9},"geometry":{"type":"Point","coordinates":[-82.32489,29.65056]}},{"type":"Feature","properties":{"source":"socrata","owner":"City of Gainesville","spd_class":"LED4000","pole_height_m":3.0,"install_year":2014,"confidence":0.9},"geometry":{"type":"Point","coordinates":[-82.3249,29.65069]}},{"type":"Feature","properties":{"source":"socrata","owner":"City of Gainesville","spd_class":"LED4000","pole_height_m":3.0,"install_year":2014,"confidence":0.9},"geometry":{"type":"Point","coordinates":[-82.3249,29.65079]}},{"type":"Feature","properties":{"source":"socrata","owner":"City of Gainesville","spd_class":"LED4000","pole_height_m":3.0,"install_year":2014,"confidence":0.9},"geometry":{"type":"Point","coordinates":[-82.3249,29.65088]}},{"type":"Feature","properties":{"source":"socrata","owner":"City of Gainesville","spd_class":"LED4000","pole_height_m":9.1,"install_year":2014,"confidence":0.9},"geometry":{"type":"Point","coordinates":[-82.32486,29.65094]}},{"type":"Feature","properties":{"source":"socrata","owner":"City of Gainesville","spd_class":"LED4000","pole_height_m":9.1,"install_year":2014,"confidence":0.9},"geometry":{"type":"Point","coordinates":[-82.32511,29.65072]}},{"type":"Feature","properties":{"source":"socrata","owner":"City of Gainesville","spd_class":"LED4000","pole_height_m":3.0,"install_year":2014,"confidence":0.9},"geometry":{"type":"Point","coordinates":[-82.32511,29.65082]}},{"type":"Feature","properties":{"source":"socrata","owner":"City of Gainesville","spd_class":"LED4000","pole_height_m":3.0,"install_year":2014,"confidence":0.9},"geometry":{"type":"Point","coordinates":[-82.32511,29.65062]}},{"type":"Feature","properties":{"source":"socrata","owner":"City of Gainesville","spd_class":"LED4000","pole_height_m":3.0,"install_year":2014,"confidence":0.9},"geometry":{"type":"Point","coordinates":[-82.32511,29.65118]}},{"type":"Feature","properties":{"source":"socrata","owner":"City of Gainesville","spd_class":"LED4000","pole_height_m":3.0,"install_year":2014,"confidence":0.9},"geometry":{"type":"Point","coordinates":[-82.32488,29.65121]}},{"type":"Feature","properties":{"source":"socrata","owner":"City of Gainesville","spd_class":"LED4000","pole_height_m":3.0,"install_year":2014,"confidence":0.9},"geometry":{"type":"Point","coordinates":[-82.32512,29.65127]}},{"type":"Feature","properties":{"source":"socrata","owner":"City of Gainesville","spd_class":"LED4000","pole_height_m":3.0,"install_year":2014,"confidence":0.9},"geometry":{"type":"Point","coordinates":[-82.32489,29.65133]}},{"type":"Feature","properties":{"source":"socrata","owner":"City of Gainesville","spd_class":"LED4000","pole_height_m":3.0,"install_year":2014,"confidence":0.9},"geometry":{"type":"Point","coordinates":[-82.32512,29.65137]}},{"type":"Feature","properties":{"source":"socrata","owner":"City of Gainesville","spd_class":"LED4000","pole_height_m":3.0,"install_year":2014,"confidence":0.9},"geometry":{"type":"Point","coordinates":[-82.32489,29.65141]}},{"type":"Feature","properties":{"source":"socrata","owner":"City of Gainesville","spd_class":"LED4000","pole_height_m":3.0,"install_year":2014,"confidence":0.9},"geometry":{"type":"Point","coordinates":[-82.32489,29.65148]}},{"type":"Feature","properties":{"source":"socrata","owner":"City of Gainesville","spd_class":"LED4000","pole_height_m":9.1,"install_year":2014,"confidence":0.9},"geometry":{"type":"Point","coordinates":[-82.32512,29.65151]}},{"type":"Feature","properties":{"source":"socrata","owner":"City of Gainesville","spd_class":"LED4000","pole_height_m":3.0,"install_year":2014,"confidence":0.9},"geometry":{"type":"Point","coordinates":[-82.32511,29.65163]}},{"type":"Feature","properties":{"source":"socrata","owner":"City of Gainesville","spd_class":"LED4000","pole_height_m":3.0,"install_year":2014,"confidence":0.9},"geometry":{"type":"Point","coordinates":[-82.3249,29.65163]}},{"type":"Feature","properties":{"source":"socrata","owner":"City of Gainesville","spd_class":"LED4000","pole_height_m":3.0,"install_year":2014,"confidence":0.9},"geometry":{"type":"Point","coordinates":[-82.32489,29.65171]}},{"type":"Feature","properties":{"source":"socrata","owner":"City of Gainesville","spd_class":"LED4000","pole_height_m":3.0,"install_year":2014,"confidence":0.9},"geometry":{"type":"Point","coordinates":[-82.32489,29.65178]}},{"type":"Feature","properties":{"source":"socrata","owner":"City of Gainesville","spd_class":"LED4000","pole_height_m":3.0,"install_year":2014,"confidence":0.9},"geometry":{"type":"Point","coordinates":[-82.3249,29.65221]}},{"type":"Feature","properties":{"source":"socrata","owner":"City of Gainesville","spd_class":"LED4000","pole_height_m":3.0,"install_year":2014,"confidence":0.9},"geometry":{"type":"Point","coordinates":[-82.32512,29.65223]}},{"type":"Feature","properties":{"source":"socrata","owner":"City of Gainesville","spd_class":"LED4000","pole_height_m":3.0,"install_year":2014,"confidence":0.9},"geometry":{"type":"Point","coordinates":[-82.3249,29.65231]}},{"type":"Feature","properties":{"source":"socrata","owner":"City of Gainesville","spd_class":"LED4000","pole_height_m":3.0,"install_year":2014,"confidence":0.9},"geometry":{"type":"Point","coordinates":[-82.3249,29.65239]}},{"type":"Feature","properties":{"source":"socrata","owner":"City of Gainesville","spd_class":"LED4000","pole_height_m":3.0,"install_year":2014,"confidence":0.9},"geometry":{"type":"Point","coordinates":[-82.3249,29.65248]}},{"type":"Feature","properties":{"source":"socrata","owner":"City of Gainesville","spd_class":"LED4000","pole_height_m":3.0,"install_year":2014,"confidence":0.9},"geometry":{"type":"Point","coordinates":[-82.3249,29.65259]}},{"type":"Feature","properties":{"source":"socrata","owner":"City of Gainesville","spd_class":"LED4000","pole_height_m":9.1,"install_year":2014,"confidence":0.9},"geometry":{"type":"Point","coordinates":[-82.32511,29.65233]}},{"type":"Feature","properties":{"source":"socrata","owner":"City of Gainesville","spd_class":"LED4000","pole_height_m":3.0,"install_year":2014,"confidence":0.9},"geometry":{"type":"Point","coordinates":[-82.32511,29.65245]}},{"type":"Feature","properties":{"source":"socrata","owner":"City of Gainesville","spd_class":"LED4000","pole_height_m":3.0,"install_year":2014,"confidence":0.9},"geometry":{"type":"Point","coordinates":[-82.32488,29.65273]}},{"type":"Feature","properties":{"source":"socrata","owner":"City of Gainesville","spd_class":"LED4000","pole_height_m":3.0,"install_year":2014,"confidence":0.9},"geometry":{"type":"Point","coordinates":[-82.32489,29.65284]}},{"type":"Feature","properties":{"source":"socrata","owner":"City of Gainesville","spd_class":"LED4000","pole_height_m":3.0,"install_year":2014,"confidence":0.9},"geometry":{"type":"Point","coordinates":[-82.3249,29.65293]}},{"type":"Feature","properties":{"source":"socrata","owner":"City of Gainesville","spd_class":"LED4000","pole_height_m":3.0,"install_year":2014,"confidence":0.9},"geometry":{"type":"Point","coordinates":[-82.3249,29.65303]}},{"type":"Feature","properties":{"source":"socrata","owner":"City of Gainesville","spd_class":"LED4000","pole_height_m":3.0,"install_year":2014,"confidence":0.9},"geometry":{"type":"Point","coordinates":[-82.3249,29.65311]}},{"type":"Feature","properties":{"source":"socrata","owner":"City of Gainesville","spd_class":"LED4000","pole_height_m":3.0,"install_year":2014,"confidence":0.9},"geometry":{"type":"Point","coordinates":[-82.32489,29.65322]}},{"type":"Feature","properties":{"source":"socrata","owner":"City of Gainesville","spd_class":"LED4000","pole_height_m":3.0,"install_year":2014,"confidence":0.9},"geometry":{"type":"Point","coordinates":[-82.32511,29.65281]}},{"type":"Feature","properties":{"source":"socrata","owner":"City of Gainesville","spd_class":"LED4000","pole_height_m":3.0,"install_year":2014,"confidence":0.9},"geometry":{"type":"Point","coordinates":[-82.32512,29.6529]}},{"type":"Feature","properties":{"source":"socrata","owner":"City of Gainesville","spd_class":"LED4000","pole_height_m":9.1,"install_year":2014,"confidence":0.9},"geometry":{"type":"Point","coordinates":[-82.32511,29.65297]}},{"type":"Feature","properties":{"source":"socrata","owner":"City of Gainesville","spd_class":"LED4000","pole_height_m":3.0,"install_year":2014,"confidence":0.9},"geometry":{"type":"Point","coordinates":[-82.32511,29.65307]}},{"type":"Feature","properties":{"source":"socrata","owner":"City of Gainesville","spd_class":"LED4000","pole_height_m":3.0,"install_year":2014,"confidence":0.9},"geometry":{"type":"Point","coordinates":[-82.32514,29.65366]}},{"type":"Feature","properties":{"source":"socrata","owner":"City of Gainesville","spd_class":"LED4000","pole_height_m":3.0,"install_year":2014,"confidence":0.9},"geometry":{"type":"Point","coordinates":[-82.32489,29.65382]}},{"type":"Feature","properties":{"source":"socrata","owner":"City of Gainesville","spd_class":"LED4000","pole_height_m":3.0,"install_year":2014,"confidence":0.9},"geometry":{"type":"Point","coordinates":[-82.32511,29.6541]}},{"type":"Feature","properties":{"source":"socrata","owner":"City of Gainesville","spd_class":"LED4000","pole_height_m":3.0,"install_year":2014,"confidence":0.9},"geometry":{"type":"Point","coordinates":[-82.3249,29.65419]}},{"type":"Feature","properties":{"source":"socrata","owner":"City of Gainesville","spd_class":"LED4000","pole_height_m":3.0,"install_year":2014,"confidence":0.9},"geometry":{"type":"Point","coordinates":[-82.3249,29.65434]}},{"type":"Feature","properties":{"source":"socrata","owner":"City of Gainesville","spd_class":"LED4000","pole_height_m":3.0,"install_year":2014,"confidence":0.9},"geometry":{"type":"Point","coordinates":[-82.32512,29.65435]}},{"type":"Feature","properties":{"source":"socrata","owner":"City of Gainesville","spd_class":"LED4000","pole_height_m":3.0,"install_year":2014,"confidence":0.9},"geometry":{"type":"Point","coordinates":[-82.32489,29.65449]}},{"type":"Feature","properties":{"source":"socrata","owner":"City of Gainesville","spd_class":"LED4000","pole_height_m":3.0,"install_year":2014,"confidence":0.9},"geometry":{"type":"Point","coordinates":[-82.32512,29.65496]}},{"type":"Feature","properties":{"source":"socrata","owner":"City of Gainesville","spd_class":"LED4000","pole_height_m":3.0,"install_year":2014,"confidence":0.9},"geometry":{"type":"Point","coordinates":[-82.3249,29.65495]}},{"type":"Feature","properties":{"source":"socrata","owner":"City of Gainesville","spd_class":"LED4000","pole_height_m":3.0,"install_year":2014,"confidence":0.9},"geometry":{"type":"Point","coordinates":[-82.3249,29.65509]}},{"type":"Feature","properties":{"source":"socrata","owner":"City of Gainesville","spd_class":"LED4000","pole_height_m":3.0,"install_year":2014,"confidence":0.9},"geometry":{"type":"Point","coordinates":[-82.32491,29.65583]}},{"type":"Feature","properties":{"source":"socrata","owner":"City of Gainesville","spd_class":"LED4000","pole_height_m":3.0,"install_year":2014,"confidence":0.9},"geometry":{"type":"Point","coordinates":[-82.32492,29.65602]}},{"type":"Feature","properties":{"source":"socrata","owner":"City of Gainesville","spd_class":"LED4000","pole_height_m":3.0,"install_year":2014,"confidence":0.9},"geometry":{"type":"Point","coordinates":[-82.32512,29.65616]}},{"type":"Feature","properties":{"source":"socrata","owner":"City of Gainesville","spd_class":"LED4000","pole_height_m":3.0,"install_year":2014,"confidence":0.9},"geometry":{"type":"Point","coordinates":[-82.32492,29.65621]}},{"type":"Feature","properties":{"source":"socrata","owner":"City of Gainesville","spd_class":"LED4000","pole_height_m":3.0,"install_year":2014,"confidence":0.9},"geometry":{"type":"Point","coordinates":[-82.32492,29.65629]}},{"type":"Feature","properties":{"source":"socrata","owner":"City of Gainesville","spd_class":"LED4000","pole_height_m":3.0,"install_year":2014,"confidence":0.9},"geometry":{"type":"Point","coordinates":[-82.32513,29.65647]}},{"type":"Feature","properties":{"source":"socrata","owner":"City of Gainesville","spd_class":"LED4000","pole_height_m":3.0,"install_year":2014,"confidence":0.9},"geometry":{"type":"Point","coordinates":[-82.32489,29.65699]}},{"type":"Feature","properties":{"source":"socrata","owner":"City of Gainesville","spd_class":"LED4000","pole_height_m":3.0,"install_year":2014,"confidence":0.9},"geometry":{"type":"Point","coordinates":[-82.32513,29.65729]}},{"type":"Feature","properties":{"source":"socrata","owner":"City of Gainesville","spd_class":"LED4000","pole_height_m":3.0,"install_year":2014,"confidence":0.9},"geometry":{"type":"Point","coordinates":[-82.32493,29.65728]}},{"type":"Feature","properties":{"source":"socrata","owner":"City of Gainesville","spd_class":"LED4000","pole_height_m":3.0,"install_year":2014,"confidence":0.9},"geometry":{"type":"Point","coordinates":[-82.32492,29.65772]}},{"type":"Feature","properties":{"source":"socrata","owner":"City of Gainesville","spd_class":"LED4000","pole_height_m":3.0,"install_year":2014,"confidence":0.9},"geometry":{"type":"Point","coordinates":[-82.32514,29.65783]}},{"type":"Feature","properties":{"source":"socrata","owner":"City of Gainesville","spd_class":"LED4000","pole_height_m":3.0,"install_year":2014,"confidence":0.9},"geometry":{"type":"Point","coordinates":[-82.3249,29.65809]}},{"type":"Feature","properties":{"source":"socrata","owner":"City of Gainesville","spd_class":"LED4000","pole_height_m":3.0,"install_year":2014,"confidence":0.9},"geometry":{"type":"Point","coordinates":[-82.32513,29.65826]}},{"type":"Feature","properties":{"source":"socrata","owner":"City of Gainesville","spd_class":"LED4000","pole_height_m":3.0,"install_year":2014,"confidence":0.9},"geometry":{"type":"Point","coordinates":[-82.32492,29.65843]}},{"type":"Feature","properties":{"source":"socrata","owner":"City of Gainesville","spd_class":"LED4000","pole_height_m":3.0,"install_year":2014,"confidence":0.9},"geometry":{"type":"Point","coordinates":[-82.32512,29.65871]}},{"type":"Feature","properties":{"source":"socrata","owner":"City of Gainesville","spd_class":"LED4000","pole_height_m":3.0,"install_year":2014,"confidence":0.9},"geometry":{"type":"Point","coordinates":[-82.32492,29.6588]}},{"type":"Feature","properties":{"source":"socrata","owner":"City of Gainesville","spd_class":"LED4000","pole_height_m":3.0,"install_year":2014,"confidence":0.9},"geometry":{"type":"Point","coordinates":[-82.32513,29.65538]}},{"type":"Feature","properties":{"source":"socrata","owner":"City of Gainesville","spd_class":"LED4000","pole_height_m":3.0,"install_year":2014,"confidence":0.9},"geometry":{"type":"Point","coordinates":[-82.32491,29.6554]}},{"type":"Feature","properties":{"source":"socrata","owner":"City of Gainesville","spd_class":"LED4000","pole_height_m":3.0,"install_year":2014,"confidence":0.9},"geometry":{"type":"Point","coordinates":[-82.32492,29.6555]}},{"type":"Feature","properties":{"source":"socrata","owner":"City of Gainesville","spd_class":"LED4000","pole_height_m":9.1,"install_year":2014,"confidence":0.9},"geometry":{"type":"Point","coordinates":[-82.32507,29.64508]}},{"type":"Feature","properties":{"source":"socrata","owner":"City of Gainesville","spd_class":"LED4000","pole_height_m":9.1,"install_year":2014,"confidence":0.9},"geometry":{"type":"Point","coordinates":[-82.32485,29.64527]}},{"type":"Feature","properties":{"source":"socrata","owner":"City of Gainesville","spd_class":"LED4000","pole_height_m":9.1,"install_year":2014,"confidence":0.9},"geometry":{"type":"Point","coordinates":[-82.32507,29.64543]}},{"type":"Feature","properties":{"source":"socrata","owner":"City of Gainesville","spd_class":"LED4000","pole_height_m":9.1,"install_year":2014,"confidence":0.9},"geometry":{"type":"Point","coordinates":[-82.32486,29.64563]}},{"type":"Feature","properties":{"source":"socrata","owner":"City of Gainesville","spd_class":"LED4000","pole_height_m":9.1,"install_year":2014,"confidence":0.9},"geometry":{"type":"Point","coordinates":[-82.32486,29.64584]}},{"type":"Feature","properties":{"source":"socrata","owner":"City of Gainesville","spd_class":"LED4000","pole_height_m":9.1,"install_year":2014,"confidence":0.9},"geometry":{"type":"Point","coordinates":[-82.32508,29.64604]}},{"type":"Feature","properties":{"source":"socrata","owner":"City of Gainesville","spd_class":"LED4000","pole_height_m":9.1,"install_year":2014,"confidence":0.9},"geometry":{"type":"Point","coordinates":[-82.32486,29.64624]}},{"type":"Feature","properties":{"source":"socrata","owner":"City of Gainesville","spd_class":"LED4000","pole_height_m":9.1,"install_year":2014,"confidence":0.9},"geometry":{"type":"Point","coordinates":[-82.32507,29.64655]}},{"type":"Feature","properties":{"source":"socrata","owner":"City of Gainesville","spd_class":"LED4000","pole_height_m":9.1,"install_year":2014,"confidence":0.9},"geometry":{"type":"Point","coordinates":[-82.32487,29.64659]}},{"type":"Feature","properties":{"source":"socrata","owner":"City of Gainesville","spd_class":"LED4000","pole_height_m":9.1,"install_year":2014,"confidence":0.9},"geometry":{"type":"Point","coordinates":[-82.32487,29.64696]}},{"type":"Feature","properties":{"source":"socrata","owner":"City of Gainesville","spd_class":"LED4000","pole_height_m":9.1,"install_year":2014,"confidence":0.9},"geometry":{"type":"Point","coordinates":[-82.32507,29.647]}},{"type":"Feature","properties":{"source":"socrata","owner":"City of Gainesville","spd_class":"LED4000","pole_height_m":9.1,"install_year":2014,"confidence":0.9},"geometry":{"type":"Point","coordinates":[-82.32487,29.64742]}},{"type":"Feature","properties":{"source":"socrata","owner":"City of Gainesville","spd_class":"LED4000","pole_height_m":9.1,"install_year":2014,"confidence":0.9},"geometry":{"type":"Point","coordinates":[-82.32488,29.64794]}},{"type":"Feature","properties":{"source":"socrata","owner":"City of Gainesville","spd_class":"LED4000","pole_height_m":9.1,"install_year":2014,"confidence":0.9},"geometry":{"type":"Point","coordinates":[-82.3249,29.64816]}},{"type":"Feature","properties":{"source":"socrata","owner":"City of Gainesville","spd_class":"LED4000","pole_height_m":9.1,"install_year":2014,"confidence":0.9},"geometry":{"type":"Point","coordinates":[-82.32506,29.64992]}},{"type":"Feature","properties":{"source":"socrata","owner":"City of Gainesville","spd_class":"LED4000","pole_height_m":9.1,"install_year":2014,"confidence":0.9},"geometry":{"type":"Point","coordinates":[-82.32517,29.65094]}},{"type":"Feature","properties":{"source":"socrata","owner":"City of Gainesville","spd_class":"LED4000","pole_height_m":9.1,"install_year":2014,"confidence":0.9},"geometry":{"type":"Point","coordinates":[-82.32512,29.65352]}},{"type":"Feature","properties":{"source":"socrata","owner":"City of Gainesville","spd_class":"LED4000","pole_height_m":9.1,"install_year":2014,"confidence":0.9},"geometry":{"type":"Point","coordinates":[-82.32511,29.65391]}},{"type":"Feature","properties":{"source":"socrata","owner":"City of Gainesville","spd_class":"LED4000","pole_height_m":9.1,"install_year":2014,"confidence":0.9},"geometry":{"type":"Point","coordinates":[-82.32492,29.65407]}},{"type":"Feature","properties":{"source":"socrata","owner":"City of Gainesville","spd_class":"LED4000","pole_height_m":9.1,"install_year":2014,"confidence":0.9},"geometry":{"type":"Point","coordinates":[-82.32511,29.6542]}},{"type":"Feature","properties":{"source":"socrata","owner":"City of Gainesville","spd_class":"LED4000","pole_height_m":9.1,"install_year":2014,"confidence":0.9},"geometry":{"type":"Point","coordinates":[-82.3249,29.65519]}},{"type":"Feature","properties":{"source":"socrata","owner":"City of Gainesville","spd_class":"LED4000","pole_height_m":9.1,"install_year":2014,"confidence":0.9},"geometry":{"type":"Point","coordinates":[-82.32511,29.65517]}},{"type":"Feature","properties":{"source":"socrata","owner":"City of Gainesville","spd_class":"LED4000","pole_height_m":9.1,"install_year":2014,"confidence":0.9},"geometry":{"type":"Point","coordinates":[-82.3251,29.65481]}},{"type":"Feature","properties":{"source":"socrata","owner":"City of Gainesville","spd_class":"LED4000","pole_height_m":9.1,"install_year":2014,"confidence":0.9},"geometry":{"type":"Point","coordinates":[-82.32491,29.6557]}},{"type":"Feature","properties":{"source":"socrata","owner":"City of Gainesville","spd_class":"LED4000","pole_height_m":9.1,"install_year":2014,"confidence":0.9},"geometry":{"type":"Point","coordinates":[-82.32511,29.65603]}},{"type":"Feature","properties":{"source":"socrata","owner":"City of Gainesville","spd_class":"LED4000","pole_height_m":9.1,"install_year":2014,"confidence":0.9},"geometry":{"type":"Point","coordinates":[-82.32512,29.65631]}},{"type":"Feature","properties":{"source":"socrata","owner":"City of Gainesville","spd_class":"LED4000","pole_height_m":9.1,"install_year":2014,"confidence":0.9},"geometry":{"type":"Point","coordinates":[-82.32511,29.65662]}},{"type":"Feature","properties":{"source":"socrata","owner":"City of Gainesville","spd_class":"LED4000","pole_height_m":9.1,"install_year":2014,"confidence":0.9},"geometry":{"type":"Point","coordinates":[-82.32511,29.65699]}},{"type":"Feature","properties":{"source":"socrata","owner":"City of Gainesville","spd_class":"LED4000","pole_height_m":9.1,"install_year":2014,"confidence":0.9},"geometry":{"type":"Point","coordinates":[-82.3249,29.65709]}},{"type":"Feature","properties":{"source":"socrata","owner":"City of Gainesville","spd_class":"LED4000","pole_height_m":9.1,"install_year":2014,"confidence":0.9},"geometry":{"type":"Point","coordinates":[-82.32512,29.65751]}},{"type":"Feature","properties":{"source":"socrata","owner":"City of Gainesville","spd_class":"LED4000","pole_height_m":9.1,"install_year":2014,"confidence":0.9},"geometry":{"type":"Point","coordinates":[-82.32493,29.65795]}},{"type":"Feature","properties":{"source":"socrata","owner":"City of Gainesville","spd_class":"LED4000","pole_height_m":9.1,"install_year":2014,"confidence":0.9},"geometry":{"type":"Point","coordinates":[-82.32512,29.65814]}},{"type":"Feature","properties":{"source":"socrata","owner":"City of Gainesville","spd_class":"LED4000","pole_height_m":9.1,"install_year":2014,"confidence":0.9},"geometry":{"type":"Point","coordinates":[-82.32492,29.65826]}},{"type":"Feature","properties":{"source":"socrata","owner":"City of Gainesville","spd_class":"LED4000","pole_height_m":9.1,"install_year":2014,"confidence":0.9},"geometry":{"type":"Point","coordinates":[-82.32512,29.65856]}},{"type":"Feature","properties":{"source":"socrata","owner":"City of Gainesville","spd_class":"LED4000","pole_height_m":9.1,"install_year":2014,"confidence":0.9},"geometry":{"type":"Point","coordinates":[-82.32489,29.65676]}},{"type":"Feature","properties":{"source":"socrata","owner":"City of Gainesville","spd_class":"LED4000","pole_height_m":9.1,"install_year":2014,"confidence":0.9},"geometry":{"type":"Point","coordinates":[-82.32513,29.65562]}},{"type":"Feature","properties":{"source":"socrata","owner":"City of Gainesville","spd_class":"LED4000","pole_height_m":9.1,"install_year":2014,"confidence":0.9},"geometry":{"type":"Point","coordinates":[-82.32491,29.65646]}},{"type":"Feature","properties":{"source":"socrata","owner":"City of Gainesville","spd_class":"LED4000","pole_height_m":9.1,"install_year":2014,"confidence":0.9},"geometry":{"type":"Point","coordinates":[-82.3249,29.65478]}},{"type":"Feature","properties":{"source":"socrata","owner":"City of Gainesville","spd_class":"LED4000","pole_height_m":9.1,"install_year":2014,"confidence":0.9},"geometry":{"type":"Point","coordinates":[-82.32512,29.65455]}},{"type":"Feature","properties":{"source":"socrata","owner":"City of Gainesville","spd_class":"LED4000","pole_height_m":9.1,"install_year":2014,"confidence":0.9},"geometry":{"type":"Point","coordinates":[-82.32489,29.65369]}},{"type":"Feature","properties":{"source":"socrata","owner":"City of Gainesville","spd_class":"LED4000","pole_height_m":9.1,"install_year":2014,"confidence":0.9},"geometry":{"type":"Point","coordinates":[-82.32489,29.64972]}},{"type":"Feature","properties":{"source":"socrata","owner":"City of Gainesville","spd_class":"LED4000","pole_height_m":9.1,"install_year":2014,"confidence":0.9},"geometry":{"type":"Point","coordinates":[-82.3251,29.64956]}},{"type":"Feature","properties":{"source":"socrata","owner":"City of Gainesville","spd_class":"LED4000","pole_height_m":9.1,"install_year":2014,"confidence":0.9},"geometry":{"type":"Point","coordinates":[-82.3251,29.64909]}},{"type":"Feature","properties":{"source":"socrata","owner":"City of Gainesville","spd_class":"LED4000","pole_height_m":9.1,"install_year":2014,"confidence":0.9},"geometry":{"type":"Point","coordinates":[-82.32488,29.64888]}},{"type":"Feature","properties":{"source":"socrata","owner":"City of Gainesville","spd_class":"LED4000","pole_height_m":9.1,"install_year":2014,"confidence":0.9},"geometry":{"type":"Point","coordinates":[-82.3251,29.64867]}},{"type":"Feature","properties":{"source":"socrata","owner":"City of Gainesville","spd_class":"LED4000","pole_height_m":9.1,"install_year":2014,"confidence":0.9},"geometry":{"type":"Point","coordinates":[-82.32511,29.64797]}},{"type":"Feature","properties":{"source":"socrata","owner":"City of Gainesville","spd_class":"LED4000","pole_height_m":9.1,"install_year":2014,"confidence":0.9},"geometry":{"type":"Point","coordinates":[-82.32512,29.64764]}},{"type":"Feature","properties":{"source":"socrata","owner":"City of Gainesville","spd_class":"LED4000","pole_height_m":9.1,"install_year":2014,"confidence":0.9},"geometry":{"type":"Point","coordinates":[-82.32512,29.64735]}},{"type":"Feature","properties":{"source":"socrata","owner":"City of Gainesville","spd_class":"LED4000","pole_height_m":9.1,"install_year":2014,"confidence":0.9},"geometry":{"type":"Point","coordinates":[-82.32515,29.64831]}},{"type":"Feature","properties":{"source":"socrata","owner":"City of Gainesville","spd_class":"LED4000","pole_height_m":9.1,"install_year":2014,"confidence":0.9},"geometry":{"type":"Point","coordinates":[-82.3248,29.64829]}},{"type":"Feature","properties":{"source":"socrata","owner":"City of Gainesville","spd_class":"LED4000","pole_height_m":9.1,"install_year":2014,"confidence":0.9},"geometry":{"type":"Point","coordinates":[-82.32488,29.65908]}},{"type":"Feature","properties":{"source":"socrata","owner":"City of Gainesville","spd_class":"LED4000","pole_height_m":9.1,"install_year":2014,"confidence":0.9},"geometry":{"type":"Point","coordinates":[-82.32514,29.65899]}},{"type":"Feature","properties":{"source":"socrata","owner":"City of Gainesville","spd_class":"LED4000","pole_height_m":9.1,"install_year":2014,"confidence":0.9},"geometry":{"type":"Point","coordinates":[-82.32491,29.65864]}},{"type":"Feature","properties":{"source":"socrata","owner":"City of Gainesville","spd_class":"LED4000","pole_height_m":9.1,"install_year":2014,"confidence":0.9},"geometry":{"type":"Point","coordinates":[-82.32491,29.65751]}},{"type":"Feature","properties":{"source":"socrata","owner":"City of Gainesville","spd_class":"LED4000","pole_height_m":2.7,"install_year":2002,"confidence":0.9},"geometry":{"type":"Point","coordinates":[-82.32406,29.65084]}},{"type":"Feature","properties":{"source":"socrata","owner":"City of Gainesville","spd_class":"LED4000","pole_height_m":2.7,"install_year":2003,"confidence":0.9},"geometry":{"type":"Point","coordinates":[-82.32388,29.65095]}},{"type":"Feature","properties":{"source":"socrata","owner":"City of Gainesville","spd_class":"LED4000","pole_height_m":2.7,"install_year":1899,"confidence":0.9},"geometry":{"type":"Point","coordinates":[-82.32384,29.65081]}},{"type":"Feature","properties":{"source":"socrata","owner":"City of Gainesville","spd_class":"LED4000","pole_height_m":3.7,"install_year":1996,"confidence":0.9},"geometry":{"type":"Point","coordinates":[-82.32384,29.65059]}},{"type":"Feature","properties":{"source":"socrata","owner":"City of Gainesville","spd_class":"LED4000","pole_height_m":2.7,"install_year":1997,"confidence":0.9},"geometry":{"type":"Point","coordinates":[-82.32384,29.65039]}},{"type":"Feature","properties":{"source":"socrata","owner":"City of Gainesville","spd_class":"LED4000","pole_height_m":2.7,"install_year":1996,"confidence":0.9},"geometry":{"type":"Point","coordinates":[-82.32403,29.65096]}},{"type":"Feature","properties":{"source":"socrata","owner":"City of Gainesville","spd_class":"LED4000","pole_height_m":2.7,"install_year":1996,"confidence":0.9},"geometry":{"type":"Point","coordinates":[-82.32407,29.65046]}},{"type":"Feature","properties":{"source":"socrata","owner":"City of Gainesville","spd_class":"LED4000","pole_height_m":2.7,"install_year":2003,"confidence":0.9},"geometry":{"type":"Point","coordinates":[-82.32407,29.65066]}},{"type":"Feature","properties":{"source":"socrata","owner":"City of Gainesville","spd_class":"LED4000","pole_height_m":2.7,"install_year":2007,"confidence":0.9},"geometry":{"type":"Point","coordinates":[-82.32406,29.64973]}},{"type":"Feature","properties":{"source":"socrata","owner":"City of Gainesville","spd_class":"LED4000","pole_height_m":2.7,"install_year":2000,"confidence":0.9},"geometry":{"type":"Point","coordinates":[-82.32406,29.6498]}},{"type":"Feature","properties":{"source":"socrata","owner":"City of Gainesville","spd_class":"LED4000","pole_height_m":2.7,"install_year":1899,"confidence":0.9},"geometry":{"type":"Point","coordinates":[-82.32406,29.64989]}},{"type":"Feature","properties":{"source":"socrata","owner":"City of Gainesville","spd_class":"LED4000","pole_height_m":2.7,"install_year":1899,"confidence":0.9},"geometry":{"type":"Point","coordinates":[-82.32406,29.64995]}},{"type":"Feature","properties":{"source":"socrata","owner":"City of Gainesville","spd_class":"LED4000","pole_height_m":2.7,"install_year":1899,"confidence":0.9},"geometry":{"type":"Point","coordinates":[-82.32406,29.65009]}},{"type":"Feature","properties":{"source":"socrata","owner":"City of Gainesville","spd_class":"LED4000","pole_height_m":2.7,"install_year":1899,"confidence":0.9},"geometry":{"type":"Point","coordinates":[-82.32406,29.65016]}},{"type":"Feature","properties":{"source":"socrata","owner":"City of Gainesville","spd_class":"LED4000","pole_height_m":2.7,"install_year":1899,"confidence":0.9},"geometry":{"type":"Point","coordinates":[-82.32388,29.6501]}},{"type":"Feature","properties":{"source":"socrata","owner":"City of Gainesville","spd_class":"LED4000","pole_height_m":2.7,"install_year":2000,"confidence":0.9},"geometry":{"type":"Point","coordinates":[-82.32388,29.65]}},{"type":"Feature","properties":{"source":"socrata","owner":"City of Gainesville","spd_class":"LED4000","pole_height_m":2.7,"install_year":2000,"confidence":0.9},"geometry":{"type":"Point","coordinates":[-82.32388,29.6499]}},{"type":"Feature","properties":{"source":"socrata","owner":"City of Gainesville","spd_class":"LED4000","pole_height_m":2.7,"install_year":2000,"confidence":0.9},"geometry":{"type":"Point","coordinates":[-82.32388,29.64981]}},{"type":"Feature","properties":{"source":"socrata","owner":"City of Gainesville","spd_class":"LED4000","pole_height_m":2.7,"install_year":2000,"confidence":0.9},"geometry":{"type":"Point","coordinates":[-82.32389,29.64974]}},{"type":"Feature","properties":{"source":"socrata","owner":"City of Gainesville","spd_class":"LED4000","pole_height_m":2.7,"install_year":1899,"confidence":0.9},"geometry":{"type":"Point","coordinates":[-82.32403,29.64962]}},{"type":"Feature","properties":{"source":"socrata","owner":"City of Gainesville","spd_class":"LED4000","pole_height_m":2.7,"install_year":2005,"confidence":0.9},"geometry":{"type":"Point","coordinates":[-82.32387,29.64961]}},{"type":"Feature","properties":{"source":"socrata","owner":"City of Gainesville","spd_class":"LED4000","pole_height_m":2.7,"install_year":1996,"confidence":0.9},"geometry":{"type":"Point","coordinates":[-82.32407,29.65075]}},{"type":"Feature","properties":{"source":"socrata","owner":"City of Gainesville","spd_class":"LED4000","pole_height_m":3.7,"install_year":2002,"confidence":0.9},"geometry":{"type":"Point","coordinates":[-82.32384,29.65068]}},{"type":"Feature","properties":{"source":"socrata","owner":"City of Gainesville","spd_class":"LED4000","pole_height_m":3.7,"install_year":2002,"confidence":0.9},"geometry":{"type":"Point","coordinates":[-82.32384,29.65076]}},{"type":"Feature","properties":{"source":"socrata","owner":"City of Gainesville","spd_class":"LED4000","pole_height_m":2.7,"install_year":1995,"confidence":0.9},"geometry":{"type":"Point","coordinates":[-82.32453,29.65112]}},{"type":"Feature","properties":{"source":"socrata","owner":"City of Gainesville","spd_class":"LED4000","pole_height_m":2.7,"install_year":1995,"confidence":0.9},"geometry":{"type":"Point","coordinates":[-82.3264,29.65114]}},{"type":"Feature","properties":{"source":"socrata","owner":"City of Gainesville","spd_class":"LED4000","pole_height_m":3.7,"install_year":1995,"confidence":0.9},"geometry":{"type":"Point","coordinates":[-82.32552,29.65114]}},{"type":"Feature","properties":{"source":"socrata","owner":"City of Gainesville","spd_class":"LED4000","pole_height_m":2.7,"install_year":1995,"confidence":0.9},"geometry":{"type":"Point","coordinates":[-82.3244,29.65114]}},{"type":"Feature","properties":{"source":"socrata","owner":"City of Gainesville","spd_class":"LED4000","pole_height_m":2.7,"install_year":1899,"confidence":0.9},"geometry":{"type":"Point","coordinates":[-82.32374,29.65093]}},{"type":"Feature","properties":{"source":"socrata","owner":"City of Gainesville","spd_class":"LED4000","pole_height_m":2.7,"install_year":1996,"confidence":0.9},"geometry":{"type":"Point","coordinates":[-82.32562,29.65095]}},{"type":"Feature","properties":{"source":"socrata","owner":"City of Gainesville","spd_class":"LED4000","pole_height_m":2.7,"install_year":2000,"confidence":0.9},"geometry":{"type":"Point","coordinates":[-82.32549,29.65095]}},{"type":"Feature","properties":{"source":"socrata","owner":"City of Gainesville","spd_class":"LED4000","pole_height_m":2.7,"install_year":2000,"confidence":0.9},"geometry":{"type":"Point","coordinates":[-82.32526,29.65094]}},{"type":"Feature","properties":{"source":"socrata","owner":"City of Gainesville","spd_class":"LED4000","pole_height_m":3.7,"install_year":1995,"confidence":0.9},"geometry":{"type":"Point","coordinates":[-82.32565,29.65113]}},{"type":"Feature","properties":{"source":"socrata","owner":"City of Gainesville","spd_class":"LED4000","pole_height_m":2.7,"install_year":1995,"confidence":0.9},"geometry":{"type":"Point","coordinates":[-82.32426,29.65114]}},{"type":"Feature","properties":{"source":"socrata","owner":"City of Gainesville","spd_class":"LED4000","pole_height_m":2.7,"install_year":2000,"confidence":0.9},"geometry":{"type":"Point","coordinates":[-82.32446,29.65094]}},{"type":"Feature","properties":{"source":"socrata","owner":"City of Gainesville","spd_class":"LED4000","pole_height_m":2.7,"install_year":1995,"confidence":0.9},"geometry":{"type":"Point","coordinates":[-82.32524,29.65113]}},{"type":"Feature","properties":{"source":"socrata","owner":"City of Gainesville","spd_class":"LED4000","pole_height_m":2.7,"install_year":1995,"confidence":0.9},"geometry":{"type":"Point","coordinates":[-82.32617,29.65113]}},{"type":"Feature","properties":{"source":"socrata","owner":"City of Gainesville","spd_class":"LED4000","pole_height_m":2.7,"install_year":1996,"confidence":0.9},"geometry":{"type":"Point","coordinates":[-82.32599,29.65094]}},{"type":"Feature","properties":{"source":"socrata","owner":"City of Gainesville","spd_class":"LED4000","pole_height_m":2.7,"install_year":1996,"confidence":0.9},"geometry":{"type":"Point","coordinates":[-82.32593,29.65095]}},{"type":"Feature","properties":{"source":"socrata","owner":"City of Gainesville","spd_class":"LED4000","pole_height_m":2.7,"install_year":1995,"confidence":0.9},"geometry":{"type":"Point","coordinates":[-82.32465,29.65112]}},{"type":"Feature","properties":{"source":"socrata","owner":"City of Gainesville","spd_class":"LED4000","pole_height_m":2.7,"install_year":1899,"confidence":0.9},"geometry":{"type":"Point","coordinates":[-82.32342,29.65094]}},{"type":"Feature","properties":{"source":"socrata","owner":"City of Gainesville","spd_class":"LED4000","pole_height_m":2.7,"install_year":1996,"confidence":0.9},"geometry":{"type":"Point","coordinates":[-82.32629,29.65094]}},{"type":"Feature","properties":{"source":"socrata","owner":"City of Gainesville","spd_class":"LED4000","pole_height_m":2.7,"install_year":1996,"confidence":0.9},"geometry":{"type":"Point","coordinates":[-82.32323,29.65095]}},{"type":"Feature","properties":{"source":"socrata","owner":"City of Gainesville","spd_class":"LED4000","pole_height_m":2.7,"install_year":2000,"confidence":0.9},"geometry":{"type":"Point","coordinates":[-82.3243,29.65093]}},{"type":"Feature","properties":{"source":"socrata","owner":"City of Gainesville","spd_class":"LED4000","pole_height_m":2.7,"install_year":2000,"confidence":0.9},"geometry":{"type":"Point","coordinates":[-82.32537,29.65095]}},{"type":"Feature","properties":{"source":"socrata","owner":"City of Gainesville","spd_class":"LED4000","pole_height_m":2.7,"install_year":1996,"confidence":0.9},"geometry":{"type":"Point","coordinates":[-82.32415,29.65094]}},{"type":"Feature","properties":{"source":"socrata","owner":"City of Gainesville","spd_class":"LED4000","pole_height_m":3.7,"install_year":1995,"confidence":0.9},"geometry":{"type":"Point","coordinates":[-82.32541,29.65114]}},{"type":"Feature","properties":{"source":"socrata","owner":"City of Gainesville","spd_class":"LED4000","pole_height_m":3.7,"install_year":1995,"confidence":0.9},"geometry":{"type":"Point","coordinates":[-82.32574,29.65113]}},{"type":"Feature","properties":{"source":"socrata","owner":"City of Gainesville","spd_class":"LED4000","pole_height_m":null,"install_year":1899,"confidence":0.9},"geometry":{"type":"Point","coordinates":[-82.32605,29.65097]}},{"type":"Feature","properties":{"source":"socrata","owner":"City of Gainesville","spd_class":"LED4000","pole_height_m":null,"install_year":1899,"confidence":0.9},"geometry":{"type":"Point","coordinates":[-82.32646,29.65094]}},{"type":"Feature","properties":{"source":"socrata","owner":"City of Gainesville","spd_class":"LED4000","pole_height_m":null,"install_year":1899,"confidence":0.9},"geometry":{"type":"Point","coordinates":[-82.32652,29.65112]}},{"type":"Feature","properties":{"source":"socrata","owner":"City of Gainesville","spd_class":"LED4000","pole_height_m":null,"install_year":1899,"confidence":0.9},"geometry":{"type":"Point","coordinates":[-82.32622,29.65112]}},{"type":"Feature","properties":{"source":"socrata","owner":"City of Gainesville","spd_class":"LED4000","pole_height_m":null,"install_year":1899,"confidence":0.9},"geometry":{"type":"Point","coordinates":[-82.3259,29.65112]}},{"type":"Feature","properties":{"source":"socrata","owner":"City of Gainesville","spd_class":"LED4000","pole_height_m":null,"install_year":1899,"confidence":0.9},"geometry":{"type":"Point","coordinates":[-82.3256,29.6511]}},{"type":"Feature","properties":{"source":"socrata","owner":"City of Gainesville","spd_class":"LED4000","pole_height_m":null,"install_year":1899,"confidence":0.9},"geometry":{"type":"Point","coordinates":[-82.3253,29.6511]}},{"type":"Feature","properties":{"source":"socrata","owner":"City of Gainesville","spd_class":"LED4000","pole_height_m":null,"install_year":1899,"confidence":0.9},"geometry":{"type":"Point","coordinates":[-82.3264,29.65098]}},{"type":"Feature","properties":{"source":"socrata","owner":"City of Gainesville","spd_class":"LED4000","pole_height_m":null,"install_year":1899,"confidence":0.9},"geometry":{"type":"Point","coordinates":[-82.32575,29.65096]}},{"type":"Feature","properties":{"source":"socrata","owner":"City of Gainesville","spd_class":"LED4000","pole_height_m":null,"install_year":1899,"confidence":0.9},"geometry":{"type":"Point","coordinates":[-82.32516,29.65098]}},{"type":"Feature","properties":{"source":"socrata","owner":"City of Gainesville","spd_class":"LED4000","pole_height_m":null,"install_year":1899,"confidence":0.9},"geometry":{"type":"Point","coordinates":[-82.32478,29.65111]}},{"type":"Feature","properties":{"source":"socrata","owner":"City of Gainesville","spd_class":"LED4000","pole_height_m":null,"install_year":1899,"confidence":0.9},"geometry":{"type":"Point","coordinates":[-82.32481,29.65098]}},{"type":"Feature","properties":{"source":"socrata","owner":"City of Gainesville","spd_class":"LED4000","pole_height_m":null,"install_year":1899,"confidence":0.9},"geometry":{"type":"Point","coordinates":[-82.32439,29.65096]}},{"type":"Feature","properties":{"source":"socrata","owner":"City of Gainesville","spd_class":"LED4000","pole_height_m":null,"install_year":1899,"confidence":0.9},"geometry":{"type":"Point","coordinates":[-82.33172,29.64541]}},{"type":"Feature","properties":{"source":"socrata","owner":"City of Gainesville","spd_class":"LED4000","pole_height_m":null,"install_year":1899,"confidence":0.9},"geometry":{"type":"Point","coordinates":[-82.33182,29.64558]}},{"type":"Feature","properties":{"source":"socrata","owner":"City of Gainesville","spd_class":"LED4000","pole_height_m":null,"install_year":1899,"confidence":0.9},"geometry":{"type":"Point","coordinates":[-82.33197,29.64575]}},{"type":"Feature","properties":{"source":"socrata","owner":"City of Gainesville","spd_class":"LED4000","pole_height_m":null,"install_year":1899,"confidence":0.9},"geometry":{"type":"Point","coordinates":[-82.3321,29.64599]}},{"type":"Feature","properties":{"source":"socrata","owner":"City of Gainesville","spd_class":"LED4000","pole_height_m":null,"install_year":1899,"confidence":0.9},"geometry":{"type":"Point","coordinates":[-82.33221,29.64617]}},{"type":"Feature","properties":{"source":"socrata","owner":"City of Gainesville","spd_class":"LED4000","pole_height_m":null,"install_year":1899,"confidence":0.9},"geometry":{"type":"Point","coordinates":[-82.33221,29.64642]}},{"type":"Feature","properties":{"source":"socrata","owner":"City of Gainesville","spd_class":"LED4000","pole_height_m":null,"install_year":1899,"confidence":0.9},"geometry":{"type":"Point","coordinates":[-82.33223,29.64661]}},{"type":"Feature","properties":{"source":"socrata","owner":"City of Gainesville","spd_class":"LED4000","pole_height_m":null,"install_year":1899,"confidence":0.9},"geometry":{"type":"Point","coordinates":[-82.33223,29.64689]}},{"type":"Feature","properties":{"source":"socrata","owner":"City of Gainesville","spd_class":"LED4000","pole_height_m":null,"install_year":1899,"confidence":0.9},"geometry":{"type":"Point","coordinates":[-82.3322,29.6471]}},{"type":"Feature","properties":{"source":"socrata","owner":"City of Gainesville","spd_class":"LED4000","pole_height_m":null,"install_year":1899,"confidence":0.9},"geometry":{"type":"Point","coordinates":[-82.33201,29.64702]}},{"type":"Feature","properties":{"source":"socrata","owner":"City of Gainesville","spd_class":"LED4000","pole_height_m":null,"install_year":1899,"confidence":0.9},"geometry":{"type":"Point","coordinates":[-82.3318,29.64687]}},{"type":"Feature","properties":{"source":"socrata","owner":"City of Gainesville","spd_class":"LED4000","pole_height_m":null,"install_year":1899,"confidence":0.9},"geometry":{"type":"Point","coordinates":[-82.33161,29.64689]}},{"type":"Feature","properties":{"source":"socrata","owner":"City of Gainesville","spd_class":"LED4000","pole_height_m":null,"install_year":1899,"confidence":0.9},"geometry":{"type":"Point","coordinates":[-82.33146,29.64704]}},{"type":"Feature","properties":{"source":"socrata","owner":"City of Gainesville","spd_class":"LED4000","pole_height_m":null,"install_year":1899,"confidence":0.9},"geometry":{"type":"Point","coordinates":[-82.33167,29.6467]}},{"type":"Feature","properties":{"source":"socrata","owner":"City of Gainesville","spd_class":"LED4000","pole_height_m":null,"install_year":1899,"confidence":0.9},"geometry":{"type":"Point","coordinates":[-82.3316,29.64653]}},{"type":"Feature","properties":{"source":"socrata","owner":"City of Gainesville","spd_class":"LED4000","pole_height_m":null,"install_year":1899,"confidence":0.9},"geometry":{"type":"Point","coordinates":[-82.33156,29.64631]}},{"type":"Feature","properties":{"source":"socrata","owner":"City of Gainesville","spd_class":"LED4000","pole_height_m":null,"install_year":1899,"confidence":0.9},"geometry":{"type":"Point","coordinates":[-82.33153,29.64609]}},{"type":"Feature","properties":{"source":"socrata","owner":"City of Gainesville","spd_class":"LED4000","pole_height_m":null,"install_year":1899,"confidence":0.9},"geometry":{"type":"Point","coordinates":[-82.33147,29.64588]}},{"type":"Feature","properties":{"source":"socrata","owner":"City of Gainesville","spd_class":"LED4000","pole_height_m":null,"install_year":1899,"confidence":0.9},"geometry":{"type":"Point","coordinates":[-82.33145,29.64561]}},{"type":"Feature","properties":{"source":"socrata","owner":"City of Gainesville","spd_class":"LED4000","pole_height_m":null,"install_year":1899,"confidence":0.9},"geometry":{"type":"Point","coordinates":[-82.33149,29.64541]}},{"type":"Feature","properties":{"source":"socrata","owner":"City of Gainesville","spd_class":"LED4000","pole_height_m":null,"install_year":1899,"confidence":0.9},"geometry":{"type":"Point","coordinates":[-82.33957,29.65389]}},{"type":"Feature","properties":{"source":"socrata","owner":"City of Gainesville","spd_class":"LED4000","pole_height_m":null,"install_year":1899,"confidence":0.9},"geometry":{"type":"Point","coordinates":[-82.33979,29.65388]}},{"type":"Feature","properties":{"source":"socrata","owner":"City of Gainesville","spd_class":"LED4000","pole_height_m":null,"install_year":1899,"confidence":0.9},"geometry":{"type":"Point","coordinates":[-82.34012,29.65388]}},{"type":"Feature","properties":{"source":"socrata","owner":"City of Gainesville","spd_class":"LED4000","pole_height_m":null,"install_year":1899,"confidence":0.9},"geometry":{"type":"Point","coordinates":[-82.3403,29.65388]}},{"type":"Feature","properties":{"source":"socrata","owner":"City of Gainesville","spd_class":"LED4000","pole_height_m":null,"install_year":1899,"confidence":0.9},"geometry":{"type":"Point","coordinates":[-82.34044,29.65376]}},{"type":"Feature","properties":{"source":"socrata","owner":"City of Gainesville","spd_class":"LED4000","pole_height_m":null,"install_year":1899,"confidence":0.9},"geometry":{"type":"Point","coordinates":[-82.34045,29.65353]}},{"type":"Feature","properties":{"source":"socrata","owner":"City of Gainesville","spd_class":"LED4000","pole_height_m":null,"install_year":1899,"confidence":0.9},"geometry":{"type":"Point","coordinates":[-82.34044,29.65328]}},{"type":"Feature","properties":{"source":"socrata","owner":"City of Gainesville","spd_class":"LED4000","pole_height_m":null,"install_year":1899,"confidence":0.9},"geometry":{"type":"Point","coordinates":[-82.34045,29.65315]}},{"type":"Feature","properties":{"source":"socrata","owner":"City of Gainesville","spd_class":"LED4000","pole_height_m":null,"install_year":1899,"confidence":0.9},"geometry":{"type":"Point","coordinates":[-82.34045,29.65303]}},{"type":"Feature","properties":{"source":"socrata","owner":"City of Gainesville","spd_class":"LED4000","pole_height_m":null,"install_year":1899,"confidence":0.9},"geometry":{"type":"Point","coordinates":[-82.34044,29.65289]}},{"type":"Feature","properties":{"source":"socrata","owner":"City of Gainesville","spd_class":"LED4000","pole_height_m":null,"install_year":1899,"confidence":0.9},"geometry":{"type":"Point","coordinates":[-82.34055,29.65293]}},{"type":"Feature","properties":{"source":"socrata","owner":"City of Gainesville","spd_class":"LED4000","pole_height_m":null,"install_year":1899,"confidence":0.9},"geometry":{"type":"Point","coordinates":[-82.34058,29.6532]}},{"type":"Feature","properties":{"source":"socrata","owner":"City of Gainesville","spd_class":"LED4000","pole_height_m":null,"install_year":1899,"confidence":0.9},"geometry":{"type":"Point","coordinates":[-82.34057,29.6534]}},{"type":"Feature","properties":{"source":"socrata","owner":"City of Gainesville","spd_class":"LED4000","pole_height_m":null,"install_year":1899,"confidence":0.9},"geometry":{"type":"Point","coordinates":[-82.34056,29.6536]}},{"type":"Feature","properties":{"source":"socrata","owner":"City of Gainesville","spd_class":"LED4000","pole_height_m":null,"install_year":1899,"confidence":0.9},"geometry":{"type":"Point","coordinates":[-82.34057,29.65386]}},{"type":"Feature","properties":{"source":"osm","owner":null,"spd_class":null,"pole_height_m":null,"install_year":null,"confidence":0.6},"geometry":{"type":"Point","coordinates":[-82.0668,29.13879]}},{"type":"Feature","properties":{"source":"osm","owner":null,"spd_class":null,"pole_height_m":null,"install_year":null,"confidence":0.6},"geometry":{"type":"Point","coordinates":[-81.80633,30.23447]}},{"type":"Feature","properties":{"source":"osm","owner":null,"spd_class":null,"pole_height_m":null,"install_year":null,"confidence":0.6},"geometry":{"type":"Point","coordinates":[-81.80636,30.23404]}},{"type":"Feature","properties":{"source":"osm","owner":null,"spd_class":null,"pole_height_m":null,"install_year":null,"confidence":0.6},"geometry":{"type":"Point","coordinates":[-81.80634,30.23424]}},{"type":"Feature","properties":{"source":"osm","owner":null,"spd_class":null,"pole_height_m":null,"install_year":null,"confidence":0.6},"geometry":{"type":"Point","coordinates":[-81.80656,30.2339]}},{"type":"Feature","properties":{"source":"osm","owner":null,"spd_class":null,"pole_height_m":null,"install_year":null,"confidence":0.6},"geometry":{"type":"Point","coordinates":[-81.80704,30.23396]}},{"type":"Feature","properties":{"source":"osm","owner":null,"spd_class":null,"pole_height_m":null,"install_year":null,"confidence":0.6},"geometry":{"type":"Point","coordinates":[-81.80716,30.2345]}},{"type":"Feature","properties":{"source":"osm","owner":null,"spd_class":null,"pole_height_m":null,"install_year":null,"confidence":0.6},"geometry":{"type":"Point","coordinates":[-81.8077,30.23419]}},{"type":"Feature","properties":{"source":"osm","owner":null,"spd_class":null,"pole_height_m":null,"install_year":null,"confidence":0.6},"geometry":{"type":"Point","coordinates":[-81.8077,30.23396]}},{"type":"Feature","properties":{"source":"osm","owner":null,"spd_class":null,"pole_height_m":null,"install_year":null,"confidence":0.6},"geometry":{"type":"Point","coordinates":[-81.80731,30.23395]}},{"type":"Feature","properties":{"source":"osm","owner":null,"spd_class":null,"pole_height_m":null,"install_year":null,"confidence":0.6},"geometry":{"type":"Point","coordinates":[-81.80688,30.23387]}},{"type":"Feature","properties":{"source":"osm","owner":null,"spd_class":null,"pole_height_m":null,"install_year":null,"confidence":0.6},"geometry":{"type":"Point","coordinates":[-81.80813,30.23387]}},{"type":"Feature","properties":{"source":"osm","owner":null,"spd_class":null,"pole_height_m":null,"install_year":null,"confidence":0.6},"geometry":{"type":"Point","coordinates":[-81.80871,30.23431]}},{"type":"Feature","properties":{"source":"osm","owner":null,"spd_class":null,"pole_height_m":null,"install_year":null,"confidence":0.6},"geometry":{"type":"Point","coordinates":[-81.80834,30.2347]}},{"type":"Feature","properties":{"source":"osm","owner":null,"spd_class":null,"pole_height_m":null,"install_year":null,"confidence":0.6},"geometry":{"type":"Point","coordinates":[-81.80796,30.2347]}},{"type":"Feature","properties":{"source":"osm","owner":null,"spd_class":null,"pole_height_m":null,"install_year":null,"confidence":0.6},"geometry":{"type":"Point","coordinates":[-81.8077,30.23449]}},{"type":"Feature","properties":{"source":"osm","owner":null,"spd_class":null,"pole_height_m":null,"install_year":null,"confidence":0.6},"geometry":{"type":"Point","coordinates":[-81.8071,30.23414]}},{"type":"Feature","properties":{"source":"osm","owner":null,"spd_class":null,"pole_height_m":null,"install_year":null,"confidence":0.6},"geometry":{"type":"Point","coordinates":[-82.52809,29.53151]}},{"type":"Feature","properties":{"source":"osm","owner":null,"spd_class":null,"pole_height_m":null,"install_year":null,"confidence":0.6},"geometry":{"type":"Point","coordinates":[-82.52802,29.53155]}},{"type":"Feature","properties":{"source":"osm","owner":null,"spd_class":null,"pole_height_m":null,"install_year":null,"confidence":0.6},"geometry":{"type":"Point","coordinates":[-82.52795,29.5316]}},{"type":"Feature","properties":{"source":"osm","owner":null,"spd_class":null,"pole_height_m":null,"install_year":null,"confidence":0.6},"geometry":{"type":"Point","coordinates":[-82.52876,29.5319]}},{"type":"Feature","properties":{"source":"osm","owner":null,"spd_class":null,"pole_height_m":null,"install_year":null,"confidence":0.6},"geometry":{"type":"Point","coordinates":[-82.5286,29.53171]}},{"type":"Feature","properties":{"source":"osm","owner":null,"spd_class":null,"pole_height_m":null,"install_year":null,"confidence":0.6},"geometry":{"type":"Point","coordinates":[-82.52843,29.53153]}},{"type":"Feature","properties":{"source":"osm","owner":null,"spd_class":null,"pole_height_m":null,"install_year":null,"confidence":0.6},"geometry":{"type":"Point","coordinates":[-82.52868,29.53106]}},{"type":"Feature","properties":{"source":"osm","owner":null,"spd_class":null,"pole_height_m":null,"install_year":null,"confidence":0.6},"geometry":{"type":"Point","coordinates":[-82.57939,29.97964]}},{"type":"Feature","properties":{"source":"osm","owner":null,"spd_class":null,"pole_height_m":null,"install_year":null,"confidence":0.6},"geometry":{"type":"Point","coordinates":[-82.57915,29.97906]}},{"type":"Feature","properties":{"source":"osm","owner":null,"spd_class":null,"pole_height_m":null,"install_year":null,"confidence":0.6},"geometry":{"type":"Point","coordinates":[-82.57893,29.97851]}},{"type":"Feature","properties":{"source":"osm","owner":null,"spd_class":null,"pole_height_m":null,"install_year":null,"confidence":0.6},"geometry":{"type":"Point","coordinates":[-82.5787,29.97794]}},{"type":"Feature","properties":{"source":"osm","owner":null,"spd_class":null,"pole_height_m":null,"install_year":null,"confidence":0.6},"geometry":{"type":"Point","coordinates":[-82.57848,29.97737]}},{"type":"Feature","properties":{"source":"osm","owner":null,"spd_class":null,"pole_height_m":null,"install_year":null,"confidence":0.6},"geometry":{"type":"Point","coordinates":[-82.57852,29.97693]}},{"type":"Feature","properties":{"source":"osm","owner":null,"spd_class":null,"pole_height_m":null,"install_year":null,"confidence":0.6},"geometry":{"type":"Point","coordinates":[-82.57963,29.97859]}},{"type":"Feature","properties":{"source":"osm","owner":null,"spd_class":null,"pole_height_m":null,"install_year":null,"confidence":0.6},"geometry":{"type":"Point","coordinates":[-82.5794,29.97802]}},{"type":"Feature","properties":{"source":"osm","owner":null,"spd_class":null,"pole_height_m":null,"install_year":null,"confidence":0.6},"geometry":{"type":"Point","coordinates":[-82.58001,29.97976]}},{"type":"Feature","properties":{"source":"osm","owner":null,"spd_class":null,"pole_height_m":null,"install_year":null,"confidence":0.6},"geometry":{"type":"Point","coordinates":[-82.57977,29.98006]}},{"type":"Feature","properties":{"source":"osm","owner":null,"spd_class":null,"pole_height_m":null,"install_year":null,"confidence":0.6},"geometry":{"type":"Point","coordinates":[-82.57999,29.98046]}},{"type":"Feature","properties":{"source":"osm","owner":null,"spd_class":null,"pole_height_m":null,"install_year":null,"confidence":0.6},"geometry":{"type":"Point","coordinates":[-82.57998,29.98085]}},{"type":"Feature","properties":{"source":"osm","owner":null,"spd_class":null,"pole_height_m":null,"install_year":null,"confidence":0.6},"geometry":{"type":"Point","coordinates":[-82.57719,29.97711]}},{"type":"Feature","properties":{"source":"osm","owner":null,"spd_class":null,"pole_height_m":null,"install_year":null,"confidence":0.6},"geometry":{"type":"Point","coordinates":[-82.57707,29.97651]}},{"type":"Feature","properties":{"source":"osm","owner":null,"spd_class":null,"pole_height_m":null,"install_year":null,"confidence":0.6},"geometry":{"type":"Point","coordinates":[-82.57713,29.97588]}},{"type":"Feature","properties":{"source":"osm","owner":null,"spd_class":null,"pole_height_m":null,"install_year":null,"confidence":0.6},"geometry":{"type":"Point","coordinates":[-82.57711,29.97549]}},{"type":"Feature","properties":{"source":"osm","owner":null,"spd_class":null,"pole_height_m":null,"install_year":null,"confidence":0.6},"geometry":{"type":"Point","coordinates":[-82.57694,29.97489]}},{"type":"Feature","properties":{"source":"osm","owner":null,"spd_class":null,"pole_height_m":null,"install_year":null,"confidence":0.6},"geometry":{"type":"Point","coordinates":[-82.57767,29.97662]}},{"type":"Feature","properties":{"source":"osm","owner":null,"spd_class":null,"pole_height_m":null,"install_year":null,"confidence":0.6},"geometry":{"type":"Point","coordinates":[-82.57791,29.97721]}},{"type":"Feature","properties":{"source":"osm","owner":null,"spd_class":null,"pole_height_m":null,"install_year":null,"confidence":0.6},"geometry":{"type":"Point","coordinates":[-82.57813,29.97776]}},{"type":"Feature","properties":{"source":"osm","owner":null,"spd_class":null,"pole_height_m":null,"install_year":null,"confidence":0.6},"geometry":{"type":"Point","coordinates":[-82.57836,29.97833]}},{"type":"Feature","properties":{"source":"osm","owner":null,"spd_class":null,"pole_height_m":null,"install_year":null,"confidence":0.6},"geometry":{"type":"Point","coordinates":[-82.57857,29.97889]}},{"type":"Feature","properties":{"source":"osm","owner":null,"spd_class":null,"pole_height_m":null,"install_year":null,"confidence":0.6},"geometry":{"type":"Point","coordinates":[-82.57837,29.97932]}},{"type":"Feature","properties":{"source":"osm","owner":null,"spd_class":null,"pole_height_m":null,"install_year":null,"confidence":0.6},"geometry":{"type":"Point","coordinates":[-82.57788,29.97882]}},{"type":"Feature","properties":{"source":"osm","owner":null,"spd_class":null,"pole_height_m":null,"install_year":null,"confidence":0.6},"geometry":{"type":"Point","coordinates":[-82.57764,29.97824]}},{"type":"Feature","properties":{"source":"osm","owner":null,"spd_class":null,"pole_height_m":null,"install_year":null,"confidence":0.6},"geometry":{"type":"Point","coordinates":[-82.57742,29.97768]}},{"type":"Feature","properties":{"source":"osm","owner":null,"spd_class":null,"pole_height_m":null,"install_year":null,"confidence":0.6},"geometry":{"type":"Point","coordinates":[-82.36433,29.59158]}},{"type":"Feature","properties":{"source":"osm","owner":null,"spd_class":null,"pole_height_m":null,"install_year":null,"confidence":0.6},"geometry":{"type":"Point","coordinates":[-82.3642,29.59099]}},{"type":"Feature","properties":{"source":"osm","owner":null,"spd_class":null,"pole_height_m":null,"install_year":null,"confidence":0.6},"geometry":{"type":"Point","coordinates":[-82.36379,29.58997]}},{"type":"Feature","properties":{"source":"osm","owner":null,"spd_class":null,"pole_height_m":null,"install_year":null,"confidence":0.6},"geometry":{"type":"Point","coordinates":[-82.36242,29.58919]}},{"type":"Feature","properties":{"source":"osm","owner":null,"spd_class":null,"pole_height_m":null,"install_year":null,"confidence":0.6},"geometry":{"type":"Point","coordinates":[-82.36245,29.5891]}},{"type":"Feature","properties":{"source":"osm","owner":null,"spd_class":null,"pole_height_m":null,"install_year":null,"confidence":0.6},"geometry":{"type":"Point","coordinates":[-82.36269,29.58958]}},{"type":"Feature","properties":{"source":"osm","owner":null,"spd_class":null,"pole_height_m":null,"install_year":null,"confidence":0.6},"geometry":{"type":"Point","coordinates":[-82.36316,29.59019]}},{"type":"Feature","properties":{"source":"osm","owner":null,"spd_class":null,"pole_height_m":null,"install_year":null,"confidence":0.6},"geometry":{"type":"Point","coordinates":[-82.3636,29.59065]}},{"type":"Feature","properties":{"source":"osm","owner":null,"spd_class":null,"pole_height_m":null,"install_year":null,"confidence":0.6},"geometry":{"type":"Point","coordinates":[-82.36389,29.59074]}},{"type":"Feature","properties":{"source":"osm","owner":null,"spd_class":null,"pole_height_m":null,"install_year":null,"confidence":0.6},"geometry":{"type":"Point","coordinates":[-82.36288,29.59087]}},{"type":"Feature","properties":{"source":"osm","owner":null,"spd_class":null,"pole_height_m":null,"install_year":null,"confidence":0.6},"geometry":{"type":"Point","coordinates":[-82.36235,29.59005]}},{"type":"Feature","properties":{"source":"osm","owner":null,"spd_class":null,"pole_height_m":null,"install_year":null,"confidence":0.6},"geometry":{"type":"Point","coordinates":[-82.36183,29.58963]}},{"type":"Feature","properties":{"source":"osm","owner":null,"spd_class":null,"pole_height_m":null,"install_year":null,"confidence":0.6},"geometry":{"type":"Point","coordinates":[-82.36139,29.58872]}},{"type":"Feature","properties":{"source":"osm","owner":null,"spd_class":null,"pole_height_m":null,"install_year":null,"confidence":0.6},"geometry":{"type":"Point","coordinates":[-82.36161,29.59016]}},{"type":"Feature","properties":{"source":"osm","owner":null,"spd_class":null,"pole_height_m":null,"install_year":null,"confidence":0.6},"geometry":{"type":"Point","coordinates":[-82.36233,29.59066]}},{"type":"Feature","properties":{"source":"osm","owner":null,"spd_class":null,"pole_height_m":null,"install_year":null,"confidence":0.6},"geometry":{"type":"Point","coordinates":[-82.36243,29.59047]}},{"type":"Feature","properties":{"source":"osm","owner":null,"spd_class":null,"pole_height_m":null,"install_year":null,"confidence":0.6},"geometry":{"type":"Point","coordinates":[-82.36254,29.59119]}},{"type":"Feature","properties":{"source":"osm","owner":null,"spd_class":null,"pole_height_m":null,"install_year":null,"confidence":0.6},"geometry":{"type":"Point","coordinates":[-82.36318,29.59143]}},{"type":"Feature","properties":{"source":"osm","owner":null,"spd_class":null,"pole_height_m":null,"install_year":null,"confidence":0.6},"geometry":{"type":"Point","coordinates":[-82.36372,29.59184]}},{"type":"Feature","properties":{"source":"osm","owner":null,"spd_class":null,"pole_height_m":null,"install_year":null,"confidence":0.6},"geometry":{"type":"Point","coordinates":[-82.18704,29.09556]}},{"type":"Feature","properties":{"source":"osm","owner":null,"spd_class":null,"pole_height_m":null,"install_year":null,"confidence":0.6},"geometry":{"type":"Point","coordinates":[-82.18703,29.09625]}},{"type":"Feature","properties":{"source":"osm","owner":null,"spd_class":null,"pole_height_m":null,"install_year":null,"confidence":0.6},"geometry":{"type":"Point","coordinates":[-82.18756,29.09522]}},{"type":"Feature","properties":{"source":"osm","owner":null,"spd_class":null,"pole_height_m":null,"install_year":null,"confidence":0.6},"geometry":{"type":"Point","coordinates":[-82.18755,29.09591]}},{"type":"Feature","properties":{"source":"osm","owner":null,"spd_class":null,"pole_height_m":null,"install_year":null,"confidence":0.6},"geometry":{"type":"Point","coordinates":[-82.18745,29.09658]}},{"type":"Feature","properties":{"source":"osm","owner":null,"spd_class":null,"pole_height_m":null,"install_year":null,"confidence":0.6},"geometry":{"type":"Point","coordinates":[-82.18534,29.09506]}},{"type":"Feature","properties":{"source":"osm","owner":null,"spd_class":null,"pole_height_m":null,"install_year":null,"confidence":0.6},"geometry":{"type":"Point","coordinates":[-82.18531,29.09573]}},{"type":"Feature","properties":{"source":"osm","owner":null,"spd_class":null,"pole_height_m":null,"install_year":null,"confidence":0.6},"geometry":{"type":"Point","coordinates":[-82.18531,29.09639]}},{"type":"Feature","properties":{"source":"osm","owner":null,"spd_class":null,"pole_height_m":null,"install_year":null,"confidence":0.6},"geometry":{"type":"Point","coordinates":[-82.18541,29.09799]}},{"type":"Feature","properties":{"source":"osm","owner":null,"spd_class":null,"pole_height_m":null,"install_year":null,"confidence":0.6},"geometry":{"type":"Point","coordinates":[-82.18522,29.09846]}},{"type":"Feature","properties":{"source":"osm","owner":null,"spd_class":null,"pole_height_m":null,"install_year":null,"confidence":0.6},"geometry":{"type":"Point","coordinates":[-82.18649,29.0974]}},{"type":"Feature","properties":{"source":"osm","owner":null,"spd_class":null,"pole_height_m":null,"install_year":null,"confidence":0.6},"geometry":{"type":"Point","coordinates":[-82.1872,29.09719]}},{"type":"Feature","properties":{"source":"osm","owner":null,"spd_class":null,"pole_height_m":null,"install_year":null,"confidence":0.6},"geometry":{"type":"Point","coordinates":[-82.18736,29.09448]}},{"type":"Feature","properties":{"source":"osm","owner":null,"spd_class":null,"pole_height_m":null,"install_year":null,"confidence":0.6},"geometry":{"type":"Point","coordinates":[-82.18658,29.0942]}},{"type":"Feature","properties":{"source":"osm","owner":null,"spd_class":null,"pole_height_m":null,"install_year":null,"confidence":0.6},"geometry":{"type":"Point","coordinates":[-82.18542,29.09348]}},{"type":"Feature","properties":{"source":"osm","owner":null,"spd_class":null,"pole_height_m":null,"install_year":null,"confidence":0.6},"geometry":{"type":"Point","coordinates":[-82.18526,29.09295]}},{"type":"Feature","properties":{"source":"osm","owner":null,"spd_class":null,"pole_height_m":null,"install_year":null,"confidence":0.6},"geometry":{"type":"Point","coordinates":[-82.18597,29.0954]}},{"type":"Feature","properties":{"source":"osm","owner":null,"spd_class":null,"pole_height_m":null,"install_year":null,"confidence":0.6},"geometry":{"type":"Point","coordinates":[-82.18473,29.09016]}},{"type":"Feature","properties":{"source":"osm","owner":null,"spd_class":null,"pole_height_m":null,"install_year":null,"confidence":0.6},"geometry":{"type":"Point","coordinates":[-82.18408,29.09121]}},{"type":"Feature","properties":{"source":"osm","owner":null,"spd_class":null,"pole_height_m":null,"install_year":null,"confidence":0.6},"geometry":{"type":"Point","coordinates":[-82.18419,29.09167]}},{"type":"Feature","properties":{"source":"osm","owner":null,"spd_class":null,"pole_height_m":null,"install_year":null,"confidence":0.6},"geometry":{"type":"Point","coordinates":[-82.18399,29.09206]}},{"type":"Feature","properties":{"source":"osm","owner":null,"spd_class":null,"pole_height_m":null,"install_year":null,"confidence":0.6},"geometry":{"type":"Point","coordinates":[-82.18464,29.09239]}},{"type":"Feature","properties":{"source":"osm","owner":null,"spd_class":null,"pole_height_m":null,"install_year":null,"confidence":0.6},"geometry":{"type":"Point","coordinates":[-82.18398,29.09269]}},{"type":"Feature","properties":{"source":"osm","owner":null,"spd_class":null,"pole_height_m":null,"install_year":null,"confidence":0.6},"geometry":{"type":"Point","coordinates":[-82.18464,29.09305]}},{"type":"Feature","properties":{"source":"osm","owner":null,"spd_class":null,"pole_height_m":null,"install_year":null,"confidence":0.6},"geometry":{"type":"Point","coordinates":[-82.18398,29.09338]}},{"type":"Feature","properties":{"source":"osm","owner":null,"spd_class":null,"pole_height_m":null,"install_year":null,"confidence":0.6},"geometry":{"type":"Point","coordinates":[-82.18463,29.09371]}},{"type":"Feature","properties":{"source":"osm","owner":null,"spd_class":null,"pole_height_m":null,"install_year":null,"confidence":0.6},"geometry":{"type":"Point","coordinates":[-82.18398,29.09403]}},{"type":"Feature","properties":{"source":"osm","owner":null,"spd_class":null,"pole_height_m":null,"install_year":null,"confidence":0.6},"geometry":{"type":"Point","coordinates":[-82.18468,29.09422]}},{"type":"Feature","properties":{"source":"osm","owner":null,"spd_class":null,"pole_height_m":null,"install_year":null,"confidence":0.6},"geometry":{"type":"Point","coordinates":[-82.18413,29.09442]}},{"type":"Feature","properties":{"source":"osm","owner":null,"spd_class":null,"pole_height_m":null,"install_year":null,"confidence":0.6},"geometry":{"type":"Point","coordinates":[-82.18412,29.09488]}},{"type":"Feature","properties":{"source":"osm","owner":null,"spd_class":null,"pole_height_m":null,"install_year":null,"confidence":0.6},"geometry":{"type":"Point","coordinates":[-82.18455,29.09534]}},{"type":"Feature","properties":{"source":"osm","owner":null,"spd_class":null,"pole_height_m":null,"install_year":null,"confidence":0.6},"geometry":{"type":"Point","coordinates":[-82.18469,29.09587]}},{"type":"Feature","properties":{"source":"osm","owner":null,"spd_class":null,"pole_height_m":null,"install_year":null,"confidence":0.6},"geometry":{"type":"Point","coordinates":[-82.18289,29.09395]}},{"type":"Feature","properties":{"source":"osm","owner":null,"spd_class":null,"pole_height_m":null,"install_year":null,"confidence":0.6},"geometry":{"type":"Point","coordinates":[-82.1828,29.09442]}},{"type":"Feature","properties":{"source":"osm","owner":null,"spd_class":null,"pole_height_m":null,"install_year":null,"confidence":0.6},"geometry":{"type":"Point","coordinates":[-82.18348,29.09464]}},{"type":"Feature","properties":{"source":"osm","owner":null,"spd_class":null,"pole_height_m":null,"install_year":null,"confidence":0.6},"geometry":{"type":"Point","coordinates":[-82.18364,29.09333]}},{"type":"Feature","properties":{"source":"osm","owner":null,"spd_class":null,"pole_height_m":null,"install_year":null,"confidence":0.6},"geometry":{"type":"Point","coordinates":[-82.18292,29.09326]}},{"type":"Feature","properties":{"source":"osm","owner":null,"spd_class":null,"pole_height_m":null,"install_year":null,"confidence":0.6},"geometry":{"type":"Point","coordinates":[-82.18365,29.09266]}},{"type":"Feature","properties":{"source":"osm","owner":null,"spd_class":null,"pole_height_m":null,"install_year":null,"confidence":0.6},"geometry":{"type":"Point","coordinates":[-82.18288,29.09258]}},{"type":"Feature","properties":{"source":"osm","owner":null,"spd_class":null,"pole_height_m":null,"install_year":null,"confidence":0.6},"geometry":{"type":"Point","coordinates":[-82.18344,29.09179]}},{"type":"Feature","properties":{"source":"osm","owner":null,"spd_class":null,"pole_height_m":null,"install_year":null,"confidence":0.6},"geometry":{"type":"Point","coordinates":[-82.18271,29.09161]}},{"type":"Feature","properties":{"source":"osm","owner":null,"spd_class":null,"pole_height_m":null,"install_year":null,"confidence":0.6},"geometry":{"type":"Point","coordinates":[-82.18346,29.0914]}},{"type":"Feature","properties":{"source":"osm","owner":null,"spd_class":null,"pole_height_m":null,"install_year":null,"confidence":0.6},"geometry":{"type":"Point","coordinates":[-82.18246,29.09223]}},{"type":"Feature","properties":{"source":"osm","owner":null,"spd_class":null,"pole_height_m":null,"install_year":null,"confidence":0.6},"geometry":{"type":"Point","coordinates":[-82.18239,29.0929]}},{"type":"Feature","properties":{"source":"osm","owner":null,"spd_class":null,"pole_height_m":null,"install_year":null,"confidence":0.6},"geometry":{"type":"Point","coordinates":[-82.18239,29.0936]}},{"type":"Feature","properties":{"source":"osm","owner":null,"spd_class":null,"pole_height_m":null,"install_year":null,"confidence":0.6},"geometry":{"type":"Point","coordinates":[-82.18342,29.09432]}},{"type":"Feature","properties":{"source":"osm","owner":null,"spd_class":null,"pole_height_m":null,"install_year":null,"confidence":0.6},"geometry":{"type":"Point","coordinates":[-82.13758,28.98421]}},{"type":"Feature","properties":{"source":"osm","owner":null,"spd_class":null,"pole_height_m":null,"install_year":null,"confidence":0.6},"geometry":{"type":"Point","coordinates":[-82.13789,28.98476]}},{"type":"Feature","properties":{"source":"osm","owner":null,"spd_class":null,"pole_height_m":null,"install_year":null,"confidence":0.6},"geometry":{"type":"Point","coordinates":[-82.1382,28.98529]}},{"type":"Feature","properties":{"source":"osm","owner":null,"spd_class":null,"pole_height_m":null,"install_year":null,"confidence":0.6},"geometry":{"type":"Point","coordinates":[-82.1385,28.98586]}},{"type":"Feature","properties":{"source":"osm","owner":null,"spd_class":null,"pole_height_m":null,"install_year":null,"confidence":0.6},"geometry":{"type":"Point","coordinates":[-82.13911,28.98698]}},{"type":"Feature","properties":{"source":"osm","owner":null,"spd_class":null,"pole_height_m":null,"install_year":null,"confidence":0.6},"geometry":{"type":"Point","coordinates":[-82.13879,28.98643]}},{"type":"Feature","properties":{"source":"osm","owner":null,"spd_class":null,"pole_height_m":null,"install_year":null,"confidence":0.6},"geometry":{"type":"Point","coordinates":[-82.13945,28.98753]}},{"type":"Feature","properties":{"source":"osm","owner":null,"spd_class":null,"pole_height_m":null,"install_year":null,"confidence":0.6},"geometry":{"type":"Point","coordinates":[-82.13977,28.98808]}},{"type":"Feature","properties":{"source":"osm","owner":null,"spd_class":null,"pole_height_m":null,"install_year":null,"confidence":0.6},"geometry":{"type":"Point","coordinates":[-82.14074,28.98973]}},{"type":"Feature","properties":{"source":"osm","owner":null,"spd_class":null,"pole_height_m":null,"install_year":null,"confidence":0.6},"geometry":{"type":"Point","coordinates":[-82.14101,28.99021]}},{"type":"Feature","properties":{"source":"osm","owner":null,"spd_class":null,"pole_height_m":null,"install_year":null,"confidence":0.6},"geometry":{"type":"Point","coordinates":[-82.14131,28.99069]}},{"type":"Feature","properties":{"source":"osm","owner":null,"spd_class":null,"pole_height_m":null,"install_year":null,"confidence":0.6},"geometry":{"type":"Point","coordinates":[-82.14158,28.99116]}},{"type":"Feature","properties":{"source":"osm","owner":null,"spd_class":null,"pole_height_m":null,"install_year":null,"confidence":0.6},"geometry":{"type":"Point","coordinates":[-82.14201,28.99151]}},{"type":"Feature","properties":{"source":"osm","owner":null,"spd_class":null,"pole_height_m":null,"install_year":null,"confidence":0.6},"geometry":{"type":"Point","coordinates":[-82.14184,28.99183]}},{"type":"Feature","properties":{"source":"osm","owner":null,"spd_class":null,"pole_height_m":null,"install_year":null,"confidence":0.6},"geometry":{"type":"Point","coordinates":[-82.14141,28.99155]}},{"type":"Feature","properties":{"source":"osm","owner":null,"spd_class":null,"pole_height_m":null,"install_year":null,"confidence":0.6},"geometry":{"type":"Point","coordinates":[-82.14113,28.99149]}},{"type":"Feature","properties":{"source":"osm","owner":null,"spd_class":null,"pole_height_m":null,"install_year":null,"confidence":0.6},"geometry":{"type":"Point","coordinates":[-82.14224,28.99196]}},{"type":"Feature","properties":{"source":"osm","owner":null,"spd_class":null,"pole_height_m":null,"install_year":null,"confidence":0.6},"geometry":{"type":"Point","coordinates":[-82.14195,28.99213]}},{"type":"Feature","properties":{"source":"osm","owner":null,"spd_class":null,"pole_height_m":null,"install_year":null,"confidence":0.6},"geometry":{"type":"Point","coordinates":[-82.14196,28.99243]}},{"type":"Feature","properties":{"source":"osm","owner":null,"spd_class":null,"pole_height_m":null,"install_year":null,"confidence":0.6},"geometry":{"type":"Point","coordinates":[-82.14176,28.9926]}},{"type":"Feature","properties":{"source":"osm","owner":null,"spd_class":null,"pole_height_m":null,"install_year":null,"confidence":0.6},"geometry":{"type":"Point","coordinates":[-82.14145,28.99213]}},{"type":"Feature","properties":{"source":"osm","owner":null,"spd_class":null,"pole_height_m":null,"install_year":null,"confidence":0.6},"geometry":{"type":"Point","coordinates":[-82.14249,28.99239]}},{"type":"Feature","properties":{"source":"osm","owner":null,"spd_class":null,"pole_height_m":null,"install_year":null,"confidence":0.6},"geometry":{"type":"Point","coordinates":[-82.14274,28.99281]}},{"type":"Feature","properties":{"source":"osm","owner":null,"spd_class":null,"pole_height_m":null,"install_year":null,"confidence":0.6},"geometry":{"type":"Point","coordinates":[-82.1423,28.993]}},{"type":"Feature","properties":{"source":"osm","owner":null,"spd_class":null,"pole_height_m":null,"install_year":null,"confidence":0.6},"geometry":{"type":"Point","coordinates":[-82.14199,28.993]}},{"type":"Feature","properties":{"source":"osm","owner":null,"spd_class":null,"pole_height_m":null,"install_year":null,"confidence":0.6},"geometry":{"type":"Point","coordinates":[-82.143,28.99321]}},{"type":"Feature","properties":{"source":"osm","owner":null,"spd_class":null,"pole_height_m":null,"install_year":null,"confidence":0.6},"geometry":{"type":"Point","coordinates":[-82.14275,28.99331]}},{"type":"Feature","properties":{"source":"osm","owner":null,"spd_class":null,"pole_height_m":null,"install_year":null,"confidence":0.6},"geometry":{"type":"Point","coordinates":[-82.14255,28.99341]}},{"type":"Feature","properties":{"source":"osm","owner":null,"spd_class":null,"pole_height_m":null,"install_year":null,"confidence":0.6},"geometry":{"type":"Point","coordinates":[-82.14224,28.9934]}},{"type":"Feature","properties":{"source":"osm","owner":null,"spd_class":null,"pole_height_m":null,"install_year":null,"confidence":0.6},"geometry":{"type":"Point","coordinates":[-82.14248,28.9938]}},{"type":"Feature","properties":{"source":"osm","owner":null,"spd_class":null,"pole_height_m":null,"install_year":null,"confidence":0.6},"geometry":{"type":"Point","coordinates":[-82.14278,28.99379]}},{"type":"Feature","properties":{"source":"osm","owner":null,"spd_class":null,"pole_height_m":null,"install_year":null,"confidence":0.6},"geometry":{"type":"Point","coordinates":[-82.14325,28.99363]}},{"type":"Feature","properties":{"source":"osm","owner":null,"spd_class":null,"pole_height_m":null,"install_year":null,"confidence":0.6},"geometry":{"type":"Point","coordinates":[-82.14267,28.99426]}},{"type":"Feature","properties":{"source":"osm","owner":null,"spd_class":null,"pole_height_m":null,"install_year":null,"confidence":0.6},"geometry":{"type":"Point","coordinates":[-82.14262,28.99452]}},{"type":"Feature","properties":{"source":"osm","owner":null,"spd_class":null,"pole_height_m":null,"install_year":null,"confidence":0.6},"geometry":{"type":"Point","coordinates":[-82.14304,28.9942]}},{"type":"Feature","properties":{"source":"osm","owner":null,"spd_class":null,"pole_height_m":null,"install_year":null,"confidence":0.6},"geometry":{"type":"Point","coordinates":[-82.14351,28.99404]}},{"type":"Feature","properties":{"source":"osm","owner":null,"spd_class":null,"pole_height_m":null,"install_year":null,"confidence":0.6},"geometry":{"type":"Point","coordinates":[-82.14285,28.99468]}},{"type":"Feature","properties":{"source":"osm","owner":null,"spd_class":null,"pole_height_m":null,"install_year":null,"confidence":0.6},"geometry":{"type":"Point","coordinates":[-82.14313,28.99463]}},{"type":"Feature","properties":{"source":"osm","owner":null,"spd_class":null,"pole_height_m":null,"install_year":null,"confidence":0.6},"geometry":{"type":"Point","coordinates":[-82.14348,28.99463]}},{"type":"Feature","properties":{"source":"osm","owner":null,"spd_class":null,"pole_height_m":null,"install_year":null,"confidence":0.6},"geometry":{"type":"Point","coordinates":[-82.14379,28.99445]}},{"type":"Feature","properties":{"source":"osm","owner":null,"spd_class":null,"pole_height_m":null,"install_year":null,"confidence":0.6},"geometry":{"type":"Point","coordinates":[-82.14389,28.99483]}},{"type":"Feature","properties":{"source":"osm","owner":null,"spd_class":null,"pole_height_m":null,"install_year":null,"confidence":0.6},"geometry":{"type":"Point","coordinates":[-82.14414,28.99526]}},{"type":"Feature","properties":{"source":"osm","owner":null,"spd_class":null,"pole_height_m":null,"install_year":null,"confidence":0.6},"geometry":{"type":"Point","coordinates":[-82.14443,28.99558]}},{"type":"Feature","properties":{"source":"osm","owner":null,"spd_class":null,"pole_height_m":null,"install_year":null,"confidence":0.6},"geometry":{"type":"Point","coordinates":[-82.14475,28.996]}},{"type":"Feature","properties":{"source":"osm","owner":null,"spd_class":null,"pole_height_m":null,"install_year":null,"confidence":0.6},"geometry":{"type":"Point","coordinates":[-82.14501,28.99643]}},{"type":"Feature","properties":{"source":"osm","owner":null,"spd_class":null,"pole_height_m":null,"install_year":null,"confidence":0.6},"geometry":{"type":"Point","coordinates":[-82.14222,28.99413]}},{"type":"Feature","properties":{"source":"osm","owner":null,"spd_class":null,"pole_height_m":null,"install_year":null,"confidence":0.6},"geometry":{"type":"Point","coordinates":[-82.14197,28.99374]}},{"type":"Feature","properties":{"source":"osm","owner":null,"spd_class":null,"pole_height_m":null,"install_year":null,"confidence":0.6},"geometry":{"type":"Point","coordinates":[-82.14173,28.99335]}},{"type":"Feature","properties":{"source":"osm","owner":null,"spd_class":null,"pole_height_m":null,"install_year":null,"confidence":0.6},"geometry":{"type":"Point","coordinates":[-82.14149,28.99296]}},{"type":"Feature","properties":{"source":"osm","owner":null,"spd_class":null,"pole_height_m":null,"install_year":null,"confidence":0.6},"geometry":{"type":"Point","coordinates":[-82.14123,28.99254]}},{"type":"Feature","properties":{"source":"osm","owner":null,"spd_class":null,"pole_height_m":null,"install_year":null,"confidence":0.6},"geometry":{"type":"Point","coordinates":[-82.14168,28.99197]}},{"type":"Feature","properties":{"source":"osm","owner":null,"spd_class":null,"pole_height_m":null,"install_year":null,"confidence":0.6},"geometry":{"type":"Point","coordinates":[-82.14922,29.00229]}},{"type":"Feature","properties":{"source":"osm","owner":null,"spd_class":null,"pole_height_m":null,"install_year":null,"confidence":0.6},"geometry":{"type":"Point","coordinates":[-82.14889,29.00164]}},{"type":"Feature","properties":{"source":"osm","owner":null,"spd_class":null,"pole_height_m":null,"install_year":null,"confidence":0.6},"geometry":{"type":"Point","coordinates":[-82.14858,29.00108]}},{"type":"Feature","properties":{"source":"osm","owner":null,"spd_class":null,"pole_height_m":null,"install_year":null,"confidence":0.6},"geometry":{"type":"Point","coordinates":[-82.14828,29.00053]}},{"type":"Feature","properties":{"source":"osm","owner":null,"spd_class":null,"pole_height_m":null,"install_year":null,"confidence":0.6},"geometry":{"type":"Point","coordinates":[-82.14766,28.99941]}},{"type":"Feature","properties":{"source":"osm","owner":null,"spd_class":null,"pole_height_m":null,"install_year":null,"confidence":0.6},"geometry":{"type":"Point","coordinates":[-82.14734,28.99887]}},{"type":"Feature","properties":{"source":"osm","owner":null,"spd_class":null,"pole_height_m":null,"install_year":null,"confidence":0.6},"geometry":{"type":"Point","coordinates":[-82.14699,28.9983]}},{"type":"Feature","properties":{"source":"osm","owner":null,"spd_class":null,"pole_height_m":null,"install_year":null,"confidence":0.6},"geometry":{"type":"Point","coordinates":[-82.14665,28.99775]}},{"type":"Feature","properties":{"source":"osm","owner":null,"spd_class":null,"pole_height_m":null,"install_year":null,"confidence":0.6},"geometry":{"type":"Point","coordinates":[-82.14632,28.9972]}},{"type":"Feature","properties":{"source":"osm","owner":null,"spd_class":null,"pole_height_m":null,"install_year":null,"confidence":0.6},"geometry":{"type":"Point","coordinates":[-82.14604,28.99669]}},{"type":"Feature","properties":{"source":"osm","owner":null,"spd_class":null,"pole_height_m":null,"install_year":null,"confidence":0.6},"geometry":{"type":"Point","coordinates":[-82.14578,28.99628]}},{"type":"Feature","properties":{"source":"osm","owner":null,"spd_class":null,"pole_height_m":null,"install_year":null,"confidence":0.6},"geometry":{"type":"Point","coordinates":[-82.14546,28.9957]}},{"type":"Feature","properties":{"source":"osm","owner":null,"spd_class":null,"pole_height_m":null,"install_year":null,"confidence":0.6},"geometry":{"type":"Point","coordinates":[-82.14518,28.99522]}},{"type":"Feature","properties":{"source":"osm","owner":null,"spd_class":null,"pole_height_m":null,"install_year":null,"confidence":0.6},"geometry":{"type":"Point","coordinates":[-82.14474,28.99486]}},{"type":"Feature","properties":{"source":"osm","owner":null,"spd_class":null,"pole_height_m":null,"install_year":null,"confidence":0.6},"geometry":{"type":"Point","coordinates":[-82.14492,28.99454]}},{"type":"Feature","properties":{"source":"osm","owner":null,"spd_class":null,"pole_height_m":null,"install_year":null,"confidence":0.6},"geometry":{"type":"Point","coordinates":[-82.14448,28.99436]}},{"type":"Feature","properties":{"source":"osm","owner":null,"spd_class":null,"pole_height_m":null,"install_year":null,"confidence":0.6},"geometry":{"type":"Point","coordinates":[-82.14482,28.99424]}},{"type":"Feature","properties":{"source":"osm","owner":null,"spd_class":null,"pole_height_m":null,"install_year":null,"confidence":0.6},"geometry":{"type":"Point","coordinates":[-82.1451,28.9944]}},{"type":"Feature","properties":{"source":"osm","owner":null,"spd_class":null,"pole_height_m":null,"install_year":null,"confidence":0.6},"geometry":{"type":"Point","coordinates":[-82.14481,28.99395]}},{"type":"Feature","properties":{"source":"osm","owner":null,"spd_class":null,"pole_height_m":null,"install_year":null,"confidence":0.6},"geometry":{"type":"Point","coordinates":[-82.14403,28.99358]}},{"type":"Feature","properties":{"source":"osm","owner":null,"spd_class":null,"pole_height_m":null,"install_year":null,"confidence":0.6},"geometry":{"type":"Point","coordinates":[-82.14428,28.994]}},{"type":"Feature","properties":{"source":"osm","owner":null,"spd_class":null,"pole_height_m":null,"install_year":null,"confidence":0.6},"geometry":{"type":"Point","coordinates":[-82.14448,28.99339]}},{"type":"Feature","properties":{"source":"osm","owner":null,"spd_class":null,"pole_height_m":null,"install_year":null,"confidence":0.6},"geometry":{"type":"Point","coordinates":[-82.14378,28.99318]}},{"type":"Feature","properties":{"source":"osm","owner":null,"spd_class":null,"pole_height_m":null,"install_year":null,"confidence":0.6},"geometry":{"type":"Point","coordinates":[-82.14353,28.99276]}},{"type":"Feature","properties":{"source":"osm","owner":null,"spd_class":null,"pole_height_m":null,"install_year":null,"confidence":0.6},"geometry":{"type":"Point","coordinates":[-82.144,28.99305]}},{"type":"Feature","properties":{"source":"osm","owner":null,"spd_class":null,"pole_height_m":null,"install_year":null,"confidence":0.6},"geometry":{"type":"Point","coordinates":[-82.14421,28.99297]}},{"type":"Feature","properties":{"source":"osm","owner":null,"spd_class":null,"pole_height_m":null,"install_year":null,"confidence":0.6},"geometry":{"type":"Point","coordinates":[-82.14397,28.99255]}},{"type":"Feature","properties":{"source":"osm","owner":null,"spd_class":null,"pole_height_m":null,"install_year":null,"confidence":0.6},"geometry":{"type":"Point","coordinates":[-82.14327,28.99235]}},{"type":"Feature","properties":{"source":"osm","owner":null,"spd_class":null,"pole_height_m":null,"install_year":null,"confidence":0.6},"geometry":{"type":"Point","coordinates":[-82.14371,28.99214]}},{"type":"Feature","properties":{"source":"osm","owner":null,"spd_class":null,"pole_height_m":null,"install_year":null,"confidence":0.6},"geometry":{"type":"Point","coordinates":[-82.14298,28.99193]}},{"type":"Feature","properties":{"source":"osm","owner":null,"spd_class":null,"pole_height_m":null,"install_year":null,"confidence":0.6},"geometry":{"type":"Point","coordinates":[-82.14289,28.99155]}},{"type":"Feature","properties":{"source":"osm","owner":null,"spd_class":null,"pole_height_m":null,"install_year":null,"confidence":0.6},"geometry":{"type":"Point","coordinates":[-82.14234,28.99082]}},{"type":"Feature","properties":{"source":"osm","owner":null,"spd_class":null,"pole_height_m":null,"install_year":null,"confidence":0.6},"geometry":{"type":"Point","coordinates":[-82.14269,28.99119]}},{"type":"Feature","properties":{"source":"osm","owner":null,"spd_class":null,"pole_height_m":null,"install_year":null,"confidence":0.6},"geometry":{"type":"Point","coordinates":[-82.14202,28.9904]}},{"type":"Feature","properties":{"source":"osm","owner":null,"spd_class":null,"pole_height_m":null,"install_year":null,"confidence":0.6},"geometry":{"type":"Point","coordinates":[-82.14175,28.98995]}},{"type":"Feature","properties":{"source":"osm","owner":null,"spd_class":null,"pole_height_m":null,"install_year":null,"confidence":0.6},"geometry":{"type":"Point","coordinates":[-82.1433,28.99176]}},{"type":"Feature","properties":{"source":"osm","owner":null,"spd_class":null,"pole_height_m":null,"install_year":null,"confidence":0.6},"geometry":{"type":"Point","coordinates":[-82.14367,28.99176]}},{"type":"Feature","properties":{"source":"osm","owner":null,"spd_class":null,"pole_height_m":null,"install_year":null,"confidence":0.6},"geometry":{"type":"Point","coordinates":[-82.14394,28.9917]}},{"type":"Feature","properties":{"source":"osm","owner":null,"spd_class":null,"pole_height_m":null,"install_year":null,"confidence":0.6},"geometry":{"type":"Point","coordinates":[-82.14415,28.99189]}},{"type":"Feature","properties":{"source":"osm","owner":null,"spd_class":null,"pole_height_m":null,"install_year":null,"confidence":0.6},"geometry":{"type":"Point","coordinates":[-82.14409,28.99214]}},{"type":"Feature","properties":{"source":"osm","owner":null,"spd_class":null,"pole_height_m":null,"install_year":null,"confidence":0.6},"geometry":{"type":"Point","coordinates":[-82.14453,28.99221]}},{"type":"Feature","properties":{"source":"osm","owner":null,"spd_class":null,"pole_height_m":null,"install_year":null,"confidence":0.6},"geometry":{"type":"Point","coordinates":[-82.1443,28.99259]}},{"type":"Feature","properties":{"source":"osm","owner":null,"spd_class":null,"pole_height_m":null,"install_year":null,"confidence":0.6},"geometry":{"type":"Point","coordinates":[-82.14477,28.99261]}},{"type":"Feature","properties":{"source":"osm","owner":null,"spd_class":null,"pole_height_m":null,"install_year":null,"confidence":0.6},"geometry":{"type":"Point","coordinates":[-82.14453,28.99299]}},{"type":"Feature","properties":{"source":"osm","owner":null,"spd_class":null,"pole_height_m":null,"install_year":null,"confidence":0.6},"geometry":{"type":"Point","coordinates":[-82.14478,28.99339]}},{"type":"Feature","properties":{"source":"osm","owner":null,"spd_class":null,"pole_height_m":null,"install_year":null,"confidence":0.6},"geometry":{"type":"Point","coordinates":[-82.14526,28.99339]}},{"type":"Feature","properties":{"source":"osm","owner":null,"spd_class":null,"pole_height_m":null,"install_year":null,"confidence":0.6},"geometry":{"type":"Point","coordinates":[-82.14501,28.993]}},{"type":"Feature","properties":{"source":"osm","owner":null,"spd_class":null,"pole_height_m":null,"install_year":null,"confidence":0.6},"geometry":{"type":"Point","coordinates":[-82.14501,28.99378]}},{"type":"Feature","properties":{"source":"osm","owner":null,"spd_class":null,"pole_height_m":null,"install_year":null,"confidence":0.6},"geometry":{"type":"Point","coordinates":[-82.14554,28.99384]}},{"type":"Feature","properties":{"source":"osm","owner":null,"spd_class":null,"pole_height_m":null,"install_year":null,"confidence":0.6},"geometry":{"type":"Point","coordinates":[-82.14532,28.99426]}},{"type":"Feature","properties":{"source":"osm","owner":null,"spd_class":null,"pole_height_m":null,"install_year":null,"confidence":0.6},"geometry":{"type":"Point","coordinates":[-82.14568,28.99446]}},{"type":"Feature","properties":{"source":"osm","owner":null,"spd_class":null,"pole_height_m":null,"install_year":null,"confidence":0.6},"geometry":{"type":"Point","coordinates":[-82.14597,28.99445]}},{"type":"Feature","properties":{"source":"osm","owner":null,"spd_class":null,"pole_height_m":null,"install_year":null,"confidence":0.6},"geometry":{"type":"Point","coordinates":[-82.14582,28.99467]}},{"type":"Feature","properties":{"source":"osm","owner":null,"spd_class":null,"pole_height_m":null,"install_year":null,"confidence":0.6},"geometry":{"type":"Point","coordinates":[-82.14564,28.99487]}},{"type":"Feature","properties":{"source":"osm","owner":null,"spd_class":null,"pole_height_m":null,"install_year":null,"confidence":0.6},"geometry":{"type":"Point","coordinates":[-82.14537,28.99481]}},{"type":"Feature","properties":{"source":"osm","owner":null,"spd_class":null,"pole_height_m":null,"install_year":null,"confidence":0.6},"geometry":{"type":"Point","coordinates":[-81.63724,29.64643]}},{"type":"Feature","properties":{"source":"osm","owner":null,"spd_class":null,"pole_height_m":null,"install_year":null,"confidence":0.6},"geometry":{"type":"Point","coordinates":[-81.6375,29.64635]}},{"type":"Feature","properties":{"source":"osm","owner":null,"spd_class":null,"pole_height_m":null,"install_year":null,"confidence":0.6},"geometry":{"type":"Point","coordinates":[-81.63775,29.64622]}},{"type":"Feature","properties":{"source":"osm","owner":null,"spd_class":null,"pole_height_m":null,"install_year":null,"confidence":0.6},"geometry":{"type":"Point","coordinates":[-81.6379,29.64602]}},{"type":"Feature","properties":{"source":"osm","owner":null,"spd_class":null,"pole_height_m":null,"install_year":null,"confidence":0.6},"geometry":{"type":"Point","coordinates":[-81.63726,29.64565]}},{"type":"Feature","properties":{"source":"osm","owner":null,"spd_class":null,"pole_height_m":null,"install_year":null,"confidence":0.6},"geometry":{"type":"Point","coordinates":[-81.63754,29.64569]}},{"type":"Feature","properties":{"source":"osm","owner":null,"spd_class":null,"pole_height_m":null,"install_year":null,"confidence":0.6},"geometry":{"type":"Point","coordinates":[-81.63707,29.64575]}},{"type":"Feature","properties":{"source":"osm","owner":null,"spd_class":null,"pole_height_m":null,"install_year":null,"confidence":0.6},"geometry":{"type":"Point","coordinates":[-81.63702,29.64601]}},{"type":"Feature","properties":{"source":"osm","owner":null,"spd_class":null,"pole_height_m":null,"install_year":null,"confidence":0.6},"geometry":{"type":"Point","coordinates":[-81.61344,30.11066]}},{"type":"Feature","properties":{"source":"osm","owner":null,"spd_class":null,"pole_height_m":null,"install_year":null,"confidence":0.6},"geometry":{"type":"Point","coordinates":[-81.61357,30.1107]}},{"type":"Feature","properties":{"source":"osm","owner":null,"spd_class":null,"pole_height_m":null,"install_year":null,"confidence":0.6},"geometry":{"type":"Point","coordinates":[-82.43283,29.69085]}},{"type":"Feature","properties":{"source":"osm","owner":null,"spd_class":null,"pole_height_m":null,"install_year":null,"confidence":0.6},"geometry":{"type":"Point","coordinates":[-82.43284,29.69103]}},{"type":"Feature","properties":{"source":"osm","owner":null,"spd_class":null,"pole_height_m":null,"install_year":null,"confidence":0.6},"geometry":{"type":"Point","coordinates":[-82.43286,29.69133]}},{"type":"Feature","properties":{"source":"osm","owner":null,"spd_class":null,"pole_height_m":null,"install_year":null,"confidence":0.6},"geometry":{"type":"Point","coordinates":[-82.43289,29.69146]}},{"type":"Feature","properties":{"source":"osm","owner":null,"spd_class":null,"pole_height_m":null,"install_year":null,"confidence":0.6},"geometry":{"type":"Point","coordinates":[-82.43288,29.69152]}},{"type":"Feature","properties":{"source":"osm","owner":null,"spd_class":null,"pole_height_m":null,"install_year":null,"confidence":0.6},"geometry":{"type":"Point","coordinates":[-82.43298,29.69166]}},{"type":"Feature","properties":{"source":"osm","owner":null,"spd_class":null,"pole_height_m":null,"install_year":null,"confidence":0.6},"geometry":{"type":"Point","coordinates":[-82.43313,29.69175]}},{"type":"Feature","properties":{"source":"osm","owner":null,"spd_class":null,"pole_height_m":null,"install_year":null,"confidence":0.6},"geometry":{"type":"Point","coordinates":[-82.43354,29.69173]}},{"type":"Feature","properties":{"source":"osm","owner":null,"spd_class":null,"pole_height_m":null,"install_year":null,"confidence":0.6},"geometry":{"type":"Point","coordinates":[-82.43332,29.6915]}},{"type":"Feature","properties":{"source":"osm","owner":null,"spd_class":null,"pole_height_m":null,"install_year":null,"confidence":0.6},"geometry":{"type":"Point","coordinates":[-82.43322,29.69113]}},{"type":"Feature","properties":{"source":"osm","owner":null,"spd_class":null,"pole_height_m":null,"install_year":null,"confidence":0.6},"geometry":{"type":"Point","coordinates":[-82.43305,29.6908]}},{"type":"Feature","properties":{"source":"osm","owner":null,"spd_class":null,"pole_height_m":null,"install_year":null,"confidence":0.6},"geometry":{"type":"Point","coordinates":[-82.43345,29.6908]}},{"type":"Feature","properties":{"source":"osm","owner":null,"spd_class":null,"pole_height_m":null,"install_year":null,"confidence":0.6},"geometry":{"type":"Point","coordinates":[-82.43366,29.69113]}},{"type":"Feature","properties":{"source":"osm","owner":null,"spd_class":null,"pole_height_m":null,"install_year":null,"confidence":0.6},"geometry":{"type":"Point","coordinates":[-82.43379,29.69148]}},{"type":"Feature","properties":{"source":"osm","owner":null,"spd_class":null,"pole_height_m":null,"install_year":null,"confidence":0.6},"geometry":{"type":"Point","coordinates":[-82.43414,29.69138]}},{"type":"Feature","properties":{"source":"osm","owner":null,"spd_class":null,"pole_height_m":null,"install_year":null,"confidence":0.6},"geometry":{"type":"Point","coordinates":[-82.434,29.69103]}},{"type":"Feature","properties":{"source":"osm","owner":null,"spd_class":null,"pole_height_m":null,"install_year":null,"confidence":0.6},"geometry":{"type":"Point","coordinates":[-82.43392,29.69085]}},{"type":"Feature","properties":{"source":"osm","owner":null,"spd_class":null,"pole_height_m":null,"install_year":null,"confidence":0.6},"geometry":{"type":"Point","coordinates":[-82.43385,29.69232]}},{"type":"Feature","properties":{"source":"osm","owner":null,"spd_class":null,"pole_height_m":null,"install_year":null,"confidence":0.6},"geometry":{"type":"Point","coordinates":[-82.43428,29.69156]}},{"type":"Feature","properties":{"source":"osm","owner":null,"spd_class":null,"pole_height_m":null,"install_year":null,"confidence":0.6},"geometry":{"type":"Point","coordinates":[-82.4346,29.68941]}},{"type":"Feature","properties":{"source":"osm","owner":null,"spd_class":null,"pole_height_m":null,"install_year":null,"confidence":0.6},"geometry":{"type":"Point","coordinates":[-82.43459,29.68962]}},{"type":"Feature","properties":{"source":"osm","owner":null,"spd_class":null,"pole_height_m":null,"install_year":null,"confidence":0.6},"geometry":{"type":"Point","coordinates":[-82.43462,29.68999]}},{"type":"Feature","properties":{"source":"osm","owner":null,"spd_class":null,"pole_height_m":null,"install_year":null,"confidence":0.6},"geometry":{"type":"Point","coordinates":[-82.43476,29.69018]}},{"type":"Feature","properties":{"source":"osm","owner":null,"spd_class":null,"pole_height_m":null,"install_year":null,"confidence":0.6},"geometry":{"type":"Point","coordinates":[-82.43411,29.6907]}},{"type":"Feature","properties":{"source":"osm","owner":null,"spd_class":null,"pole_height_m":null,"install_year":null,"confidence":0.6},"geometry":{"type":"Point","coordinates":[-82.43423,29.69046]}},{"type":"Feature","properties":{"source":"osm","owner":null,"spd_class":null,"pole_height_m":null,"install_year":null,"confidence":0.6},"geometry":{"type":"Point","coordinates":[-82.06902,29.14143]}},{"type":"Feature","properties":{"source":"osm","owner":null,"spd_class":null,"pole_height_m":null,"install_year":null,"confidence":0.6},"geometry":{"type":"Point","coordinates":[-82.0696,29.14145]}},{"type":"Feature","properties":{"source":"osm","owner":null,"spd_class":null,"pole_height_m":null,"install_year":null,"confidence":0.6},"geometry":{"type":"Point","coordinates":[-82.06962,29.14185]}},{"type":"Feature","properties":{"source":"osm","owner":null,"spd_class":null,"pole_height_m":null,"install_year":null,"confidence":0.6},"geometry":{"type":"Point","coordinates":[-82.06902,29.14181]}},{"type":"Feature","properties":{"source":"osm","owner":null,"spd_class":null,"pole_height_m":null,"install_year":null,"confidence":0.6},"geometry":{"type":"Point","coordinates":[-82.06866,29.14151]}},{"type":"Feature","properties":{"source":"osm","owner":null,"spd_class":null,"pole_height_m":null,"install_year":null,"confidence":0.6},"geometry":{"type":"Point","coordinates":[-82.06902,29.14214]}},{"type":"Feature","properties":{"source":"osm","owner":null,"spd_class":null,"pole_height_m":null,"install_year":null,"confidence":0.6},"geometry":{"type":"Point","coordinates":[-82.06902,29.14245]}},{"type":"Feature","properties":{"source":"osm","owner":null,"spd_class":null,"pole_height_m":null,"install_year":null,"confidence":0.6},"geometry":{"type":"Point","coordinates":[-82.06901,29.14288]}},{"type":"Feature","properties":{"source":"osm","owner":null,"spd_class":null,"pole_height_m":null,"install_year":null,"confidence":0.6},"geometry":{"type":"Point","coordinates":[-82.069,29.14319]}},{"type":"Feature","properties":{"source":"osm","owner":null,"spd_class":null,"pole_height_m":null,"install_year":null,"confidence":0.6},"geometry":{"type":"Point","coordinates":[-82.06905,29.14362]}},{"type":"Feature","properties":{"source":"osm","owner":null,"spd_class":null,"pole_height_m":null,"install_year":null,"confidence":0.6},"geometry":{"type":"Point","coordinates":[-82.06962,29.14228]}},{"type":"Feature","properties":{"source":"osm","owner":null,"spd_class":null,"pole_height_m":null,"install_year":null,"confidence":0.6},"geometry":{"type":"Point","coordinates":[-82.06848,29.14239]}},{"type":"Feature","properties":{"source":"osm","owner":null,"spd_class":null,"pole_height_m":null,"install_year":null,"confidence":0.6},"geometry":{"type":"Point","coordinates":[-82.06851,29.14195]}},{"type":"Feature","properties":{"source":"osm","owner":null,"spd_class":null,"pole_height_m":null,"install_year":null,"confidence":0.6},"geometry":{"type":"Point","coordinates":[-82.06848,29.14285]}},{"type":"Feature","properties":{"source":"osm","owner":null,"spd_class":null,"pole_height_m":null,"install_year":null,"confidence":0.6},"geometry":{"type":"Point","coordinates":[-82.06848,29.14327]}},{"type":"Feature","properties":{"source":"osm","owner":null,"spd_class":null,"pole_height_m":null,"install_year":null,"confidence":0.6},"geometry":{"type":"Point","coordinates":[-82.06847,29.14368]}},{"type":"Feature","properties":{"source":"osm","owner":null,"spd_class":null,"pole_height_m":null,"install_year":null,"confidence":0.6},"geometry":{"type":"Point","coordinates":[-82.06955,29.14359]}},{"type":"Feature","properties":{"source":"osm","owner":null,"spd_class":null,"pole_height_m":null,"install_year":null,"confidence":0.6},"geometry":{"type":"Point","coordinates":[-82.06962,29.14273]}},{"type":"Feature","properties":{"source":"osm","owner":null,"spd_class":null,"pole_height_m":null,"install_year":null,"confidence":0.6},"geometry":{"type":"Point","coordinates":[-82.06552,29.14344]}},{"type":"Feature","properties":{"source":"osm","owner":null,"spd_class":null,"pole_height_m":null,"install_year":null,"confidence":0.6},"geometry":{"type":"Point","coordinates":[-82.06498,29.14343]}},{"type":"Feature","properties":{"source":"osm","owner":null,"spd_class":null,"pole_height_m":null,"install_year":null,"confidence":0.6},"geometry":{"type":"Point","coordinates":[-82.06498,29.14308]}},{"type":"Feature","properties":{"source":"osm","owner":null,"spd_class":null,"pole_height_m":null,"install_year":null,"confidence":0.6},"geometry":{"type":"Point","coordinates":[-82.06558,29.14309]}},{"type":"Feature","properties":{"source":"osm","owner":null,"spd_class":null,"pole_height_m":null,"install_year":null,"confidence":0.6},"geometry":{"type":"Point","coordinates":[-82.06602,29.14363]}},{"type":"Feature","properties":{"source":"osm","owner":null,"spd_class":null,"pole_height_m":null,"install_year":null,"confidence":0.6},"geometry":{"type":"Point","coordinates":[-82.06624,29.14257]}},{"type":"Feature","properties":{"source":"osm","owner":null,"spd_class":null,"pole_height_m":null,"install_year":null,"confidence":0.6},"geometry":{"type":"Point","coordinates":[-82.06588,29.14189]}},{"type":"Feature","properties":{"source":"osm","owner":null,"spd_class":null,"pole_height_m":null,"install_year":null,"confidence":0.6},"geometry":{"type":"Point","coordinates":[-82.06527,29.14242]}},{"type":"Feature","properties":{"source":"osm","owner":null,"spd_class":null,"pole_height_m":null,"install_year":null,"confidence":0.6},"geometry":{"type":"Point","coordinates":[-82.06543,29.14136]}},{"type":"Feature","properties":{"source":"osm","owner":null,"spd_class":null,"pole_height_m":null,"install_year":null,"confidence":0.6},"geometry":{"type":"Point","coordinates":[-82.06501,29.14135]}},{"type":"Feature","properties":{"source":"osm","owner":null,"spd_class":null,"pole_height_m":null,"install_year":null,"confidence":0.6},"geometry":{"type":"Point","coordinates":[-82.06477,29.14166]}},{"type":"Feature","properties":{"source":"osm","owner":null,"spd_class":null,"pole_height_m":null,"install_year":null,"confidence":0.6},"geometry":{"type":"Point","coordinates":[-82.06482,29.14204]}},{"type":"Feature","properties":{"source":"osm","owner":null,"spd_class":null,"pole_height_m":null,"install_year":null,"confidence":0.6},"geometry":{"type":"Point","coordinates":[-82.06462,29.14203]}},{"type":"Feature","properties":{"source":"osm","owner":null,"spd_class":null,"pole_height_m":null,"install_year":null,"confidence":0.6},"geometry":{"type":"Point","coordinates":[-82.06461,29.14162]}},{"type":"Feature","properties":{"source":"osm","owner":null,"spd_class":null,"pole_height_m":null,"install_year":null,"confidence":0.6},"geometry":{"type":"Point","coordinates":[-82.0643,29.14118]}},{"type":"Feature","properties":{"source":"osm","owner":null,"spd_class":null,"pole_height_m":null,"install_year":null,"confidence":0.6},"geometry":{"type":"Point","coordinates":[-82.06387,29.14117]}},{"type":"Feature","properties":{"source":"osm","owner":null,"spd_class":null,"pole_height_m":null,"install_year":null,"confidence":0.6},"geometry":{"type":"Point","coordinates":[-82.06391,29.14136]}},{"type":"Feature","properties":{"source":"osm","owner":null,"spd_class":null,"pole_height_m":null,"install_year":null,"confidence":0.6},"geometry":{"type":"Point","coordinates":[-82.06432,29.14141]}},{"type":"Feature","properties":{"source":"osm","owner":null,"spd_class":null,"pole_height_m":null,"install_year":null,"confidence":0.6},"geometry":{"type":"Point","coordinates":[-82.06463,29.14101]}},{"type":"Feature","properties":{"source":"osm","owner":null,"spd_class":null,"pole_height_m":null,"install_year":null,"confidence":0.6},"geometry":{"type":"Point","coordinates":[-82.06463,29.14065]}},{"type":"Feature","properties":{"source":"osm","owner":null,"spd_class":null,"pole_height_m":null,"install_year":null,"confidence":0.6},"geometry":{"type":"Point","coordinates":[-82.06334,29.14069]}},{"type":"Feature","properties":{"source":"osm","owner":null,"spd_class":null,"pole_height_m":null,"install_year":null,"confidence":0.6},"geometry":{"type":"Point","coordinates":[-82.06393,29.14017]}},{"type":"Feature","properties":{"source":"osm","owner":null,"spd_class":null,"pole_height_m":null,"install_year":null,"confidence":0.6},"geometry":{"type":"Point","coordinates":[-82.06475,29.14023]}},{"type":"Feature","properties":{"source":"osm","owner":null,"spd_class":null,"pole_height_m":null,"install_year":null,"confidence":0.6},"geometry":{"type":"Point","coordinates":[-82.06528,29.14027]}},{"type":"Feature","properties":{"source":"osm","owner":null,"spd_class":null,"pole_height_m":null,"install_year":null,"confidence":0.6},"geometry":{"type":"Point","coordinates":[-82.06589,29.14079]}},{"type":"Feature","properties":{"source":"osm","owner":null,"spd_class":null,"pole_height_m":null,"install_year":null,"confidence":0.6},"geometry":{"type":"Point","coordinates":[-82.06738,29.14058]}},{"type":"Feature","properties":{"source":"osm","owner":null,"spd_class":null,"pole_height_m":null,"install_year":null,"confidence":0.6},"geometry":{"type":"Point","coordinates":[-82.06737,29.14001]}},{"type":"Feature","properties":{"source":"osm","owner":null,"spd_class":null,"pole_height_m":null,"install_year":null,"confidence":0.6},"geometry":{"type":"Point","coordinates":[-82.06703,29.13968]}},{"type":"Feature","properties":{"source":"osm","owner":null,"spd_class":null,"pole_height_m":null,"install_year":null,"confidence":0.6},"geometry":{"type":"Point","coordinates":[-82.06686,29.13895]}},{"type":"Feature","properties":{"source":"osm","owner":null,"spd_class":null,"pole_height_m":null,"install_year":null,"confidence":0.6},"geometry":{"type":"Point","coordinates":[-82.06627,29.13904]}},{"type":"Feature","properties":{"source":"osm","owner":null,"spd_class":null,"pole_height_m":null,"install_year":null,"confidence":0.6},"geometry":{"type":"Point","coordinates":[-82.06728,29.13858]}},{"type":"Feature","properties":{"source":"osm","owner":null,"spd_class":null,"pole_height_m":null,"install_year":null,"confidence":0.6},"geometry":{"type":"Point","coordinates":[-82.06646,29.13865]}},{"type":"Feature","properties":{"source":"osm","owner":null,"spd_class":null,"pole_height_m":null,"install_year":null,"confidence":0.6},"geometry":{"type":"Point","coordinates":[-82.06618,29.13822]}},{"type":"Feature","properties":{"source":"osm","owner":null,"spd_class":null,"pole_height_m":null,"install_year":null,"confidence":0.6},"geometry":{"type":"Point","coordinates":[-82.06662,29.13774]}},{"type":"Feature","properties":{"source":"osm","owner":null,"spd_class":null,"pole_height_m":null,"install_year":null,"confidence":0.6},"geometry":{"type":"Point","coordinates":[-82.06705,29.13774]}},{"type":"Feature","properties":{"source":"osm","owner":null,"spd_class":null,"pole_height_m":null,"install_year":null,"confidence":0.6},"geometry":{"type":"Point","coordinates":[-82.06739,29.1384]}},{"type":"Feature","properties":{"source":"osm","owner":null,"spd_class":null,"pole_height_m":null,"install_year":null,"confidence":0.6},"geometry":{"type":"Point","coordinates":[-82.06737,29.13806]}},{"type":"Feature","properties":{"source":"osm","owner":null,"spd_class":null,"pole_height_m":null,"install_year":null,"confidence":0.6},"geometry":{"type":"Point","coordinates":[-82.06496,29.13738]}},{"type":"Feature","properties":{"source":"osm","owner":null,"spd_class":null,"pole_height_m":null,"install_year":null,"confidence":0.6},"geometry":{"type":"Point","coordinates":[-82.06499,29.13705]}},{"type":"Feature","properties":{"source":"osm","owner":null,"spd_class":null,"pole_height_m":null,"install_year":null,"confidence":0.6},"geometry":{"type":"Point","coordinates":[-82.06527,29.13684]}},{"type":"Feature","properties":{"source":"osm","owner":null,"spd_class":null,"pole_height_m":null,"install_year":null,"confidence":0.6},"geometry":{"type":"Point","coordinates":[-82.06565,29.13686]}},{"type":"Feature","properties":{"source":"osm","owner":null,"spd_class":null,"pole_height_m":null,"install_year":null,"confidence":0.6},"geometry":{"type":"Point","coordinates":[-82.06504,29.13659]}},{"type":"Feature","properties":{"source":"osm","owner":null,"spd_class":null,"pole_height_m":null,"install_year":null,"confidence":0.6},"geometry":{"type":"Point","coordinates":[-82.06473,29.1368]}},{"type":"Feature","properties":{"source":"osm","owner":null,"spd_class":null,"pole_height_m":null,"install_year":null,"confidence":0.6},"geometry":{"type":"Point","coordinates":[-82.06438,29.13679]}},{"type":"Feature","properties":{"source":"osm","owner":null,"spd_class":null,"pole_height_m":null,"install_year":null,"confidence":0.6},"geometry":{"type":"Point","coordinates":[-82.06506,29.13628]}},{"type":"Feature","properties":{"source":"osm","owner":null,"spd_class":null,"pole_height_m":null,"install_year":null,"confidence":0.6},"geometry":{"type":"Point","coordinates":[-82.06378,29.13842]}},{"type":"Feature","properties":{"source":"osm","owner":null,"spd_class":null,"pole_height_m":null,"install_year":null,"confidence":0.6},"geometry":{"type":"Point","coordinates":[-82.06377,29.13782]}},{"type":"Feature","properties":{"source":"osm","owner":null,"spd_class":null,"pole_height_m":null,"install_year":null,"confidence":0.6},"geometry":{"type":"Point","coordinates":[-82.06294,29.1384]}},{"type":"Feature","properties":{"source":"osm","owner":null,"spd_class":null,"pole_height_m":null,"install_year":null,"confidence":0.6},"geometry":{"type":"Point","coordinates":[-82.06295,29.1378]}},{"type":"Feature","properties":{"source":"osm","owner":null,"spd_class":null,"pole_height_m":null,"install_year":null,"confidence":0.6},"geometry":{"type":"Point","coordinates":[-82.0621,29.13777]}},{"type":"Feature","properties":{"source":"osm","owner":null,"spd_class":null,"pole_height_m":null,"install_year":null,"confidence":0.6},"geometry":{"type":"Point","coordinates":[-82.06208,29.13841]}},{"type":"Feature","properties":{"source":"osm","owner":null,"spd_class":null,"pole_height_m":null,"install_year":null,"confidence":0.6},"geometry":{"type":"Point","coordinates":[-82.06478,29.13825]}},{"type":"Feature","properties":{"source":"osm","owner":null,"spd_class":null,"pole_height_m":null,"install_year":null,"confidence":0.6},"geometry":{"type":"Point","coordinates":[-82.06468,29.139]}},{"type":"Feature","properties":{"source":"osm","owner":null,"spd_class":null,"pole_height_m":null,"install_year":null,"confidence":0.6},"geometry":{"type":"Point","coordinates":[-82.06528,29.13887]}},{"type":"Feature","properties":{"source":"osm","owner":null,"spd_class":null,"pole_height_m":null,"install_year":null,"confidence":0.6},"geometry":{"type":"Point","coordinates":[-82.06578,29.13874]}},{"type":"Feature","properties":{"source":"osm","owner":null,"spd_class":null,"pole_height_m":null,"install_year":null,"confidence":0.6},"geometry":{"type":"Point","coordinates":[-82.06507,29.13919]}},{"type":"Feature","properties":{"source":"osm","owner":null,"spd_class":null,"pole_height_m":null,"install_year":null,"confidence":0.6},"geometry":{"type":"Point","coordinates":[-82.06412,29.13913]}},{"type":"Feature","properties":{"source":"osm","owner":null,"spd_class":null,"pole_height_m":null,"install_year":null,"confidence":0.6},"geometry":{"type":"Point","coordinates":[-82.06849,29.14]}},{"type":"Feature","properties":{"source":"osm","owner":null,"spd_class":null,"pole_height_m":null,"install_year":null,"confidence":0.6},"geometry":{"type":"Point","coordinates":[-82.06849,29.1406]}},{"type":"Feature","properties":{"source":"osm","owner":null,"spd_class":null,"pole_height_m":null,"install_year":null,"confidence":0.6},"geometry":{"type":"Point","coordinates":[-82.06706,29.1421]}},{"type":"Feature","properties":{"source":"osm","owner":null,"spd_class":null,"pole_height_m":null,"install_year":null,"confidence":0.6},"geometry":{"type":"Point","coordinates":[-82.06672,29.14174]}},{"type":"Feature","properties":{"source":"osm","owner":null,"spd_class":null,"pole_height_m":null,"install_year":null,"confidence":0.6},"geometry":{"type":"Point","coordinates":[-82.06634,29.14139]}},{"type":"Feature","properties":{"source":"osm","owner":null,"spd_class":null,"pole_height_m":null,"install_year":null,"confidence":0.6},"geometry":{"type":"Point","coordinates":[-82.0673,29.14302]}},{"type":"Feature","properties":{"source":"osm","owner":null,"spd_class":null,"pole_height_m":null,"install_year":null,"confidence":0.6},"geometry":{"type":"Point","coordinates":[-82.0671,29.14302]}},{"type":"Feature","properties":{"source":"osm","owner":null,"spd_class":null,"pole_height_m":null,"install_year":null,"confidence":0.6},"geometry":{"type":"Point","coordinates":[-82.06716,29.14313]}},{"type":"Feature","properties":{"source":"osm","owner":null,"spd_class":null,"pole_height_m":null,"install_year":null,"confidence":0.6},"geometry":{"type":"Point","coordinates":[-82.06702,29.14313]}},{"type":"Feature","properties":{"source":"osm","owner":null,"spd_class":null,"pole_height_m":null,"install_year":null,"confidence":0.6},"geometry":{"type":"Point","coordinates":[-82.06708,29.14324]}},{"type":"Feature","properties":{"source":"osm","owner":null,"spd_class":null,"pole_height_m":null,"install_year":null,"confidence":0.6},"geometry":{"type":"Point","coordinates":[-82.06686,29.14328]}},{"type":"Feature","properties":{"source":"osm","owner":null,"spd_class":null,"pole_height_m":null,"install_year":null,"confidence":0.6},"geometry":{"type":"Point","coordinates":[-82.06699,29.14336]}},{"type":"Feature","properties":{"source":"osm","owner":null,"spd_class":null,"pole_height_m":null,"install_year":null,"confidence":0.6},"geometry":{"type":"Point","coordinates":[-82.06841,29.14247]}},{"type":"Feature","properties":{"source":"osm","owner":null,"spd_class":null,"pole_height_m":null,"install_year":null,"confidence":0.6},"geometry":{"type":"Point","coordinates":[-82.06826,29.14247]}},{"type":"Feature","properties":{"source":"osm","owner":null,"spd_class":null,"pole_height_m":null,"install_year":null,"confidence":0.6},"geometry":{"type":"Point","coordinates":[-82.06812,29.14238]}},{"type":"Feature","properties":{"source":"osm","owner":null,"spd_class":null,"pole_height_m":null,"install_year":null,"confidence":0.6},"geometry":{"type":"Point","coordinates":[-82.06533,29.13964]}},{"type":"Feature","properties":{"source":"osm","owner":null,"spd_class":null,"pole_height_m":null,"install_year":null,"confidence":0.6},"geometry":{"type":"Point","coordinates":[-82.06506,29.13969]}},{"type":"Feature","properties":{"source":"osm","owner":null,"spd_class":null,"pole_height_m":null,"install_year":null,"confidence":0.6},"geometry":{"type":"Point","coordinates":[-81.85637,30.14614]}},{"type":"Feature","properties":{"source":"osm","owner":null,"spd_class":null,"pole_height_m":null,"install_year":null,"confidence":0.6},"geometry":{"type":"Point","coordinates":[-81.85557,30.14623]}},{"type":"Feature","properties":{"source":"osm","owner":null,"spd_class":null,"pole_height_m":null,"install_year":null,"confidence":0.6},"geometry":{"type":"Point","coordinates":[-82.6378,30.23861]}},{"type":"Feature","properties":{"source":"osm","owner":null,"spd_class":null,"pole_height_m":null,"install_year":null,"confidence":0.6},"geometry":{"type":"Point","coordinates":[-82.63811,30.23928]}},{"type":"Feature","properties":{"source":"osm","owner":null,"spd_class":null,"pole_height_m":null,"install_year":null,"confidence":0.6},"geometry":{"type":"Point","coordinates":[-82.63725,30.2388]}},{"type":"Feature","properties":{"source":"osm","owner":null,"spd_class":null,"pole_height_m":null,"install_year":null,"confidence":0.6},"geometry":{"type":"Point","coordinates":[-82.63815,30.23865]}},{"type":"Feature","properties":{"source":"osm","owner":null,"spd_class":null,"pole_height_m":null,"install_year":null,"confidence":0.6},"geometry":{"type":"Point","coordinates":[-82.63769,30.23937]}},{"type":"Feature","properties":{"source":"osm","owner":null,"spd_class":null,"pole_height_m":null,"install_year":null,"confidence":0.6},"geometry":{"type":"Point","coordinates":[-82.63747,30.23935]}},{"type":"Feature","properties":{"source":"osm","owner":null,"spd_class":null,"pole_height_m":null,"install_year":null,"confidence":0.6},"geometry":{"type":"Point","coordinates":[-82.6379,30.23936]}},{"type":"Feature","properties":{"source":"osm","owner":null,"spd_class":null,"pole_height_m":null,"install_year":null,"confidence":0.6},"geometry":{"type":"Point","coordinates":[-82.38373,29.621]}},{"type":"Feature","properties":{"source":"osm","owner":null,"spd_class":null,"pole_height_m":null,"install_year":null,"confidence":0.6},"geometry":{"type":"Point","coordinates":[-82.38269,29.62147]}},{"type":"Feature","properties":{"source":"osm","owner":null,"spd_class":null,"pole_height_m":null,"install_year":null,"confidence":0.6},"geometry":{"type":"Point","coordinates":[-82.38444,29.62069]}},{"type":"Feature","properties":{"source":"osm","owner":null,"spd_class":null,"pole_height_m":null,"install_year":null,"confidence":0.6},"geometry":{"type":"Point","coordinates":[-82.38306,29.62136]}},{"type":"Feature","properties":{"source":"osm","owner":null,"spd_class":null,"pole_height_m":null,"install_year":null,"confidence":0.6},"geometry":{"type":"Point","coordinates":[-82.38192,29.62148]}},{"type":"Feature","properties":{"source":"osm","owner":null,"spd_class":null,"pole_height_m":null,"install_year":null,"confidence":0.6},"geometry":{"type":"Point","coordinates":[-82.38173,29.62149]}},{"type":"Feature","properties":{"source":"osm","owner":null,"spd_class":null,"pole_height_m":null,"install_year":null,"confidence":0.6},"geometry":{"type":"Point","coordinates":[-82.38427,29.62079]}},{"type":"Feature","properties":{"source":"osm","owner":null,"spd_class":null,"pole_height_m":null,"install_year":null,"confidence":0.6},"geometry":{"type":"Point","coordinates":[-82.3839,29.62092]}},{"type":"Feature","properties":{"source":"osm","owner":null,"spd_class":null,"pole_height_m":null,"install_year":null,"confidence":0.6},"geometry":{"type":"Point","coordinates":[-82.3824,29.62148]}},{"type":"Feature","properties":{"source":"osm","owner":null,"spd_class":null,"pole_height_m":null,"install_year":null,"confidence":0.6},"geometry":{"type":"Point","coordinates":[-82.38216,29.62148]}},{"type":"Feature","properties":{"source":"osm","owner":null,"spd_class":null,"pole_height_m":null,"install_year":null,"confidence":0.6},"geometry":{"type":"Point","coordinates":[-82.38339,29.62118]}},{"type":"Feature","properties":{"source":"osm","owner":null,"spd_class":null,"pole_height_m":null,"install_year":null,"confidence":0.6},"geometry":{"type":"Point","coordinates":[-82.38356,29.6211]}},{"type":"Feature","properties":{"source":"osm","owner":null,"spd_class":null,"pole_height_m":null,"install_year":null,"confidence":0.6},"geometry":{"type":"Point","coordinates":[-82.3841,29.62087]}},{"type":"Feature","properties":{"source":"osm","owner":null,"spd_class":null,"pole_height_m":null,"install_year":null,"confidence":0.6},"geometry":{"type":"Point","coordinates":[-82.38344,29.62089]}},{"type":"Feature","properties":{"source":"osm","owner":null,"spd_class":null,"pole_height_m":null,"install_year":null,"confidence":0.6},"geometry":{"type":"Point","coordinates":[-82.38272,29.62124]}},{"type":"Feature","properties":{"source":"osm","owner":null,"spd_class":null,"pole_height_m":null,"install_year":null,"confidence":0.6},"geometry":{"type":"Point","coordinates":[-82.38379,29.61974]}},{"type":"Feature","properties":{"source":"osm","owner":null,"spd_class":null,"pole_height_m":null,"install_year":null,"confidence":0.6},"geometry":{"type":"Point","coordinates":[-82.38308,29.62007]}},{"type":"Feature","properties":{"source":"osm","owner":null,"spd_class":null,"pole_height_m":null,"install_year":null,"confidence":0.6},"geometry":{"type":"Point","coordinates":[-82.38343,29.62024]}},{"type":"Feature","properties":{"source":"osm","owner":null,"spd_class":null,"pole_height_m":null,"install_year":null,"confidence":0.6},"geometry":{"type":"Point","coordinates":[-82.38309,29.62076]}},{"type":"Feature","properties":{"source":"osm","owner":null,"spd_class":null,"pole_height_m":null,"install_year":null,"confidence":0.6},"geometry":{"type":"Point","coordinates":[-82.38411,29.62055]}},{"type":"Feature","properties":{"source":"osm","owner":null,"spd_class":null,"pole_height_m":null,"install_year":null,"confidence":0.6},"geometry":{"type":"Point","coordinates":[-82.38241,29.62043]}},{"type":"Feature","properties":{"source":"osm","owner":null,"spd_class":null,"pole_height_m":null,"install_year":null,"confidence":0.6},"geometry":{"type":"Point","coordinates":[-82.38342,29.61989]}},{"type":"Feature","properties":{"source":"osm","owner":null,"spd_class":null,"pole_height_m":null,"install_year":null,"confidence":0.6},"geometry":{"type":"Point","coordinates":[-82.38378,29.62041]}},{"type":"Feature","properties":{"source":"osm","owner":null,"spd_class":null,"pole_height_m":null,"install_year":null,"confidence":0.6},"geometry":{"type":"Point","coordinates":[-82.38343,29.62058]}},{"type":"Feature","properties":{"source":"osm","owner":null,"spd_class":null,"pole_height_m":null,"install_year":null,"confidence":0.6},"geometry":{"type":"Point","coordinates":[-82.38239,29.62078]}},{"type":"Feature","properties":{"source":"osm","owner":null,"spd_class":null,"pole_height_m":null,"install_year":null,"confidence":0.6},"geometry":{"type":"Point","coordinates":[-82.38309,29.62104]}},{"type":"Feature","properties":{"source":"osm","owner":null,"spd_class":null,"pole_height_m":null,"install_year":null,"confidence":0.6},"geometry":{"type":"Point","coordinates":[-82.38276,29.6206]}},{"type":"Feature","properties":{"source":"osm","owner":null,"spd_class":null,"pole_height_m":null,"install_year":null,"confidence":0.6},"geometry":{"type":"Point","coordinates":[-82.38275,29.62094]}},{"type":"Feature","properties":{"source":"osm","owner":null,"spd_class":null,"pole_height_m":null,"install_year":null,"confidence":0.6},"geometry":{"type":"Point","coordinates":[-82.38309,29.62042]}},{"type":"Feature","properties":{"source":"osm","owner":null,"spd_class":null,"pole_height_m":null,"install_year":null,"confidence":0.6},"geometry":{"type":"Point","coordinates":[-82.38398,29.62035]}},{"type":"Feature","properties":{"source":"osm","owner":null,"spd_class":null,"pole_height_m":null,"install_year":null,"confidence":0.6},"geometry":{"type":"Point","coordinates":[-82.38377,29.62073]}},{"type":"Feature","properties":{"source":"osm","owner":null,"spd_class":null,"pole_height_m":null,"install_year":null,"confidence":0.6},"geometry":{"type":"Point","coordinates":[-81.43809,30.12441]}},{"type":"Feature","properties":{"source":"osm","owner":null,"spd_class":null,"pole_height_m":null,"install_year":null,"confidence":0.6},"geometry":{"type":"Point","coordinates":[-81.43758,30.12444]}},{"type":"Feature","properties":{"source":"osm","owner":null,"spd_class":null,"pole_height_m":null,"install_year":null,"confidence":0.6},"geometry":{"type":"Point","coordinates":[-81.4388,30.12449]}},{"type":"Feature","properties":{"source":"osm","owner":null,"spd_class":null,"pole_height_m":null,"install_year":null,"confidence":0.6},"geometry":{"type":"Point","coordinates":[-81.43939,30.12458]}},{"type":"Feature","properties":{"source":"osm","owner":null,"spd_class":null,"pole_height_m":null,"install_year":null,"confidence":0.6},"geometry":{"type":"Point","coordinates":[-82.34116,29.648]}},{"type":"Feature","properties":{"source":"osm","owner":null,"spd_class":null,"pole_height_m":null,"install_year":null,"confidence":0.6},"geometry":{"type":"Point","coordinates":[-82.32418,29.64414]}},{"type":"Feature","properties":{"source":"osm","owner":null,"spd_class":null,"pole_height_m":null,"install_year":null,"confidence":0.6},"geometry":{"type":"Point","coordinates":[-82.32401,29.64421]}},{"type":"Feature","properties":{"source":"osm","owner":null,"spd_class":null,"pole_height_m":null,"install_year":null,"confidence":0.6},"geometry":{"type":"Point","coordinates":[-82.32383,29.64428]}},{"type":"Feature","properties":{"source":"osm","owner":null,"spd_class":null,"pole_height_m":null,"install_year":null,"confidence":0.6},"geometry":{"type":"Point","coordinates":[-82.32368,29.64438]}},{"type":"Feature","properties":{"source":"osm","owner":null,"spd_class":null,"pole_height_m":null,"install_year":null,"confidence":0.6},"geometry":{"type":"Point","coordinates":[-82.3235,29.64449]}},{"type":"Feature","properties":{"source":"osm","owner":null,"spd_class":null,"pole_height_m":null,"install_year":null,"confidence":0.6},"geometry":{"type":"Point","coordinates":[-82.3233,29.64457]}},{"type":"Feature","properties":{"source":"osm","owner":null,"spd_class":null,"pole_height_m":null,"install_year":null,"confidence":0.6},"geometry":{"type":"Point","coordinates":[-82.32304,29.6445]}},{"type":"Feature","properties":{"source":"osm","owner":null,"spd_class":null,"pole_height_m":null,"install_year":null,"confidence":0.6},"geometry":{"type":"Point","coordinates":[-82.32294,29.64449]}},{"type":"Feature","properties":{"source":"osm","owner":null,"spd_class":null,"pole_height_m":null,"install_year":null,"confidence":0.6},"geometry":{"type":"Point","coordinates":[-82.32316,29.64436]}},{"type":"Feature","properties":{"source":"osm","owner":null,"spd_class":null,"pole_height_m":null,"install_year":null,"confidence":0.6},"geometry":{"type":"Point","coordinates":[-82.32288,29.64433]}},{"type":"Feature","properties":{"source":"osm","owner":null,"spd_class":null,"pole_height_m":null,"install_year":null,"confidence":0.6},"geometry":{"type":"Point","coordinates":[-82.32291,29.64425]}},{"type":"Feature","properties":{"source":"osm","owner":null,"spd_class":null,"pole_height_m":null,"install_year":null,"confidence":0.6},"geometry":{"type":"Point","coordinates":[-82.32305,29.64427]}},{"type":"Feature","properties":{"source":"osm","owner":null,"spd_class":null,"pole_height_m":null,"install_year":null,"confidence":0.6},"geometry":{"type":"Point","coordinates":[-82.32318,29.64427]}},{"type":"Feature","properties":{"source":"osm","owner":null,"spd_class":null,"pole_height_m":null,"install_year":null,"confidence":0.6},"geometry":{"type":"Point","coordinates":[-82.32275,29.64419]}},{"type":"Feature","properties":{"source":"osm","owner":null,"spd_class":null,"pole_height_m":null,"install_year":null,"confidence":0.6},"geometry":{"type":"Point","coordinates":[-82.32263,29.64424]}},{"type":"Feature","properties":{"source":"osm","owner":null,"spd_class":null,"pole_height_m":null,"install_year":null,"confidence":0.6},"geometry":{"type":"Point","coordinates":[-82.32263,29.6441]}},{"type":"Feature","properties":{"source":"osm","owner":null,"spd_class":null,"pole_height_m":null,"install_year":null,"confidence":0.6},"geometry":{"type":"Point","coordinates":[-82.32251,29.64392]}},{"type":"Feature","properties":{"source":"osm","owner":null,"spd_class":null,"pole_height_m":null,"install_year":null,"confidence":0.6},"geometry":{"type":"Point","coordinates":[-82.32242,29.64385]}},{"type":"Feature","properties":{"source":"osm","owner":null,"spd_class":null,"pole_height_m":null,"install_year":null,"confidence":0.6},"geometry":{"type":"Point","coordinates":[-82.32228,29.64383]}},{"type":"Feature","properties":{"source":"osm","owner":null,"spd_class":null,"pole_height_m":null,"install_year":null,"confidence":0.6},"geometry":{"type":"Point","coordinates":[-82.32216,29.64387]}},{"type":"Feature","properties":{"source":"osm","owner":null,"spd_class":null,"pole_height_m":null,"install_year":null,"confidence":0.6},"geometry":{"type":"Point","coordinates":[-82.32205,29.64394]}},{"type":"Feature","properties":{"source":"osm","owner":null,"spd_class":null,"pole_height_m":null,"install_year":null,"confidence":0.6},"geometry":{"type":"Point","coordinates":[-82.32191,29.64401]}},{"type":"Feature","properties":{"source":"osm","owner":null,"spd_class":null,"pole_height_m":null,"install_year":null,"confidence":0.6},"geometry":{"type":"Point","coordinates":[-82.32197,29.6442]}},{"type":"Feature","properties":{"source":"osm","owner":null,"spd_class":null,"pole_height_m":null,"install_year":null,"confidence":0.6},"geometry":{"type":"Point","coordinates":[-82.32186,29.64411]}},{"type":"Feature","properties":{"source":"osm","owner":null,"spd_class":null,"pole_height_m":null,"install_year":null,"confidence":0.6},"geometry":{"type":"Point","coordinates":[-82.32175,29.64403]}},{"type":"Feature","properties":{"source":"osm","owner":null,"spd_class":null,"pole_height_m":null,"install_year":null,"confidence":0.6},"geometry":{"type":"Point","coordinates":[-82.32162,29.644]}},{"type":"Feature","properties":{"source":"osm","owner":null,"spd_class":null,"pole_height_m":null,"install_year":null,"confidence":0.6},"geometry":{"type":"Point","coordinates":[-82.32152,29.64394]}},{"type":"Feature","properties":{"source":"osm","owner":null,"spd_class":null,"pole_height_m":null,"install_year":null,"confidence":0.6},"geometry":{"type":"Point","coordinates":[-82.32143,29.64384]}},{"type":"Feature","properties":{"source":"osm","owner":null,"spd_class":null,"pole_height_m":null,"install_year":null,"confidence":0.6},"geometry":{"type":"Point","coordinates":[-82.32458,29.64386]}},{"type":"Feature","properties":{"source":"osm","owner":null,"spd_class":null,"pole_height_m":null,"install_year":null,"confidence":0.6},"geometry":{"type":"Point","coordinates":[-82.32445,29.64371]}},{"type":"Feature","properties":{"source":"osm","owner":null,"spd_class":null,"pole_height_m":null,"install_year":null,"confidence":0.6},"geometry":{"type":"Point","coordinates":[-82.32432,29.64373]}},{"type":"Feature","properties":{"source":"osm","owner":null,"spd_class":null,"pole_height_m":null,"install_year":null,"confidence":0.6},"geometry":{"type":"Point","coordinates":[-82.32435,29.64394]}},{"type":"Feature","properties":{"source":"osm","owner":null,"spd_class":null,"pole_height_m":null,"install_year":null,"confidence":0.6},"geometry":{"type":"Point","coordinates":[-82.3242,29.64397]}},{"type":"Feature","properties":{"source":"osm","owner":null,"spd_class":null,"pole_height_m":null,"install_year":null,"confidence":0.6},"geometry":{"type":"Point","coordinates":[-82.32433,29.64405]}},{"type":"Feature","properties":{"source":"osm","owner":null,"spd_class":null,"pole_height_m":null,"install_year":null,"confidence":0.6},"geometry":{"type":"Point","coordinates":[-82.32448,29.64414]}},{"type":"Feature","properties":{"source":"osm","owner":null,"spd_class":null,"pole_height_m":null,"install_year":null,"confidence":0.6},"geometry":{"type":"Point","coordinates":[-82.32472,29.64393]}},{"type":"Feature","properties":{"source":"osm","owner":null,"spd_class":null,"pole_height_m":null,"install_year":null,"confidence":0.6},"geometry":{"type":"Point","coordinates":[-82.32474,29.64406]}},{"type":"Feature","properties":{"source":"osm","owner":null,"spd_class":null,"pole_height_m":null,"install_year":null,"confidence":0.6},"geometry":{"type":"Point","coordinates":[-82.32253,29.64436]}},{"type":"Feature","properties":{"source":"osm","owner":null,"spd_class":null,"pole_height_m":null,"install_year":null,"confidence":0.6},"geometry":{"type":"Point","coordinates":[-82.32245,29.64443]}},{"type":"Feature","properties":{"source":"osm","owner":null,"spd_class":null,"pole_height_m":null,"install_year":null,"confidence":0.6},"geometry":{"type":"Point","coordinates":[-82.32388,29.64395]}},{"type":"Feature","properties":{"source":"osm","owner":null,"spd_class":null,"pole_height_m":null,"install_year":null,"confidence":0.6},"geometry":{"type":"Point","coordinates":[-82.32403,29.64386]}},{"type":"Feature","properties":{"source":"osm","owner":null,"spd_class":null,"pole_height_m":null,"install_year":null,"confidence":0.6},"geometry":{"type":"Point","coordinates":[-82.32402,29.64374]}},{"type":"Feature","properties":{"source":"osm","owner":null,"spd_class":null,"pole_height_m":null,"install_year":null,"confidence":0.6},"geometry":{"type":"Point","coordinates":[-82.32395,29.64358]}},{"type":"Feature","properties":{"source":"osm","owner":null,"spd_class":null,"pole_height_m":null,"install_year":null,"confidence":0.6},"geometry":{"type":"Point","coordinates":[-82.32394,29.64337]}},{"type":"Feature","properties":{"source":"osm","owner":null,"spd_class":null,"pole_height_m":null,"install_year":null,"confidence":0.6},"geometry":{"type":"Point","coordinates":[-82.32387,29.64322]}},{"type":"Feature","properties":{"source":"osm","owner":null,"spd_class":null,"pole_height_m":null,"install_year":null,"confidence":0.6},"geometry":{"type":"Point","coordinates":[-82.32403,29.64325]}},{"type":"Feature","properties":{"source":"osm","owner":null,"spd_class":null,"pole_height_m":null,"install_year":null,"confidence":0.6},"geometry":{"type":"Point","coordinates":[-82.32432,29.64273]}},{"type":"Feature","properties":{"source":"osm","owner":null,"spd_class":null,"pole_height_m":null,"install_year":null,"confidence":0.6},"geometry":{"type":"Point","coordinates":[-82.32414,29.64286]}},{"type":"Feature","properties":{"source":"osm","owner":null,"spd_class":null,"pole_height_m":null,"install_year":null,"confidence":0.6},"geometry":{"type":"Point","coordinates":[-82.32407,29.64293]}},{"type":"Feature","properties":{"source":"osm","owner":null,"spd_class":null,"pole_height_m":null,"install_year":null,"confidence":0.6},"geometry":{"type":"Point","coordinates":[-82.32438,29.64259]}},{"type":"Feature","properties":{"source":"osm","owner":null,"spd_class":null,"pole_height_m":null,"install_year":null,"confidence":0.6},"geometry":{"type":"Point","coordinates":[-82.32406,29.6434]}},{"type":"Feature","properties":{"source":"osm","owner":null,"spd_class":null,"pole_height_m":null,"install_year":null,"confidence":0.6},"geometry":{"type":"Point","coordinates":[-82.32413,29.64355]}},{"type":"Feature","properties":{"source":"osm","owner":null,"spd_class":null,"pole_height_m":null,"install_year":null,"confidence":0.6},"geometry":{"type":"Point","coordinates":[-82.32435,29.64379]}},{"type":"Feature","properties":{"source":"osm","owner":null,"spd_class":null,"pole_height_m":null,"install_year":null,"confidence":0.6},"geometry":{"type":"Point","coordinates":[-82.32336,29.64424]}},{"type":"Feature","properties":{"source":"osm","owner":null,"spd_class":null,"pole_height_m":null,"install_year":null,"confidence":0.6},"geometry":{"type":"Point","coordinates":[-82.32349,29.64419]}},{"type":"Feature","properties":{"source":"osm","owner":null,"spd_class":null,"pole_height_m":null,"install_year":null,"confidence":0.6},"geometry":{"type":"Point","coordinates":[-82.32364,29.64411]}},{"type":"Feature","properties":{"source":"osm","owner":null,"spd_class":null,"pole_height_m":null,"install_year":null,"confidence":0.6},"geometry":{"type":"Point","coordinates":[-82.32375,29.64402]}},{"type":"Feature","properties":{"source":"osm","owner":null,"spd_class":null,"pole_height_m":null,"install_year":null,"confidence":0.6},"geometry":{"type":"Point","coordinates":[-82.32284,29.64462]}},{"type":"Feature","properties":{"source":"osm","owner":null,"spd_class":null,"pole_height_m":null,"install_year":null,"confidence":0.6},"geometry":{"type":"Point","coordinates":[-82.3226,29.64459]}},{"type":"Feature","properties":{"source":"osm","owner":null,"spd_class":null,"pole_height_m":null,"install_year":null,"confidence":0.6},"geometry":{"type":"Point","coordinates":[-82.32238,29.64452]}},{"type":"Feature","properties":{"source":"osm","owner":null,"spd_class":null,"pole_height_m":null,"install_year":null,"confidence":0.6},"geometry":{"type":"Point","coordinates":[-82.32218,29.64444]}},{"type":"Feature","properties":{"source":"osm","owner":null,"spd_class":null,"pole_height_m":null,"install_year":null,"confidence":0.6},"geometry":{"type":"Point","coordinates":[-82.32196,29.64444]}},{"type":"Feature","properties":{"source":"osm","owner":null,"spd_class":null,"pole_height_m":null,"install_year":null,"confidence":0.6},"geometry":{"type":"Point","coordinates":[-82.32175,29.64439]}},{"type":"Feature","properties":{"source":"osm","owner":null,"spd_class":null,"pole_height_m":null,"install_year":null,"confidence":0.6},"geometry":{"type":"Point","coordinates":[-82.32174,29.64459]}},{"type":"Feature","properties":{"source":"osm","owner":null,"spd_class":null,"pole_height_m":null,"install_year":null,"confidence":0.6},"geometry":{"type":"Point","coordinates":[-82.32198,29.64499]}},{"type":"Feature","properties":{"source":"osm","owner":null,"spd_class":null,"pole_height_m":null,"install_year":null,"confidence":0.6},"geometry":{"type":"Point","coordinates":[-81.7404,30.19663]}},{"type":"Feature","properties":{"source":"osm","owner":null,"spd_class":null,"pole_height_m":null,"install_year":null,"confidence":0.6},"geometry":{"type":"Point","coordinates":[-81.73903,30.19694]}},{"type":"Feature","properties":{"source":"osm","owner":null,"spd_class":null,"pole_height_m":null,"install_year":null,"confidence":0.6},"geometry":{"type":"Point","coordinates":[-81.73721,30.19526]}},{"type":"Feature","properties":{"source":"osm","owner":null,"spd_class":null,"pole_height_m":null,"install_year":null,"confidence":0.6},"geometry":{"type":"Point","coordinates":[-81.73736,30.19628]}},{"type":"Feature","properties":{"source":"osm","owner":null,"spd_class":null,"pole_height_m":null,"install_year":null,"confidence":0.6},"geometry":{"type":"Point","coordinates":[-81.73557,30.1956]}},{"type":"Feature","properties":{"source":"osm","owner":null,"spd_class":null,"pole_height_m":null,"install_year":null,"confidence":0.6},"geometry":{"type":"Point","coordinates":[-81.73548,30.19473]}},{"type":"Feature","properties":{"source":"osm","owner":null,"spd_class":null,"pole_height_m":null,"install_year":null,"confidence":0.6},"geometry":{"type":"Point","coordinates":[-81.73364,30.19485]}},{"type":"Feature","properties":{"source":"osm","owner":null,"spd_class":null,"pole_height_m":null,"install_year":null,"confidence":0.6},"geometry":{"type":"Point","coordinates":[-81.73301,30.19379]}},{"type":"Feature","properties":{"source":"osm","owner":null,"spd_class":null,"pole_height_m":null,"install_year":null,"confidence":0.6},"geometry":{"type":"Point","coordinates":[-81.73157,30.19425]}},{"type":"Feature","properties":{"source":"osm","owner":null,"spd_class":null,"pole_height_m":null,"install_year":null,"confidence":0.6},"geometry":{"type":"Point","coordinates":[-81.73081,30.193]}},{"type":"Feature","properties":{"source":"osm","owner":null,"spd_class":null,"pole_height_m":null,"install_year":null,"confidence":0.6},"geometry":{"type":"Point","coordinates":[-81.72929,30.19327]}},{"type":"Feature","properties":{"source":"osm","owner":null,"spd_class":null,"pole_height_m":null,"install_year":null,"confidence":0.6},"geometry":{"type":"Point","coordinates":[-81.72823,30.19206]}},{"type":"Feature","properties":{"source":"osm","owner":null,"spd_class":null,"pole_height_m":null,"install_year":null,"confidence":0.6},"geometry":{"type":"Point","coordinates":[-81.72664,30.19233]}},{"type":"Feature","properties":{"source":"osm","owner":null,"spd_class":null,"pole_height_m":null,"install_year":null,"confidence":0.6},"geometry":{"type":"Point","coordinates":[-81.72539,30.19126]}},{"type":"Feature","properties":{"source":"osm","owner":null,"spd_class":null,"pole_height_m":null,"install_year":null,"confidence":0.6},"geometry":{"type":"Point","coordinates":[-81.72374,30.19174]}},{"type":"Feature","properties":{"source":"osm","owner":null,"spd_class":null,"pole_height_m":null,"install_year":null,"confidence":0.6},"geometry":{"type":"Point","coordinates":[-81.72248,30.19087]}},{"type":"Feature","properties":{"source":"osm","owner":null,"spd_class":null,"pole_height_m":null,"install_year":null,"confidence":0.6},"geometry":{"type":"Point","coordinates":[-81.70969,30.19188]}},{"type":"Feature","properties":{"source":"osm","owner":null,"spd_class":null,"pole_height_m":null,"install_year":null,"confidence":0.6},"geometry":{"type":"Point","coordinates":[-81.70763,30.19102]}},{"type":"Feature","properties":{"source":"osm","owner":null,"spd_class":null,"pole_height_m":null,"install_year":null,"confidence":0.6},"geometry":{"type":"Point","coordinates":[-81.70625,30.19203]}},{"type":"Feature","properties":{"source":"osm","owner":null,"spd_class":null,"pole_height_m":null,"install_year":null,"confidence":0.6},"geometry":{"type":"Point","coordinates":[-81.70603,30.19023]}},{"type":"Feature","properties":{"source":"osm","owner":null,"spd_class":null,"pole_height_m":null,"install_year":null,"confidence":0.6},"geometry":{"type":"Point","coordinates":[-81.70385,30.18908]}},{"type":"Feature","properties":{"source":"osm","owner":null,"spd_class":null,"pole_height_m":null,"install_year":null,"confidence":0.6},"geometry":{"type":"Point","coordinates":[-81.70449,30.19086]}},{"type":"Feature","properties":{"source":"osm","owner":null,"spd_class":null,"pole_height_m":null,"install_year":null,"confidence":0.6},"geometry":{"type":"Point","coordinates":[-81.70446,30.19297]}},{"type":"Feature","properties":{"source":"osm","owner":null,"spd_class":null,"pole_height_m":null,"install_year":null,"confidence":0.6},"geometry":{"type":"Point","coordinates":[-81.7061,30.19348]}},{"type":"Feature","properties":{"source":"osm","owner":null,"spd_class":null,"pole_height_m":null,"install_year":null,"confidence":0.6},"geometry":{"type":"Point","coordinates":[-81.70737,30.19479]}},{"type":"Feature","properties":{"source":"osm","owner":null,"spd_class":null,"pole_height_m":null,"install_year":null,"confidence":0.6},"geometry":{"type":"Point","coordinates":[-81.70119,30.19133]}},{"type":"Feature","properties":{"source":"osm","owner":null,"spd_class":null,"pole_height_m":null,"install_year":null,"confidence":0.6},"geometry":{"type":"Point","coordinates":[-81.70326,30.19204]}},{"type":"Feature","properties":{"source":"osm","owner":null,"spd_class":null,"pole_height_m":null,"install_year":null,"confidence":0.6},"geometry":{"type":"Point","coordinates":[-81.63205,30.18229]}},{"type":"Feature","properties":{"source":"osm","owner":null,"spd_class":null,"pole_height_m":null,"install_year":null,"confidence":0.6},"geometry":{"type":"Point","coordinates":[-81.63085,30.18295]}},{"type":"Feature","properties":{"source":"osm","owner":null,"spd_class":null,"pole_height_m":null,"install_year":null,"confidence":0.6},"geometry":{"type":"Point","coordinates":[-81.6302,30.18163]}},{"type":"Feature","properties":{"source":"osm","owner":null,"spd_class":null,"pole_height_m":null,"install_year":null,"confidence":0.6},"geometry":{"type":"Point","coordinates":[-81.62885,30.18118]}},{"type":"Feature","properties":{"source":"osm","owner":null,"spd_class":null,"pole_height_m":null,"install_year":null,"confidence":0.6},"geometry":{"type":"Point","coordinates":[-81.62979,30.18027]}},{"type":"Feature","properties":{"source":"osm","owner":null,"spd_class":null,"pole_height_m":null,"install_year":null,"confidence":0.6},"geometry":{"type":"Point","coordinates":[-81.62686,30.18015]}},{"type":"Feature","properties":{"source":"osm","owner":null,"spd_class":null,"pole_height_m":null,"install_year":null,"confidence":0.6},"geometry":{"type":"Point","coordinates":[-81.62843,30.17939]}},{"type":"Feature","properties":{"source":"osm","owner":null,"spd_class":null,"pole_height_m":null,"install_year":null,"confidence":0.6},"geometry":{"type":"Point","coordinates":[-81.62575,30.18076]}},{"type":"Feature","properties":{"source":"osm","owner":null,"spd_class":null,"pole_height_m":null,"install_year":null,"confidence":0.6},"geometry":{"type":"Point","coordinates":[-81.62692,30.18161]}},{"type":"Feature","properties":{"source":"osm","owner":null,"spd_class":null,"pole_height_m":null,"install_year":null,"confidence":0.6},"geometry":{"type":"Point","coordinates":[-81.62803,30.18225]}},{"type":"Feature","properties":{"source":"osm","owner":null,"spd_class":null,"pole_height_m":null,"install_year":null,"confidence":0.6},"geometry":{"type":"Point","coordinates":[-81.62921,30.18332]}},{"type":"Feature","properties":{"source":"osm","owner":null,"spd_class":null,"pole_height_m":null,"install_year":null,"confidence":0.6},"geometry":{"type":"Point","coordinates":[-81.62817,30.18466]}},{"type":"Feature","properties":{"source":"osm","owner":null,"spd_class":null,"pole_height_m":null,"install_year":null,"confidence":0.6},"geometry":{"type":"Point","coordinates":[-81.62543,30.17937]}},{"type":"Feature","properties":{"source":"osm","owner":null,"spd_class":null,"pole_height_m":null,"install_year":null,"confidence":0.6},"geometry":{"type":"Point","coordinates":[-81.62408,30.17938]}},{"type":"Feature","properties":{"source":"osm","owner":null,"spd_class":null,"pole_height_m":null,"install_year":null,"confidence":0.6},"geometry":{"type":"Point","coordinates":[-81.60437,30.1688]}},{"type":"Feature","properties":{"source":"osm","owner":null,"spd_class":null,"pole_height_m":null,"install_year":null,"confidence":0.6},"geometry":{"type":"Point","coordinates":[-81.60585,30.1692]}},{"type":"Feature","properties":{"source":"osm","owner":null,"spd_class":null,"pole_height_m":null,"install_year":null,"confidence":0.6},"geometry":{"type":"Point","coordinates":[-81.60522,30.1701]}},{"type":"Feature","properties":{"source":"osm","owner":null,"spd_class":null,"pole_height_m":null,"install_year":null,"confidence":0.6},"geometry":{"type":"Point","coordinates":[-81.60319,30.17013]}},{"type":"Feature","properties":{"source":"osm","owner":null,"spd_class":null,"pole_height_m":null,"install_year":null,"confidence":0.6},"geometry":{"type":"Point","coordinates":[-81.60222,30.16726]}},{"type":"Feature","properties":{"source":"osm","owner":null,"spd_class":null,"pole_height_m":null,"install_year":null,"confidence":0.6},"geometry":{"type":"Point","coordinates":[-81.60085,30.16839]}},{"type":"Feature","properties":{"source":"osm","owner":null,"spd_class":null,"pole_height_m":null,"install_year":null,"confidence":0.6},"geometry":{"type":"Point","coordinates":[-81.60287,30.17176]}},{"type":"Feature","properties":{"source":"osm","owner":null,"spd_class":null,"pole_height_m":null,"install_year":null,"confidence":0.6},"geometry":{"type":"Point","coordinates":[-81.59939,30.16939]}},{"type":"Feature","properties":{"source":"osm","owner":null,"spd_class":null,"pole_height_m":null,"install_year":null,"confidence":0.6},"geometry":{"type":"Point","coordinates":[-81.59886,30.16843]}},{"type":"Feature","properties":{"source":"osm","owner":null,"spd_class":null,"pole_height_m":null,"install_year":null,"confidence":0.6},"geometry":{"type":"Point","coordinates":[-81.56767,30.1667]}},{"type":"Feature","properties":{"source":"osm","owner":null,"spd_class":null,"pole_height_m":null,"install_year":null,"confidence":0.6},"geometry":{"type":"Point","coordinates":[-81.56631,30.16748]}},{"type":"Feature","properties":{"source":"osm","owner":null,"spd_class":null,"pole_height_m":null,"install_year":null,"confidence":0.6},"geometry":{"type":"Point","coordinates":[-81.56474,30.16671]}},{"type":"Feature","properties":{"source":"osm","owner":null,"spd_class":null,"pole_height_m":null,"install_year":null,"confidence":0.6},"geometry":{"type":"Point","coordinates":[-81.56359,30.16757]}},{"type":"Feature","properties":{"source":"osm","owner":null,"spd_class":null,"pole_height_m":null,"install_year":null,"confidence":0.6},"geometry":{"type":"Point","coordinates":[-81.56256,30.16658]}},{"type":"Feature","properties":{"source":"osm","owner":null,"spd_class":null,"pole_height_m":null,"install_year":null,"confidence":0.6},"geometry":{"type":"Point","coordinates":[-81.56197,30.16789]}},{"type":"Feature","properties":{"source":"osm","owner":null,"spd_class":null,"pole_height_m":null,"install_year":null,"confidence":0.6},"geometry":{"type":"Point","coordinates":[-81.56111,30.16708]}},{"type":"Feature","properties":{"source":"osm","owner":null,"spd_class":null,"pole_height_m":null,"install_year":null,"confidence":0.6},"geometry":{"type":"Point","coordinates":[-81.56026,30.16634]}},{"type":"Feature","properties":{"source":"osm","owner":null,"spd_class":null,"pole_height_m":null,"install_year":null,"confidence":0.6},"geometry":{"type":"Point","coordinates":[-81.55913,30.16713]}},{"type":"Feature","properties":{"source":"osm","owner":null,"spd_class":null,"pole_height_m":null,"install_year":null,"confidence":0.6},"geometry":{"type":"Point","coordinates":[-81.55878,30.16626]}},{"type":"Feature","properties":{"source":"osm","owner":null,"spd_class":null,"pole_height_m":null,"install_year":null,"confidence":0.6},"geometry":{"type":"Point","coordinates":[-81.56013,30.16833]}},{"type":"Feature","properties":{"source":"osm","owner":null,"spd_class":null,"pole_height_m":null,"install_year":null,"confidence":0.6},"geometry":{"type":"Point","coordinates":[-81.55888,30.16821]}},{"type":"Feature","properties":{"source":"osm","owner":null,"spd_class":null,"pole_height_m":null,"install_year":null,"confidence":0.6},"geometry":{"type":"Point","coordinates":[-81.55763,30.16876]}},{"type":"Feature","properties":{"source":"osm","owner":null,"spd_class":null,"pole_height_m":null,"install_year":null,"confidence":0.6},"geometry":{"type":"Point","coordinates":[-81.55813,30.16947]}},{"type":"Feature","properties":{"source":"osm","owner":null,"spd_class":null,"pole_height_m":null,"install_year":null,"confidence":0.6},"geometry":{"type":"Point","coordinates":[-81.55748,30.17002]}},{"type":"Feature","properties":{"source":"osm","owner":null,"spd_class":null,"pole_height_m":null,"install_year":null,"confidence":0.6},"geometry":{"type":"Point","coordinates":[-81.55647,30.16879]}},{"type":"Feature","properties":{"source":"osm","owner":null,"spd_class":null,"pole_height_m":null,"install_year":null,"confidence":0.6},"geometry":{"type":"Point","coordinates":[-81.55792,30.17124]}},{"type":"Feature","properties":{"source":"osm","owner":null,"spd_class":null,"pole_height_m":null,"install_year":null,"confidence":0.6},"geometry":{"type":"Point","coordinates":[-81.55671,30.17111]}},{"type":"Feature","properties":{"source":"osm","owner":null,"spd_class":null,"pole_height_m":null,"install_year":null,"confidence":0.6},"geometry":{"type":"Point","coordinates":[-81.55604,30.16993]}},{"type":"Feature","properties":{"source":"osm","owner":null,"spd_class":null,"pole_height_m":null,"install_year":null,"confidence":0.6},"geometry":{"type":"Point","coordinates":[-81.55737,30.17232]}},{"type":"Feature","properties":{"source":"osm","owner":null,"spd_class":null,"pole_height_m":null,"install_year":null,"confidence":0.6},"geometry":{"type":"Point","coordinates":[-81.55845,30.17313]}},{"type":"Feature","properties":{"source":"osm","owner":null,"spd_class":null,"pole_height_m":null,"install_year":null,"confidence":0.6},"geometry":{"type":"Point","coordinates":[-81.55799,30.17421]}},{"type":"Feature","properties":{"source":"osm","owner":null,"spd_class":null,"pole_height_m":null,"install_year":null,"confidence":0.6},"geometry":{"type":"Point","coordinates":[-81.55904,30.17476]}},{"type":"Feature","properties":{"source":"osm","owner":null,"spd_class":null,"pole_height_m":null,"install_year":null,"confidence":0.6},"geometry":{"type":"Point","coordinates":[-81.55818,30.1757]}},{"type":"Feature","properties":{"source":"osm","owner":null,"spd_class":null,"pole_height_m":null,"install_year":null,"confidence":0.6},"geometry":{"type":"Point","coordinates":[-81.55937,30.1765]}},{"type":"Feature","properties":{"source":"osm","owner":null,"spd_class":null,"pole_height_m":null,"install_year":null,"confidence":0.6},"geometry":{"type":"Point","coordinates":[-81.5567,30.16772]}},{"type":"Feature","properties":{"source":"osm","owner":null,"spd_class":null,"pole_height_m":null,"install_year":null,"confidence":0.6},"geometry":{"type":"Point","coordinates":[-81.55544,30.16722]}},{"type":"Feature","properties":{"source":"osm","owner":null,"spd_class":null,"pole_height_m":null,"install_year":null,"confidence":0.6},"geometry":{"type":"Point","coordinates":[-81.55413,30.16683]}},{"type":"Feature","properties":{"source":"osm","owner":null,"spd_class":null,"pole_height_m":null,"install_year":null,"confidence":0.6},"geometry":{"type":"Point","coordinates":[-81.55499,30.1684]}},{"type":"Feature","properties":{"source":"osm","owner":null,"spd_class":null,"pole_height_m":null,"install_year":null,"confidence":0.6},"geometry":{"type":"Point","coordinates":[-81.55355,30.16741]}},{"type":"Feature","properties":{"source":"osm","owner":null,"spd_class":null,"pole_height_m":null,"install_year":null,"confidence":0.6},"geometry":{"type":"Point","coordinates":[-81.55206,30.16681]}},{"type":"Feature","properties":{"source":"osm","owner":null,"spd_class":null,"pole_height_m":null,"install_year":null,"confidence":0.6},"geometry":{"type":"Point","coordinates":[-81.55332,30.16598]}},{"type":"Feature","properties":{"source":"osm","owner":null,"spd_class":null,"pole_height_m":null,"install_year":null,"confidence":0.6},"geometry":{"type":"Point","coordinates":[-81.55494,30.16618]}},{"type":"Feature","properties":{"source":"osm","owner":null,"spd_class":null,"pole_height_m":null,"install_year":null,"confidence":0.6},"geometry":{"type":"Point","coordinates":[-81.55434,30.16522]}},{"type":"Feature","properties":{"source":"osm","owner":null,"spd_class":null,"pole_height_m":null,"install_year":null,"confidence":0.6},"geometry":{"type":"Point","coordinates":[-81.55634,30.16529]}},{"type":"Feature","properties":{"source":"osm","owner":null,"spd_class":null,"pole_height_m":null,"install_year":null,"confidence":0.6},"geometry":{"type":"Point","coordinates":[-81.55464,30.16408]}},{"type":"Feature","properties":{"source":"osm","owner":null,"spd_class":null,"pole_height_m":null,"install_year":null,"confidence":0.6},"geometry":{"type":"Point","coordinates":[-81.55342,30.16473]}},{"type":"Feature","properties":{"source":"osm","owner":null,"spd_class":null,"pole_height_m":null,"install_year":null,"confidence":0.6},"geometry":{"type":"Point","coordinates":[-81.5529,30.16354]}},{"type":"Feature","properties":{"source":"osm","owner":null,"spd_class":null,"pole_height_m":null,"install_year":null,"confidence":0.6},"geometry":{"type":"Point","coordinates":[-81.55149,30.16455]}},{"type":"Feature","properties":{"source":"osm","owner":null,"spd_class":null,"pole_height_m":null,"install_year":null,"confidence":0.6},"geometry":{"type":"Point","coordinates":[-81.55134,30.16599]}},{"type":"Feature","properties":{"source":"osm","owner":null,"spd_class":null,"pole_height_m":null,"install_year":null,"confidence":0.6},"geometry":{"type":"Point","coordinates":[-81.54864,30.166]}},{"type":"Feature","properties":{"source":"osm","owner":null,"spd_class":null,"pole_height_m":null,"install_year":null,"confidence":0.6},"geometry":{"type":"Point","coordinates":[-81.55003,30.16662]}},{"type":"Feature","properties":{"source":"osm","owner":null,"spd_class":null,"pole_height_m":null,"install_year":null,"confidence":0.6},"geometry":{"type":"Point","coordinates":[-81.54992,30.1653]}},{"type":"Feature","properties":{"source":"osm","owner":null,"spd_class":null,"pole_height_m":null,"install_year":null,"confidence":0.6},"geometry":{"type":"Point","coordinates":[-81.54732,30.16668]}},{"type":"Feature","properties":{"source":"osm","owner":null,"spd_class":null,"pole_height_m":null,"install_year":null,"confidence":0.6},"geometry":{"type":"Point","coordinates":[-81.54543,30.16619]}},{"type":"Feature","properties":{"source":"osm","owner":null,"spd_class":null,"pole_height_m":null,"install_year":null,"confidence":0.6},"geometry":{"type":"Point","coordinates":[-81.54386,30.16707]}},{"type":"Feature","properties":{"source":"osm","owner":null,"spd_class":null,"pole_height_m":null,"install_year":null,"confidence":0.6},"geometry":{"type":"Point","coordinates":[-81.54182,30.16668]}},{"type":"Feature","properties":{"source":"osm","owner":null,"spd_class":null,"pole_height_m":null,"install_year":null,"confidence":0.6},"geometry":{"type":"Point","coordinates":[-81.53724,30.167]}},{"type":"Feature","properties":{"source":"osm","owner":null,"spd_class":null,"pole_height_m":null,"install_year":null,"confidence":0.6},"geometry":{"type":"Point","coordinates":[-81.53944,30.16664]}},{"type":"Feature","properties":{"source":"osm","owner":null,"spd_class":null,"pole_height_m":null,"install_year":null,"confidence":0.6},"geometry":{"type":"Point","coordinates":[-81.53809,30.16544]}},{"type":"Feature","properties":{"source":"osm","owner":null,"spd_class":null,"pole_height_m":null,"install_year":null,"confidence":0.6},"geometry":{"type":"Point","coordinates":[-81.53869,30.16826]}},{"type":"Feature","properties":{"source":"osm","owner":null,"spd_class":null,"pole_height_m":null,"install_year":null,"confidence":0.6},"geometry":{"type":"Point","coordinates":[-81.53715,30.16874]}},{"type":"Feature","properties":{"source":"osm","owner":null,"spd_class":null,"pole_height_m":null,"install_year":null,"confidence":0.6},"geometry":{"type":"Point","coordinates":[-81.53982,30.16913]}},{"type":"Feature","properties":{"source":"osm","owner":null,"spd_class":null,"pole_height_m":null,"install_year":null,"confidence":0.6},"geometry":{"type":"Point","coordinates":[-81.54172,30.16908]}},{"type":"Feature","properties":{"source":"osm","owner":null,"spd_class":null,"pole_height_m":null,"install_year":null,"confidence":0.6},"geometry":{"type":"Point","coordinates":[-81.54344,30.16979]}},{"type":"Feature","properties":{"source":"osm","owner":null,"spd_class":null,"pole_height_m":null,"install_year":null,"confidence":0.6},"geometry":{"type":"Point","coordinates":[-81.5357,30.1684]}},{"type":"Feature","properties":{"source":"osm","owner":null,"spd_class":null,"pole_height_m":null,"install_year":null,"confidence":0.6},"geometry":{"type":"Point","coordinates":[-82.38275,29.62025]}},{"type":"Feature","properties":{"source":"osm","owner":null,"spd_class":null,"pole_height_m":null,"install_year":null,"confidence":0.6},"geometry":{"type":"Point","coordinates":[-81.60129,30.16986]}},{"type":"Feature","properties":{"source":"osm","owner":null,"spd_class":null,"pole_height_m":null,"install_year":null,"confidence":0.6},"geometry":{"type":"Point","coordinates":[-81.56937,30.16766]}},{"type":"Feature","properties":{"source":"osm","owner":null,"spd_class":null,"pole_height_m":null,"install_year":null,"confidence":0.6},"geometry":{"type":"Point","coordinates":[-81.55334,30.16217]}},{"type":"Feature","properties":{"source":"osm","owner":null,"spd_class":null,"pole_height_m":null,"install_year":null,"confidence":0.6},"geometry":{"type":"Point","coordinates":[-81.5519,30.16283]}},{"type":"Feature","properties":{"source":"osm","owner":null,"spd_class":null,"pole_height_m":null,"install_year":null,"confidence":0.6},"geometry":{"type":"Point","coordinates":[-81.55149,30.16137]}},{"type":"Feature","properties":{"source":"osm","owner":null,"spd_class":null,"pole_height_m":null,"install_year":null,"confidence":0.6},"geometry":{"type":"Point","coordinates":[-81.55209,30.1601]}},{"type":"Feature","properties":{"source":"osm","owner":null,"spd_class":null,"pole_height_m":null,"install_year":null,"confidence":0.6},"geometry":{"type":"Point","coordinates":[-81.55058,30.15916]}},{"type":"Feature","properties":{"source":"osm","owner":null,"spd_class":null,"pole_height_m":null,"install_year":null,"confidence":0.6},"geometry":{"type":"Point","coordinates":[-81.55058,30.15749]}},{"type":"Feature","properties":{"source":"osm","owner":null,"spd_class":null,"pole_height_m":null,"install_year":null,"confidence":0.6},"geometry":{"type":"Point","coordinates":[-81.54924,30.1565]}},{"type":"Feature","properties":{"source":"osm","owner":null,"spd_class":null,"pole_height_m":null,"install_year":null,"confidence":0.6},"geometry":{"type":"Point","coordinates":[-81.55862,30.17755]}},{"type":"Feature","properties":{"source":"osm","owner":null,"spd_class":null,"pole_height_m":null,"install_year":null,"confidence":0.6},"geometry":{"type":"Point","coordinates":[-81.55859,30.18481]}},{"type":"Feature","properties":{"source":"osm","owner":null,"spd_class":null,"pole_height_m":null,"install_year":null,"confidence":0.6},"geometry":{"type":"Point","coordinates":[-81.55739,30.18601]}},{"type":"Feature","properties":{"source":"osm","owner":null,"spd_class":null,"pole_height_m":null,"install_year":null,"confidence":0.6},"geometry":{"type":"Point","coordinates":[-81.55961,30.18652]}},{"type":"Feature","properties":{"source":"osm","owner":null,"spd_class":null,"pole_height_m":null,"install_year":null,"confidence":0.6},"geometry":{"type":"Point","coordinates":[-81.55806,30.18715]}},{"type":"Feature","properties":{"source":"osm","owner":null,"spd_class":null,"pole_height_m":null,"install_year":null,"confidence":0.6},"geometry":{"type":"Point","coordinates":[-81.55787,30.18844]}},{"type":"Feature","properties":{"source":"osm","owner":null,"spd_class":null,"pole_height_m":null,"install_year":null,"confidence":0.6},"geometry":{"type":"Point","coordinates":[-81.55681,30.1958]}},{"type":"Feature","properties":{"source":"osm","owner":null,"spd_class":null,"pole_height_m":null,"install_year":null,"confidence":0.6},"geometry":{"type":"Point","coordinates":[-81.55675,30.19741]}},{"type":"Feature","properties":{"source":"osm","owner":null,"spd_class":null,"pole_height_m":null,"install_year":null,"confidence":0.6},"geometry":{"type":"Point","coordinates":[-81.55648,30.1988]}},{"type":"Feature","properties":{"source":"osm","owner":null,"spd_class":null,"pole_height_m":null,"install_year":null,"confidence":0.6},"geometry":{"type":"Point","coordinates":[-81.85776,30.14629]}},{"type":"Feature","properties":{"source":"osm","owner":null,"spd_class":null,"pole_height_m":null,"install_year":null,"confidence":0.6},"geometry":{"type":"Point","coordinates":[-81.85913,30.14657]}},{"type":"Feature","properties":{"source":"osm","owner":null,"spd_class":null,"pole_height_m":null,"install_year":null,"confidence":0.6},"geometry":{"type":"Point","coordinates":[-81.85987,30.14664]}},{"type":"Feature","properties":{"source":"osm","owner":null,"spd_class":null,"pole_height_m":null,"install_year":null,"confidence":0.6},"geometry":{"type":"Point","coordinates":[-81.85959,30.14737]}},{"type":"Feature","properties":{"source":"osm","owner":null,"spd_class":null,"pole_height_m":null,"install_year":null,"confidence":0.6},"geometry":{"type":"Point","coordinates":[-81.86025,30.14579]}},{"type":"Feature","properties":{"source":"osm","owner":null,"spd_class":null,"pole_height_m":null,"install_year":null,"confidence":0.6},"geometry":{"type":"Point","coordinates":[-81.85955,30.14516]}},{"type":"Feature","properties":{"source":"osm","owner":null,"spd_class":null,"pole_height_m":null,"install_year":null,"confidence":0.6},"geometry":{"type":"Point","coordinates":[-81.8592,30.14462]}},{"type":"Feature","properties":{"source":"osm","owner":null,"spd_class":null,"pole_height_m":null,"install_year":null,"confidence":0.6},"geometry":{"type":"Point","coordinates":[-81.85823,30.1442]}},{"type":"Feature","properties":{"source":"osm","owner":null,"spd_class":null,"pole_height_m":null,"install_year":null,"confidence":0.6},"geometry":{"type":"Point","coordinates":[-81.85714,30.14431]}},{"type":"Feature","properties":{"source":"osm","owner":null,"spd_class":null,"pole_height_m":null,"install_year":null,"confidence":0.6},"geometry":{"type":"Point","coordinates":[-81.85624,30.14418]}},{"type":"Feature","properties":{"source":"osm","owner":null,"spd_class":null,"pole_height_m":null,"install_year":null,"confidence":0.6},"geometry":{"type":"Point","coordinates":[-81.85558,30.14437]}},{"type":"Feature","properties":{"source":"osm","owner":null,"spd_class":null,"pole_height_m":null,"install_year":null,"confidence":0.6},"geometry":{"type":"Point","coordinates":[-81.8549,30.14422]}},{"type":"Feature","properties":{"source":"osm","owner":null,"spd_class":null,"pole_height_m":null,"install_year":null,"confidence":0.6},"geometry":{"type":"Point","coordinates":[-81.85426,30.14448]}},{"type":"Feature","properties":{"source":"osm","owner":null,"spd_class":null,"pole_height_m":null,"install_year":null,"confidence":0.6},"geometry":{"type":"Point","coordinates":[-82.25747,29.1068]}},{"type":"Feature","properties":{"source":"osm","owner":null,"spd_class":null,"pole_height_m":null,"install_year":null,"confidence":0.6},"geometry":{"type":"Point","coordinates":[-82.25729,29.10684]}},{"type":"Feature","properties":{"source":"osm","owner":null,"spd_class":null,"pole_height_m":null,"install_year":null,"confidence":0.6},"geometry":{"type":"Point","coordinates":[-82.25711,29.10687]}},{"type":"Feature","properties":{"source":"osm","owner":null,"spd_class":null,"pole_height_m":null,"install_year":null,"confidence":0.6},"geometry":{"type":"Point","coordinates":[-82.25692,29.10689]}},{"type":"Feature","properties":{"source":"osm","owner":null,"spd_class":null,"pole_height_m":null,"install_year":null,"confidence":0.6},"geometry":{"type":"Point","coordinates":[-82.25673,29.10691]}},{"type":"Feature","properties":{"source":"osm","owner":null,"spd_class":null,"pole_height_m":null,"install_year":null,"confidence":0.6},"geometry":{"type":"Point","coordinates":[-82.25754,29.10716]}},{"type":"Feature","properties":{"source":"osm","owner":null,"spd_class":null,"pole_height_m":null,"install_year":null,"confidence":0.6},"geometry":{"type":"Point","coordinates":[-82.25716,29.10721]}},{"type":"Feature","properties":{"source":"osm","owner":null,"spd_class":null,"pole_height_m":null,"install_year":null,"confidence":0.6},"geometry":{"type":"Point","coordinates":[-82.25679,29.10726]}},{"type":"Feature","properties":{"source":"osm","owner":null,"spd_class":null,"pole_height_m":null,"install_year":null,"confidence":0.6},"geometry":{"type":"Point","coordinates":[-82.25759,29.10748]}},{"type":"Feature","properties":{"source":"osm","owner":null,"spd_class":null,"pole_height_m":null,"install_year":null,"confidence":0.6},"geometry":{"type":"Point","coordinates":[-82.25741,29.1075]}},{"type":"Feature","properties":{"source":"osm","owner":null,"spd_class":null,"pole_height_m":null,"install_year":null,"confidence":0.6},"geometry":{"type":"Point","coordinates":[-82.25721,29.10753]}},{"type":"Feature","properties":{"source":"osm","owner":null,"spd_class":null,"pole_height_m":null,"install_year":null,"confidence":0.6},"geometry":{"type":"Point","coordinates":[-82.25703,29.10755]}},{"type":"Feature","properties":{"source":"osm","owner":null,"spd_class":null,"pole_height_m":null,"install_year":null,"confidence":0.6},"geometry":{"type":"Point","coordinates":[-82.25685,29.10758]}},{"type":"Feature","properties":{"source":"osm","owner":null,"spd_class":null,"pole_height_m":null,"install_year":null,"confidence":0.6},"geometry":{"type":"Point","coordinates":[-82.25712,29.10675]}},{"type":"Feature","properties":{"source":"osm","owner":null,"spd_class":null,"pole_height_m":null,"install_year":null,"confidence":0.6},"geometry":{"type":"Point","coordinates":[-82.25693,29.10678]}},{"type":"Feature","properties":{"source":"osm","owner":null,"spd_class":null,"pole_height_m":null,"install_year":null,"confidence":0.6},"geometry":{"type":"Point","coordinates":[-82.25686,29.10646]}},{"type":"Feature","properties":{"source":"osm","owner":null,"spd_class":null,"pole_height_m":null,"install_year":null,"confidence":0.6},"geometry":{"type":"Point","coordinates":[-82.25673,29.10679]}},{"type":"Feature","properties":{"source":"osm","owner":null,"spd_class":null,"pole_height_m":null,"install_year":null,"confidence":0.6},"geometry":{"type":"Point","coordinates":[-82.27143,29.09829]}},{"type":"Feature","properties":{"source":"osm","owner":null,"spd_class":null,"pole_height_m":null,"install_year":null,"confidence":0.6},"geometry":{"type":"Point","coordinates":[-82.27051,29.09872]}},{"type":"Feature","properties":{"source":"osm","owner":null,"spd_class":null,"pole_height_m":null,"install_year":null,"confidence":0.6},"geometry":{"type":"Point","coordinates":[-82.27237,29.09872]}},{"type":"Feature","properties":{"source":"osm","owner":null,"spd_class":null,"pole_height_m":null,"install_year":null,"confidence":0.6},"geometry":{"type":"Point","coordinates":[-82.27378,29.09818]}},{"type":"Feature","properties":{"source":"osm","owner":null,"spd_class":null,"pole_height_m":null,"install_year":null,"confidence":0.6},"geometry":{"type":"Point","coordinates":[-82.27264,29.09916]}},{"type":"Feature","properties":{"source":"osm","owner":null,"spd_class":null,"pole_height_m":null,"install_year":null,"confidence":0.6},"geometry":{"type":"Point","coordinates":[-82.27271,29.09923]}},{"type":"Feature","properties":{"source":"osm","owner":null,"spd_class":null,"pole_height_m":null,"install_year":null,"confidence":0.6},"geometry":{"type":"Point","coordinates":[-82.27234,29.09944]}},{"type":"Feature","properties":{"source":"osm","owner":null,"spd_class":null,"pole_height_m":null,"install_year":null,"confidence":0.6},"geometry":{"type":"Point","coordinates":[-82.38135,29.62098]}},{"type":"Feature","properties":{"source":"osm","owner":null,"spd_class":null,"pole_height_m":null,"install_year":null,"confidence":0.6},"geometry":{"type":"Point","coordinates":[-82.38207,29.6206]}},{"type":"Feature","properties":{"source":"osm","owner":null,"spd_class":null,"pole_height_m":null,"install_year":null,"confidence":0.6},"geometry":{"type":"Point","coordinates":[-82.38171,29.62118]}},{"type":"Feature","properties":{"source":"osm","owner":null,"spd_class":null,"pole_height_m":null,"install_year":null,"confidence":0.6},"geometry":{"type":"Point","coordinates":[-82.38233,29.62098]}},{"type":"Feature","properties":{"source":"osm","owner":null,"spd_class":null,"pole_height_m":null,"install_year":null,"confidence":0.6},"geometry":{"type":"Point","coordinates":[-82.38169,29.6208]}},{"type":"Feature","properties":{"source":"osm","owner":null,"spd_class":null,"pole_height_m":null,"install_year":null,"confidence":0.6},"geometry":{"type":"Point","coordinates":[-82.18335,29.09297]}},{"type":"Feature","properties":{"source":"osm","owner":null,"spd_class":null,"pole_height_m":null,"install_year":null,"confidence":0.6},"geometry":{"type":"Point","coordinates":[-82.18332,29.09366]}},{"type":"Feature","properties":{"source":"osm","owner":null,"spd_class":null,"pole_height_m":null,"install_year":null,"confidence":0.6},"geometry":{"type":"Point","coordinates":[-82.18336,29.09232]}},{"type":"Feature","properties":{"source":"osm","owner":null,"spd_class":null,"pole_height_m":null,"install_year":null,"confidence":0.6},"geometry":{"type":"Point","coordinates":[-82.34055,29.64411]}},{"type":"Feature","properties":{"source":"osm","owner":null,"spd_class":null,"pole_height_m":null,"install_year":null,"confidence":0.6},"geometry":{"type":"Point","coordinates":[-82.34046,29.64419]}},{"type":"Feature","properties":{"source":"osm","owner":null,"spd_class":null,"pole_height_m":null,"install_year":null,"confidence":0.6},"geometry":{"type":"Point","coordinates":[-81.56804,30.1089]}},{"type":"Feature","properties":{"source":"osm","owner":null,"spd_class":null,"pole_height_m":null,"install_year":null,"confidence":0.6},"geometry":{"type":"Point","coordinates":[-81.84947,30.17289]}},{"type":"Feature","properties":{"source":"osm","owner":null,"spd_class":null,"pole_height_m":null,"install_year":null,"confidence":0.6},"geometry":{"type":"Point","coordinates":[-81.84813,30.17328]}},{"type":"Feature","properties":{"source":"osm","owner":null,"spd_class":null,"pole_height_m":null,"install_year":null,"confidence":0.6},"geometry":{"type":"Point","coordinates":[-81.84917,30.17273]}},{"type":"Feature","properties":{"source":"osm","owner":null,"spd_class":null,"pole_height_m":null,"install_year":null,"confidence":0.6},"geometry":{"type":"Point","coordinates":[-81.85012,30.17336]}},{"type":"Feature","properties":{"source":"osm","owner":null,"spd_class":null,"pole_height_m":null,"install_year":null,"confidence":0.6},"geometry":{"type":"Point","coordinates":[-81.84961,30.17361]}},{"type":"Feature","properties":{"source":"osm","owner":null,"spd_class":null,"pole_height_m":null,"install_year":null,"confidence":0.6},"geometry":{"type":"Point","coordinates":[-81.84824,30.17313]}},{"type":"Feature","properties":{"source":"osm","owner":null,"spd_class":null,"pole_height_m":null,"install_year":null,"confidence":0.6},"geometry":{"type":"Point","coordinates":[-81.84867,30.1733]}},{"type":"Feature","properties":{"source":"osm","owner":null,"spd_class":null,"pole_height_m":null,"install_year":null,"confidence":0.6},"geometry":{"type":"Point","coordinates":[-81.85018,30.17301]}},{"type":"Feature","properties":{"source":"osm","owner":null,"spd_class":null,"pole_height_m":null,"install_year":null,"confidence":0.6},"geometry":{"type":"Point","coordinates":[-81.84878,30.17198]}},{"type":"Feature","properties":{"source":"osm","owner":null,"spd_class":null,"pole_height_m":null,"install_year":null,"confidence":0.6},"geometry":{"type":"Point","coordinates":[-81.84923,30.17359]}},{"type":"Feature","properties":{"source":"osm","owner":null,"spd_class":null,"pole_height_m":null,"install_year":null,"confidence":0.6},"geometry":{"type":"Point","coordinates":[-81.84904,30.1726]}},{"type":"Feature","properties":{"source":"osm","owner":null,"spd_class":null,"pole_height_m":null,"install_year":null,"confidence":0.6},"geometry":{"type":"Point","coordinates":[-81.84856,30.1726]}},{"type":"Feature","properties":{"source":"osm","owner":null,"spd_class":null,"pole_height_m":null,"install_year":null,"confidence":0.6},"geometry":{"type":"Point","coordinates":[-81.84884,30.17157]}},{"type":"Feature","properties":{"source":"osm","owner":null,"spd_class":null,"pole_height_m":null,"install_year":null,"confidence":0.6},"geometry":{"type":"Point","coordinates":[-81.84984,30.17295]}},{"type":"Feature","properties":{"source":"osm","owner":null,"spd_class":null,"pole_height_m":null,"install_year":null,"confidence":0.6},"geometry":{"type":"Point","coordinates":[-81.84984,30.17352]}},{"type":"Feature","properties":{"source":"osm","owner":null,"spd_class":null,"pole_height_m":null,"install_year":null,"confidence":0.6},"geometry":{"type":"Point","coordinates":[-81.84971,30.17282]}},{"type":"Feature","properties":{"source":"osm","owner":null,"spd_class":null,"pole_height_m":null,"install_year":null,"confidence":0.6},"geometry":{"type":"Point","coordinates":[-81.84865,30.17353]}},{"type":"Feature","properties":{"source":"osm","owner":null,"spd_class":null,"pole_height_m":null,"install_year":null,"confidence":0.6},"geometry":{"type":"Point","coordinates":[-81.84872,30.17218]}},{"type":"Feature","properties":{"source":"osm","owner":null,"spd_class":null,"pole_height_m":null,"install_year":null,"confidence":0.6},"geometry":{"type":"Point","coordinates":[-81.85032,30.1731]}},{"type":"Feature","properties":{"source":"osm","owner":null,"spd_class":null,"pole_height_m":null,"install_year":null,"confidence":0.6},"geometry":{"type":"Point","coordinates":[-81.84876,30.17288]}},{"type":"Feature","properties":{"source":"osm","owner":null,"spd_class":null,"pole_height_m":null,"install_year":null,"confidence":0.6},"geometry":{"type":"Point","coordinates":[-81.84896,30.17348]}},{"type":"Feature","properties":{"source":"osm","owner":null,"spd_class":null,"pole_height_m":null,"install_year":null,"confidence":0.6},"geometry":{"type":"Point","coordinates":[-81.84865,30.17238]}},{"type":"Feature","properties":{"source":"osm","owner":null,"spd_class":null,"pole_height_m":null,"install_year":null,"confidence":0.6},"geometry":{"type":"Point","coordinates":[-81.84841,30.17343]}},{"type":"Feature","properties":{"source":"osm","owner":null,"spd_class":null,"pole_height_m":null,"install_year":null,"confidence":0.6},"geometry":{"type":"Point","coordinates":[-81.84884,30.17126]}},{"type":"Feature","properties":{"source":"osm","owner":null,"spd_class":null,"pole_height_m":null,"install_year":null,"confidence":0.6},"geometry":{"type":"Point","coordinates":[-81.84847,30.17278]}},{"type":"Feature","properties":{"source":"osm","owner":null,"spd_class":null,"pole_height_m":null,"install_year":null,"confidence":0.6},"geometry":{"type":"Point","coordinates":[-81.84847,30.17358]}},{"type":"Feature","properties":{"source":"osm","owner":null,"spd_class":null,"pole_height_m":null,"install_year":null,"confidence":0.6},"geometry":{"type":"Point","coordinates":[-81.84835,30.17297]}},{"type":"Feature","properties":{"source":"osm","owner":null,"spd_class":null,"pole_height_m":null,"install_year":null,"confidence":0.6},"geometry":{"type":"Point","coordinates":[-81.84884,30.17145]}},{"type":"Feature","properties":{"source":"osm","owner":null,"spd_class":null,"pole_height_m":null,"install_year":null,"confidence":0.6},"geometry":{"type":"Point","coordinates":[-81.84882,30.17108]}},{"type":"Feature","properties":{"source":"osm","owner":null,"spd_class":null,"pole_height_m":null,"install_year":null,"confidence":0.6},"geometry":{"type":"Point","coordinates":[-81.8488,30.17083]}},{"type":"Feature","properties":{"source":"osm","owner":null,"spd_class":null,"pole_height_m":null,"install_year":null,"confidence":0.6},"geometry":{"type":"Point","coordinates":[-81.84867,30.17305]}},{"type":"Feature","properties":{"source":"osm","owner":null,"spd_class":null,"pole_height_m":null,"install_year":null,"confidence":0.6},"geometry":{"type":"Point","coordinates":[-81.79731,30.20306]}},{"type":"Feature","properties":{"source":"osm","owner":null,"spd_class":null,"pole_height_m":null,"install_year":null,"confidence":0.6},"geometry":{"type":"Point","coordinates":[-81.61822,30.1809]}},{"type":"Feature","properties":{"source":"osm","owner":null,"spd_class":null,"pole_height_m":null,"install_year":null,"confidence":0.6},"geometry":{"type":"Point","coordinates":[-81.59275,30.11849]}},{"type":"Feature","properties":{"source":"osm","owner":null,"spd_class":null,"pole_height_m":null,"install_year":null,"confidence":0.6},"geometry":{"type":"Point","coordinates":[-81.59092,30.11652]}},{"type":"Feature","properties":{"source":"osm","owner":null,"spd_class":null,"pole_height_m":null,"install_year":null,"confidence":0.6},"geometry":{"type":"Point","coordinates":[-81.60611,30.10674]}},{"type":"Feature","properties":{"source":"osm","owner":null,"spd_class":null,"pole_height_m":null,"install_year":null,"confidence":0.6},"geometry":{"type":"Point","coordinates":[-81.59159,30.11594]}},{"type":"Feature","properties":{"source":"osm","owner":null,"spd_class":null,"pole_height_m":null,"install_year":null,"confidence":0.6},"geometry":{"type":"Point","coordinates":[-81.5918,30.11619]}},{"type":"Feature","properties":{"source":"osm","owner":null,"spd_class":null,"pole_height_m":null,"install_year":null,"confidence":0.6},"geometry":{"type":"Point","coordinates":[-81.59159,30.11627]}},{"type":"Feature","properties":{"source":"osm","owner":null,"spd_class":null,"pole_height_m":null,"install_year":null,"confidence":0.6},"geometry":{"type":"Point","coordinates":[-81.59181,30.11644]}},{"type":"Feature","properties":{"source":"osm","owner":null,"spd_class":null,"pole_height_m":null,"install_year":null,"confidence":0.6},"geometry":{"type":"Point","coordinates":[-81.59241,30.11884]}},{"type":"Feature","properties":{"source":"osm","owner":null,"spd_class":null,"pole_height_m":null,"install_year":null,"confidence":0.6},"geometry":{"type":"Point","coordinates":[-81.59338,30.09693]}},{"type":"Feature","properties":{"source":"osm","owner":null,"spd_class":null,"pole_height_m":null,"install_year":null,"confidence":0.6},"geometry":{"type":"Point","coordinates":[-81.59328,30.09691]}},{"type":"Feature","properties":{"source":"osm","owner":null,"spd_class":null,"pole_height_m":null,"install_year":null,"confidence":0.6},"geometry":{"type":"Point","coordinates":[-81.59323,30.09707]}},{"type":"Feature","properties":{"source":"osm","owner":null,"spd_class":null,"pole_height_m":null,"install_year":null,"confidence":0.6},"geometry":{"type":"Point","coordinates":[-81.59334,30.0971]}},{"type":"Feature","properties":{"source":"osm","owner":null,"spd_class":null,"pole_height_m":null,"install_year":null,"confidence":0.6},"geometry":{"type":"Point","coordinates":[-81.50689,29.97291]}},{"type":"Feature","properties":{"source":"osm","owner":null,"spd_class":null,"pole_height_m":null,"install_year":null,"confidence":0.6},"geometry":{"type":"Point","coordinates":[-81.50634,29.97259]}},{"type":"Feature","properties":{"source":"osm","owner":null,"spd_class":null,"pole_height_m":null,"install_year":null,"confidence":0.6},"geometry":{"type":"Point","coordinates":[-81.50744,29.97323]}},{"type":"Feature","properties":{"source":"osm","owner":null,"spd_class":null,"pole_height_m":null,"install_year":null,"confidence":0.6},"geometry":{"type":"Point","coordinates":[-81.50799,29.97355]}},{"type":"Feature","properties":{"source":"osm","owner":null,"spd_class":null,"pole_height_m":null,"install_year":null,"confidence":0.6},"geometry":{"type":"Point","coordinates":[-81.50205,29.97008]}},{"type":"Feature","properties":{"source":"osm","owner":null,"spd_class":null,"pole_height_m":null,"install_year":null,"confidence":0.6},"geometry":{"type":"Point","coordinates":[-81.50149,29.96976]}},{"type":"Feature","properties":{"source":"osm","owner":null,"spd_class":null,"pole_height_m":null,"install_year":null,"confidence":0.6},"geometry":{"type":"Point","coordinates":[-81.50184,29.97036]}},{"type":"Feature","properties":{"source":"osm","owner":null,"spd_class":null,"pole_height_m":null,"install_year":null,"confidence":0.6},"geometry":{"type":"Point","coordinates":[-81.50123,29.97]}},{"type":"Feature","properties":{"source":"osm","owner":null,"spd_class":null,"pole_height_m":null,"install_year":null,"confidence":0.6},"geometry":{"type":"Point","coordinates":[-81.50081,29.96973]}},{"type":"Feature","properties":{"source":"osm","owner":null,"spd_class":null,"pole_height_m":null,"install_year":null,"confidence":0.6},"geometry":{"type":"Point","coordinates":[-81.50232,29.97064]}},{"type":"Feature","properties":{"source":"osm","owner":null,"spd_class":null,"pole_height_m":null,"install_year":null,"confidence":0.6},"geometry":{"type":"Point","coordinates":[-81.50291,29.97099]}},{"type":"Feature","properties":{"source":"osm","owner":null,"spd_class":null,"pole_height_m":null,"install_year":null,"confidence":0.6},"geometry":{"type":"Point","coordinates":[-81.50345,29.9713]}},{"type":"Feature","properties":{"source":"osm","owner":null,"spd_class":null,"pole_height_m":null,"install_year":null,"confidence":0.6},"geometry":{"type":"Point","coordinates":[-81.50398,29.97161]}},{"type":"Feature","properties":{"source":"osm","owner":null,"spd_class":null,"pole_height_m":null,"install_year":null,"confidence":0.6},"geometry":{"type":"Point","coordinates":[-81.50451,29.97192]}},{"type":"Feature","properties":{"source":"osm","owner":null,"spd_class":null,"pole_height_m":null,"install_year":null,"confidence":0.6},"geometry":{"type":"Point","coordinates":[-81.50505,29.97224]}},{"type":"Feature","properties":{"source":"osm","owner":null,"spd_class":null,"pole_height_m":null,"install_year":null,"confidence":0.6},"geometry":{"type":"Point","coordinates":[-81.5056,29.97256]}},{"type":"Feature","properties":{"source":"osm","owner":null,"spd_class":null,"pole_height_m":null,"install_year":null,"confidence":0.6},"geometry":{"type":"Point","coordinates":[-81.5061,29.97285]}},{"type":"Feature","properties":{"source":"osm","owner":null,"spd_class":null,"pole_height_m":null,"install_year":null,"confidence":0.6},"geometry":{"type":"Point","coordinates":[-81.50668,29.97318]}},{"type":"Feature","properties":{"source":"osm","owner":null,"spd_class":null,"pole_height_m":null,"install_year":null,"confidence":0.6},"geometry":{"type":"Point","coordinates":[-81.50722,29.97352]}},{"type":"Feature","properties":{"source":"osm","owner":null,"spd_class":null,"pole_height_m":null,"install_year":null,"confidence":0.6},"geometry":{"type":"Point","coordinates":[-81.5079,29.97391]}},{"type":"Feature","properties":{"source":"osm","owner":null,"spd_class":null,"pole_height_m":null,"install_year":null,"confidence":0.6},"geometry":{"type":"Point","coordinates":[-81.50833,29.97415]}},{"type":"Feature","properties":{"source":"osm","owner":null,"spd_class":null,"pole_height_m":null,"install_year":null,"confidence":0.6},"geometry":{"type":"Point","coordinates":[-81.58684,30.24932]}},{"type":"Feature","properties":{"source":"osm","owner":null,"spd_class":null,"pole_height_m":null,"install_year":null,"confidence":0.6},"geometry":{"type":"Point","coordinates":[-81.58679,30.24966]}},{"type":"Feature","properties":{"source":"osm","owner":null,"spd_class":null,"pole_height_m":null,"install_year":null,"confidence":0.6},"geometry":{"type":"Point","coordinates":[-81.58688,30.24897]}},{"type":"Feature","properties":{"source":"osm","owner":null,"spd_class":null,"pole_height_m":null,"install_year":null,"confidence":0.6},"geometry":{"type":"Point","coordinates":[-81.61807,30.18033]}},{"type":"Feature","properties":{"source":"osm","owner":null,"spd_class":null,"pole_height_m":null,"install_year":null,"confidence":0.6},"geometry":{"type":"Point","coordinates":[-81.61869,30.18041]}},{"type":"Feature","properties":{"source":"osm","owner":null,"spd_class":null,"pole_height_m":null,"install_year":null,"confidence":0.6},"geometry":{"type":"Point","coordinates":[-81.61743,30.18234]}},{"type":"Feature","properties":{"source":"osm","owner":null,"spd_class":null,"pole_height_m":null,"install_year":null,"confidence":0.6},"geometry":{"type":"Point","coordinates":[-81.61761,30.18254]}},{"type":"Feature","properties":{"source":"osm","owner":null,"spd_class":null,"pole_height_m":null,"install_year":null,"confidence":0.6},"geometry":{"type":"Point","coordinates":[-81.61913,30.18036]}},{"type":"Feature","properties":{"source":"osm","owner":null,"spd_class":null,"pole_height_m":null,"install_year":null,"confidence":0.6},"geometry":{"type":"Point","coordinates":[-81.61909,30.18092]}},{"type":"Feature","properties":{"source":"osm","owner":null,"spd_class":null,"pole_height_m":null,"install_year":null,"confidence":0.6},"geometry":{"type":"Point","coordinates":[-83.02948,29.13717]}},{"type":"Feature","properties":{"source":"osm","owner":null,"spd_class":null,"pole_height_m":null,"install_year":null,"confidence":0.6},"geometry":{"type":"Point","coordinates":[-83.02974,29.13706]}},{"type":"Feature","properties":{"source":"osm","owner":null,"spd_class":null,"pole_height_m":null,"install_year":null,"confidence":0.6},"geometry":{"type":"Point","coordinates":[-83.02953,29.13736]}},{"type":"Feature","properties":{"source":"osm","owner":null,"spd_class":null,"pole_height_m":null,"install_year":null,"confidence":0.6},"geometry":{"type":"Point","coordinates":[-83.02944,29.13751]}},{"type":"Feature","properties":{"source":"osm","owner":null,"spd_class":null,"pole_height_m":null,"install_year":null,"confidence":0.6},"geometry":{"type":"Point","coordinates":[-83.02967,29.13757]}},{"type":"Feature","properties":{"source":"osm","owner":null,"spd_class":null,"pole_height_m":null,"install_year":null,"confidence":0.6},"geometry":{"type":"Point","coordinates":[-83.02965,29.13744]}},{"type":"Feature","properties":{"source":"osm","owner":null,"spd_class":null,"pole_height_m":null,"install_year":null,"confidence":0.6},"geometry":{"type":"Point","coordinates":[-83.02935,29.13724]}},{"type":"Feature","properties":{"source":"osm","owner":null,"spd_class":null,"pole_height_m":null,"install_year":null,"confidence":0.6},"geometry":{"type":"Point","coordinates":[-83.0294,29.13743]}},{"type":"Feature","properties":{"source":"osm","owner":null,"spd_class":null,"pole_height_m":null,"install_year":null,"confidence":0.6},"geometry":{"type":"Point","coordinates":[-83.02985,29.137]}},{"type":"Feature","properties":{"source":"osm","owner":null,"spd_class":null,"pole_height_m":null,"install_year":null,"confidence":0.6},"geometry":{"type":"Point","coordinates":[-83.02963,29.13711]}},{"type":"Feature","properties":{"source":"osm","owner":null,"spd_class":null,"pole_height_m":null,"install_year":null,"confidence":0.6},"geometry":{"type":"Point","coordinates":[-83.03083,29.13399]}},{"type":"Feature","properties":{"source":"osm","owner":null,"spd_class":null,"pole_height_m":null,"install_year":null,"confidence":0.6},"geometry":{"type":"Point","coordinates":[-82.34165,29.64815]}},{"type":"Feature","properties":{"source":"osm","owner":null,"spd_class":null,"pole_height_m":null,"install_year":null,"confidence":0.6},"geometry":{"type":"Point","coordinates":[-81.50889,29.97447]}},{"type":"Feature","properties":{"source":"osm","owner":null,"spd_class":null,"pole_height_m":null,"install_year":null,"confidence":0.6},"geometry":{"type":"Point","coordinates":[-81.50945,29.97482]}},{"type":"Feature","properties":{"source":"osm","owner":null,"spd_class":null,"pole_height_m":null,"install_year":null,"confidence":0.6},"geometry":{"type":"Point","coordinates":[-81.51002,29.97508]}},{"type":"Feature","properties":{"source":"osm","owner":null,"spd_class":null,"pole_height_m":null,"install_year":null,"confidence":0.6},"geometry":{"type":"Point","coordinates":[-81.51056,29.97541]}},{"type":"Feature","properties":{"source":"osm","owner":null,"spd_class":null,"pole_height_m":null,"install_year":null,"confidence":0.6},"geometry":{"type":"Point","coordinates":[-81.51109,29.97575]}},{"type":"Feature","properties":{"source":"osm","owner":null,"spd_class":null,"pole_height_m":null,"install_year":null,"confidence":0.6},"geometry":{"type":"Point","coordinates":[-81.51112,29.97593]}},{"type":"Feature","properties":{"source":"osm","owner":null,"spd_class":null,"pole_height_m":null,"install_year":null,"confidence":0.6},"geometry":{"type":"Point","coordinates":[-81.51156,29.97616]}},{"type":"Feature","properties":{"source":"osm","owner":null,"spd_class":null,"pole_height_m":null,"install_year":null,"confidence":0.6},"geometry":{"type":"Point","coordinates":[-82.34165,29.64804]}},{"type":"Feature","properties":{"source":"osm","owner":null,"spd_class":null,"pole_height_m":null,"install_year":null,"confidence":0.6},"geometry":{"type":"Point","coordinates":[-82.34165,29.64825]}},{"type":"Feature","properties":{"source":"osm","owner":null,"spd_class":null,"pole_height_m":null,"install_year":null,"confidence":0.6},"geometry":{"type":"Point","coordinates":[-82.34165,29.64836]}},{"type":"Feature","properties":{"source":"osm","owner":null,"spd_class":null,"pole_height_m":null,"install_year":null,"confidence":0.6},"geometry":{"type":"Point","coordinates":[-82.34165,29.64846]}},{"type":"Feature","properties":{"source":"osm","owner":null,"spd_class":null,"pole_height_m":null,"install_year":null,"confidence":0.6},"geometry":{"type":"Point","coordinates":[-82.34154,29.64807]}},{"type":"Feature","properties":{"source":"osm","owner":null,"spd_class":null,"pole_height_m":null,"install_year":null,"confidence":0.6},"geometry":{"type":"Point","coordinates":[-82.34141,29.648]}},{"type":"Feature","properties":{"source":"osm","owner":null,"spd_class":null,"pole_height_m":null,"install_year":null,"confidence":0.6},"geometry":{"type":"Point","coordinates":[-82.344,29.64854]}},{"type":"Feature","properties":{"source":"osm","owner":null,"spd_class":null,"pole_height_m":null,"install_year":null,"confidence":0.6},"geometry":{"type":"Point","coordinates":[-82.34391,29.64854]}},{"type":"Feature","properties":{"source":"osm","owner":null,"spd_class":null,"pole_height_m":null,"install_year":null,"confidence":0.6},"geometry":{"type":"Point","coordinates":[-82.344,29.64847]}},{"type":"Feature","properties":{"source":"osm","owner":null,"spd_class":null,"pole_height_m":null,"install_year":null,"confidence":0.6},"geometry":{"type":"Point","coordinates":[-82.34391,29.64846]}},{"type":"Feature","properties":{"source":"osm","owner":null,"spd_class":null,"pole_height_m":null,"install_year":null,"confidence":0.6},"geometry":{"type":"Point","coordinates":[-82.344,29.64838]}},{"type":"Feature","properties":{"source":"osm","owner":null,"spd_class":null,"pole_height_m":null,"install_year":null,"confidence":0.6},"geometry":{"type":"Point","coordinates":[-82.34391,29.64838]}},{"type":"Feature","properties":{"source":"osm","owner":null,"spd_class":null,"pole_height_m":null,"install_year":null,"confidence":0.6},"geometry":{"type":"Point","coordinates":[-82.34386,29.64834]}},{"type":"Feature","properties":{"source":"osm","owner":null,"spd_class":null,"pole_height_m":null,"install_year":null,"confidence":0.6},"geometry":{"type":"Point","coordinates":[-82.34381,29.64842]}},{"type":"Feature","properties":{"source":"osm","owner":null,"spd_class":null,"pole_height_m":null,"install_year":null,"confidence":0.6},"geometry":{"type":"Point","coordinates":[-82.34381,29.64847]}},{"type":"Feature","properties":{"source":"osm","owner":null,"spd_class":null,"pole_height_m":null,"install_year":null,"confidence":0.6},"geometry":{"type":"Point","coordinates":[-82.34376,29.64834]}},{"type":"Feature","properties":{"source":"osm","owner":null,"spd_class":null,"pole_height_m":null,"install_year":null,"confidence":0.6},"geometry":{"type":"Point","coordinates":[-82.34368,29.64835]}},{"type":"Feature","properties":{"source":"osm","owner":null,"spd_class":null,"pole_height_m":null,"install_year":null,"confidence":0.6},"geometry":{"type":"Point","coordinates":[-82.34367,29.64826]}}],"dedup_merged":32}