{"type":"FeatureCollection","features":[{"type":"Feature","geometry":{"type":"Point","coordinates":[-82.41343,29.07831]},"properties":{"kind":"stadium","sport":"","lit":"untagged","p_lit":1.0,"fixtures":60.0,"name":"Dunnellon High School Football Stadium","county":"12083"}},{"type":"Feature","geometry":{"type":"Point","coordinates":[-82.24989,29.15116]},"properties":{"kind":"stadium","sport":"","lit":"untagged","p_lit":1.0,"fixtures":60.0,"name":"West Port Football Stadium","county":"12083"}},{"type":"Feature","geometry":{"type":"Point","coordinates":[-82.52459,29.53536]},"properties":{"kind":"field","sport":"baseball","lit":"untagged","p_lit":0.5,"fixtures":10.0,"name":null,"county":"12001"}},{"type":"Feature","geometry":{"type":"Point","coordinates":[-82.50289,29.78624]},"properties":{"kind":"court","sport":"pickleball","lit":"untagged","p_lit":0.5,"fixtures":3.0,"name":null,"county":"12001"}},{"type":"Feature","geometry":{"type":"Point","coordinates":[-82.3456,29.64876]},"properties":{"kind":"court","sport":"table_tennis","lit":"untagged","p_lit":0.5,"fixtures":3.0,"name":null,"county":"12001"}},{"type":"Feature","geometry":{"type":"Point","coordinates":[-82.39646,29.70462]},"properties":{"kind":"court","sport":"multi","lit":"untagged","p_lit":0.5,"fixtures":3.0,"name":null,"county":"12001"}},{"type":"Feature","geometry":{"type":"Point","coordinates":[-82.16529,29.14478]},"properties":{"kind":"stadium","sport":"","lit":"untagged","p_lit":1.0,"fixtures":60.0,"name":"Trinity Catholic High School Football Stadium","county":"12083"}},{"type":"Feature","geometry":{"type":"Point","coordinates":[-82.12176,29.16664]},"properties":{"kind":"stadium","sport":"","lit":"untagged","p_lit":1.0,"fixtures":60.0,"name":"Brick City Park Stadium","county":"12083"}},{"type":"Feature","geometry":{"type":"Point","coordinates":[-82.08898,29.0722]},"properties":{"kind":"stadium","sport":"","lit":"untagged","p_lit":1.0,"fixtures":60.0,"name":"Belleview High School Stadium","county":"12083"}},{"type":"Feature","geometry":{"type":"Point","coordinates":[-82.06786,29.14025]},"properties":{"kind":"stadium","sport":"","lit":"untagged","p_lit":1.0,"fixtures":60.0,"name":"Forest High School Stadium","county":"12083"}},{"type":"Feature","geometry":{"type":"Point","coordinates":[-82.08777,29.16681]},"properties":{"kind":"field","sport":"baseball","lit":"untagged","p_lit":0.5,"fixtures":10.0,"name":null,"county":"12083"}},{"type":"Feature","geometry":{"type":"Point","coordinates":[-82.08792,29.1666]},"properties":{"kind":"field","sport":"baseball","lit":"untagged","p_lit":0.5,"fixtures":10.0,"name":null,"county":"12083"}},{"type":"Feature","geometry":{"type":"Point","coordinates":[-82.08771,29.16648]},"properties":{"kind":"field","sport":"baseball","lit":"untagged","p_lit":0.5,"fixtures":10.0,"name":null,"county":"12083"}},{"type":"Feature","geometry":{"type":"Point","coordinates":[-82.08753,29.1667]},"properties":{"kind":"field","sport":"baseball","lit":"untagged","p_lit":0.5,"fixtures":10.0,"name":null,"county":"12083"}},{"type":"Feature","geometry":{"type":"Point","coordinates":[-81.93216,28.977]},"properties":{"kind":"field","sport":"baseball","lit":"untagged","p_lit":0.5,"fixtures":10.0,"name":null,"county":"12083"}},{"type":"Feature","geometry":{"type":"Point","coordinates":[-82.1617,29.20393]},"properties":{"kind":"court","sport":"basketball","lit":"untagged","p_lit":0.5,"fixtures":3.0,"name":null,"county":"12083"}},{"type":"Feature","geometry":{"type":"Point","coordinates":[-82.16188,29.20393]},"properties":{"kind":"court","sport":"basketball","lit":"untagged","p_lit":0.5,"fixtures":3.0,"name":null,"county":"12083"}},{"type":"Feature","geometry":{"type":"Point","coordinates":[-82.08976,29.16954]},"properties":{"kind":"field","sport":"baseball","lit":"untagged","p_lit":0.5,"fixtures":10.0,"name":null,"county":"12083"}},{"type":"Feature","geometry":{"type":"Point","coordinates":[-82.13926,29.34081]},"properties":{"kind":"stadium","sport":"","lit":"untagged","p_lit":1.0,"fixtures":60.0,"name":"North Marion High School Football Stadium","county":"12083"}},{"type":"Feature","geometry":{"type":"Point","coordinates":[-81.96822,29.36311]},"properties":{"kind":"court","sport":"basketball","lit":"untagged","p_lit":0.5,"fixtures":3.0,"name":null,"county":"12083"}},{"type":"Feature","geometry":{"type":"Point","coordinates":[-81.96916,29.36357]},"properties":{"kind":"field","sport":"baseball","lit":"untagged","p_lit":0.5,"fixtures":10.0,"name":null,"county":"12083"}},{"type":"Feature","geometry":{"type":"Point","coordinates":[-82.04194,29.78139]},"properties":{"kind":"stadium","sport":"","lit":"untagged","p_lit":1.0,"fixtures":60.0,"name":"Keystone Heights High School Stadium","county":"12019"}},{"type":"Feature","geometry":{"type":"Point","coordinates":[-82.42585,29.92568]},"properties":{"kind":"court","sport":"basketball","lit":"untagged","p_lit":0.5,"fixtures":3.0,"name":null,"county":"12125"}},{"type":"Feature","geometry":{"type":"Point","coordinates":[-82.32931,29.89056]},"properties":{"kind":"court","sport":"basketball","lit":"untagged","p_lit":0.5,"fixtures":3.0,"name":null,"county":"12007"}},{"type":"Feature","geometry":{"type":"Point","coordinates":[-83.02899,29.13767]},"properties":{"kind":"court","sport":"basketball","lit":"untagged","p_lit":0.5,"fixtures":3.0,"name":null,"county":"12075"}},{"type":"Feature","geometry":{"type":"Point","coordinates":[-83.03847,29.14115]},"properties":{"kind":"court","sport":"tennis","lit":"untagged","p_lit":0.5,"fixtures":3.0,"name":null,"county":"12075"}},{"type":"Feature","geometry":{"type":"Point","coordinates":[-83.03835,29.14119]},"properties":{"kind":"court","sport":"tennis","lit":"untagged","p_lit":0.5,"fixtures":3.0,"name":null,"county":"12075"}},{"type":"Feature","geometry":{"type":"Point","coordinates":[-82.71203,29.03232]},"properties":{"kind":"court","sport":"basketball","lit":"untagged","p_lit":0.5,"fixtures":3.0,"name":null,"county":"12075"}},{"type":"Feature","geometry":{"type":"Point","coordinates":[-82.6724,29.03269]},"properties":{"kind":"court","sport":"basketball","lit":"untagged","p_lit":0.5,"fixtures":3.0,"name":null,"county":"12075"}},{"type":"Feature","geometry":{"type":"Point","coordinates":[-82.62858,29.02456]},"properties":{"kind":"court","sport":"tennis","lit":"untagged","p_lit":0.5,"fixtures":3.0,"name":null,"county":"12075"}},{"type":"Feature","geometry":{"type":"Point","coordinates":[-82.62929,29.02416]},"properties":{"kind":"field","sport":"baseball","lit":"untagged","p_lit":0.5,"fixtures":10.0,"name":null,"county":"12075"}},{"type":"Feature","geometry":{"type":"Point","coordinates":[-82.63056,29.02414]},"properties":{"kind":"field","sport":"baseball","lit":"untagged","p_lit":0.5,"fixtures":10.0,"name":null,"county":"12075"}},{"type":"Feature","geometry":{"type":"Point","coordinates":[-82.63059,29.0253]},"properties":{"kind":"field","sport":"baseball","lit":"untagged","p_lit":0.5,"fixtures":10.0,"name":null,"county":"12075"}},{"type":"Feature","geometry":{"type":"Point","coordinates":[-82.62941,29.02526]},"properties":{"kind":"field","sport":"baseball","lit":"untagged","p_lit":0.5,"fixtures":10.0,"name":null,"county":"12075"}},{"type":"Feature","geometry":{"type":"Point","coordinates":[-82.62811,29.02465]},"properties":{"kind":"court","sport":"basketball","lit":"untagged","p_lit":0.5,"fixtures":3.0,"name":null,"county":"12075"}},{"type":"Feature","geometry":{"type":"Point","coordinates":[-82.95286,29.22515]},"properties":{"kind":"field","sport":"baseball","lit":"untagged","p_lit":0.5,"fixtures":10.0,"name":null,"county":"12075"}},{"type":"Feature","geometry":{"type":"Point","coordinates":[-82.95254,29.22441]},"properties":{"kind":"field","sport":"baseball","lit":"untagged","p_lit":0.5,"fixtures":10.0,"name":null,"county":"12075"}},{"type":"Feature","geometry":{"type":"Point","coordinates":[-82.4591,29.05058]},"properties":{"kind":"court","sport":"basketball","lit":"untagged","p_lit":0.5,"fixtures":3.0,"name":null,"county":"12083"}},{"type":"Feature","geometry":{"type":"Point","coordinates":[-82.43701,29.04528]},"properties":{"kind":"field","sport":"baseball","lit":"untagged","p_lit":0.5,"fixtures":10.0,"name":null,"county":"12083"}},{"type":"Feature","geometry":{"type":"Point","coordinates":[-82.43703,29.04441]},"properties":{"kind":"field","sport":"baseball","lit":"untagged","p_lit":0.5,"fixtures":10.0,"name":null,"county":"12083"}},{"type":"Feature","geometry":{"type":"Point","coordinates":[-82.43628,29.04458]},"properties":{"kind":"field","sport":"baseball","lit":"untagged","p_lit":0.5,"fixtures":10.0,"name":null,"county":"12083"}},{"type":"Feature","geometry":{"type":"Point","coordinates":[-82.44008,29.10047]},"properties":{"kind":"court","sport":"tennis","lit":"yes","p_lit":1.0,"fixtures":6.0,"name":null,"county":"12083"}},{"type":"Feature","geometry":{"type":"Point","coordinates":[-82.43992,29.10047]},"properties":{"kind":"court","sport":"tennis","lit":"yes","p_lit":1.0,"fixtures":6.0,"name":null,"county":"12083"}},{"type":"Feature","geometry":{"type":"Point","coordinates":[-82.43992,29.10055]},"properties":{"kind":"court","sport":"pickleball","lit":"yes","p_lit":1.0,"fixtures":6.0,"name":null,"county":"12083"}},{"type":"Feature","geometry":{"type":"Point","coordinates":[-82.43993,29.10039]},"properties":{"kind":"court","sport":"pickleball","lit":"yes","p_lit":1.0,"fixtures":6.0,"name":null,"county":"12083"}},{"type":"Feature","geometry":{"type":"Point","coordinates":[-82.44008,29.10039]},"properties":{"kind":"court","sport":"pickleball","lit":"yes","p_lit":1.0,"fixtures":6.0,"name":null,"county":"12083"}},{"type":"Feature","geometry":{"type":"Point","coordinates":[-82.44007,29.10055]},"properties":{"kind":"court","sport":"pickleball","lit":"yes","p_lit":1.0,"fixtures":6.0,"name":null,"county":"12083"}},{"type":"Feature","geometry":{"type":"Point","coordinates":[-82.28631,29.08699]},"properties":{"kind":"court","sport":"tennis","lit":"untagged","p_lit":0.5,"fixtures":3.0,"name":null,"county":"12083"}},{"type":"Feature","geometry":{"type":"Point","coordinates":[-82.28612,29.08713]},"properties":{"kind":"court","sport":"tennis","lit":"untagged","p_lit":0.5,"fixtures":3.0,"name":null,"county":"12083"}},{"type":"Feature","geometry":{"type":"Point","coordinates":[-82.28626,29.08657]},"properties":{"kind":"court","sport":"tennis","lit":"untagged","p_lit":0.5,"fixtures":3.0,"name":null,"county":"12083"}},{"type":"Feature","geometry":{"type":"Point","coordinates":[-82.2861,29.0866]},"properties":{"kind":"court","sport":"tennis","lit":"untagged","p_lit":0.5,"fixtures":3.0,"name":null,"county":"12083"}},{"type":"Feature","geometry":{"type":"Point","coordinates":[-82.28604,29.08618]},"properties":{"kind":"court","sport":"tennis","lit":"untagged","p_lit":0.5,"fixtures":3.0,"name":null,"county":"12083"}},{"type":"Feature","geometry":{"type":"Point","coordinates":[-82.2862,29.08616]},"properties":{"kind":"court","sport":"tennis","lit":"untagged","p_lit":0.5,"fixtures":3.0,"name":null,"county":"12083"}},{"type":"Feature","geometry":{"type":"Point","coordinates":[-82.28558,29.08632]},"properties":{"kind":"court","sport":"tennis","lit":"untagged","p_lit":0.5,"fixtures":3.0,"name":null,"county":"12083"}},{"type":"Feature","geometry":{"type":"Point","coordinates":[-82.28574,29.0863]},"properties":{"kind":"court","sport":"tennis","lit":"untagged","p_lit":0.5,"fixtures":3.0,"name":null,"county":"12083"}},{"type":"Feature","geometry":{"type":"Point","coordinates":[-82.2855,29.0868]},"properties":{"kind":"court","sport":"tennis","lit":"untagged","p_lit":0.5,"fixtures":3.0,"name":null,"county":"12083"}},{"type":"Feature","geometry":{"type":"Point","coordinates":[-82.28566,29.08678]},"properties":{"kind":"court","sport":"tennis","lit":"untagged","p_lit":0.5,"fixtures":3.0,"name":null,"county":"12083"}},{"type":"Feature","geometry":{"type":"Point","coordinates":[-82.27216,29.08055]},"properties":{"kind":"field","sport":"baseball","lit":"untagged","p_lit":0.5,"fixtures":10.0,"name":null,"county":"12083"}},{"type":"Feature","geometry":{"type":"Point","coordinates":[-82.27223,29.12734]},"properties":{"kind":"court","sport":"racquet","lit":"yes","p_lit":1.0,"fixtures":6.0,"name":null,"county":"12083"}},{"type":"Feature","geometry":{"type":"Point","coordinates":[-82.27361,29.12758]},"properties":{"kind":"court","sport":"tennis","lit":"untagged","p_lit":0.5,"fixtures":3.0,"name":null,"county":"12083"}},{"type":"Feature","geometry":{"type":"Point","coordinates":[-82.27342,29.12758]},"properties":{"kind":"court","sport":"tennis","lit":"untagged","p_lit":0.5,"fixtures":3.0,"name":null,"county":"12083"}},{"type":"Feature","geometry":{"type":"Point","coordinates":[-82.27323,29.12758]},"properties":{"kind":"court","sport":"tennis","lit":"untagged","p_lit":0.5,"fixtures":3.0,"name":null,"county":"12083"}},{"type":"Feature","geometry":{"type":"Point","coordinates":[-82.27304,29.12759]},"properties":{"kind":"court","sport":"tennis","lit":"untagged","p_lit":0.5,"fixtures":3.0,"name":null,"county":"12083"}},{"type":"Feature","geometry":{"type":"Point","coordinates":[-82.27245,29.12726]},"properties":{"kind":"court","sport":"pickleball","lit":"yes","p_lit":1.0,"fixtures":6.0,"name":null,"county":"12083"}},{"type":"Feature","geometry":{"type":"Point","coordinates":[-82.27228,29.12726]},"properties":{"kind":"court","sport":"pickleball","lit":"yes","p_lit":1.0,"fixtures":6.0,"name":null,"county":"12083"}},{"type":"Feature","geometry":{"type":"Point","coordinates":[-82.27255,29.12726]},"properties":{"kind":"court","sport":"pickleball","lit":"yes","p_lit":1.0,"fixtures":6.0,"name":null,"county":"12083"}},{"type":"Feature","geometry":{"type":"Point","coordinates":[-82.27218,29.12726]},"properties":{"kind":"court","sport":"pickleball","lit":"yes","p_lit":1.0,"fixtures":6.0,"name":null,"county":"12083"}},{"type":"Feature","geometry":{"type":"Point","coordinates":[-82.27218,29.12742]},"properties":{"kind":"court","sport":"pickleball","lit":"yes","p_lit":1.0,"fixtures":6.0,"name":null,"county":"12083"}},{"type":"Feature","geometry":{"type":"Point","coordinates":[-82.27228,29.12742]},"properties":{"kind":"court","sport":"pickleball","lit":"yes","p_lit":1.0,"fixtures":6.0,"name":null,"county":"12083"}},{"type":"Feature","geometry":{"type":"Point","coordinates":[-82.27245,29.12742]},"properties":{"kind":"court","sport":"pickleball","lit":"yes","p_lit":1.0,"fixtures":6.0,"name":null,"county":"12083"}},{"type":"Feature","geometry":{"type":"Point","coordinates":[-82.27255,29.12742]},"properties":{"kind":"court","sport":"pickleball","lit":"yes","p_lit":1.0,"fixtures":6.0,"name":null,"county":"12083"}},{"type":"Feature","geometry":{"type":"Point","coordinates":[-82.27324,29.12798]},"properties":{"kind":"court","sport":"tennis","lit":"yes","p_lit":1.0,"fixtures":6.0,"name":null,"county":"12083"}},{"type":"Feature","geometry":{"type":"Point","coordinates":[-82.27284,29.12832]},"properties":{"kind":"court","sport":"basketball","lit":"untagged","p_lit":0.5,"fixtures":3.0,"name":null,"county":"12083"}},{"type":"Feature","geometry":{"type":"Point","coordinates":[-82.25078,29.15188]},"properties":{"kind":"court","sport":"tennis","lit":"untagged","p_lit":0.5,"fixtures":3.0,"name":null,"county":"12083"}},{"type":"Feature","geometry":{"type":"Point","coordinates":[-82.25063,29.15188]},"properties":{"kind":"court","sport":"tennis","lit":"untagged","p_lit":0.5,"fixtures":3.0,"name":null,"county":"12083"}},{"type":"Feature","geometry":{"type":"Point","coordinates":[-82.25063,29.15155]},"properties":{"kind":"court","sport":"tennis","lit":"untagged","p_lit":0.5,"fixtures":3.0,"name":null,"county":"12083"}},{"type":"Feature","geometry":{"type":"Point","coordinates":[-82.25078,29.15155]},"properties":{"kind":"court","sport":"tennis","lit":"untagged","p_lit":0.5,"fixtures":3.0,"name":null,"county":"12083"}},{"type":"Feature","geometry":{"type":"Point","coordinates":[-82.24989,29.15117]},"properties":{"kind":"field","sport":"american_football","lit":"untagged","p_lit":0.5,"fixtures":10.0,"name":null,"county":"12083"}},{"type":"Feature","geometry":{"type":"Point","coordinates":[-82.25006,29.15234]},"properties":{"kind":"field","sport":"soccer","lit":"untagged","p_lit":0.5,"fixtures":10.0,"name":null,"county":"12083"}},{"type":"Feature","geometry":{"type":"Point","coordinates":[-82.24856,29.15085]},"properties":{"kind":"field","sport":"baseball","lit":"untagged","p_lit":0.5,"fixtures":10.0,"name":null,"county":"12083"}},{"type":"Feature","geometry":{"type":"Point","coordinates":[-82.25091,29.15064]},"properties":{"kind":"field","sport":"baseball","lit":"untagged","p_lit":0.5,"fixtures":10.0,"name":null,"county":"12083"}},{"type":"Feature","geometry":{"type":"Point","coordinates":[-82.25143,29.1548]},"properties":{"kind":"court","sport":"basketball","lit":"untagged","p_lit":0.5,"fixtures":3.0,"name":null,"county":"12083"}},{"type":"Feature","geometry":{"type":"Point","coordinates":[-82.25123,29.1548]},"properties":{"kind":"court","sport":"basketball","lit":"untagged","p_lit":0.5,"fixtures":3.0,"name":null,"county":"12083"}},{"type":"Feature","geometry":{"type":"Point","coordinates":[-82.25144,29.15446]},"properties":{"kind":"court","sport":"tennis","lit":"untagged","p_lit":0.5,"fixtures":3.0,"name":null,"county":"12083"}},{"type":"Feature","geometry":{"type":"Point","coordinates":[-82.25129,29.15446]},"properties":{"kind":"court","sport":"tennis","lit":"untagged","p_lit":0.5,"fixtures":3.0,"name":null,"county":"12083"}},{"type":"Feature","geometry":{"type":"Point","coordinates":[-82.20847,29.14818]},"properties":{"kind":"court","sport":"tennis","lit":"untagged","p_lit":0.5,"fixtures":3.0,"name":null,"county":"12083"}},{"type":"Feature","geometry":{"type":"Point","coordinates":[-82.20865,29.14815]},"properties":{"kind":"court","sport":"tennis","lit":"untagged","p_lit":0.5,"fixtures":3.0,"name":null,"county":"12083"}},{"type":"Feature","geometry":{"type":"Point","coordinates":[-82.20886,29.14802]},"properties":{"kind":"court","sport":"basketball","lit":"untagged","p_lit":0.5,"fixtures":3.0,"name":null,"county":"12083"}},{"type":"Feature","geometry":{"type":"Point","coordinates":[-82.4446,29.37446]},"properties":{"kind":"field","sport":"softball","lit":"untagged","p_lit":0.5,"fixtures":10.0,"name":null,"county":"12075"}},{"type":"Feature","geometry":{"type":"Point","coordinates":[-82.44395,29.37428]},"properties":{"kind":"court","sport":"tennis","lit":"untagged","p_lit":0.5,"fixtures":3.0,"name":null,"county":"12075"}},{"type":"Feature","geometry":{"type":"Point","coordinates":[-82.4438,29.37428]},"properties":{"kind":"court","sport":"tennis","lit":"untagged","p_lit":0.5,"fixtures":3.0,"name":null,"county":"12075"}},{"type":"Feature","geometry":{"type":"Point","coordinates":[-82.44366,29.37427]},"properties":{"kind":"court","sport":"tennis","lit":"untagged","p_lit":0.5,"fixtures":3.0,"name":null,"county":"12075"}},{"type":"Feature","geometry":{"type":"Point","coordinates":[-82.44408,29.37428]},"properties":{"kind":"court","sport":"tennis","lit":"untagged","p_lit":0.5,"fixtures":3.0,"name":null,"county":"12075"}},{"type":"Feature","geometry":{"type":"Point","coordinates":[-82.25419,29.21639]},"properties":{"kind":"court","sport":"tennis","lit":"untagged","p_lit":0.5,"fixtures":3.0,"name":null,"county":"12083"}},{"type":"Feature","geometry":{"type":"Point","coordinates":[-82.25479,29.2164]},"properties":{"kind":"court","sport":"tennis","lit":"untagged","p_lit":0.5,"fixtures":3.0,"name":null,"county":"12083"}},{"type":"Feature","geometry":{"type":"Point","coordinates":[-82.25439,29.21639]},"properties":{"kind":"court","sport":"tennis","lit":"untagged","p_lit":0.5,"fixtures":3.0,"name":null,"county":"12083"}},{"type":"Feature","geometry":{"type":"Point","coordinates":[-82.25459,29.21639]},"properties":{"kind":"court","sport":"tennis","lit":"untagged","p_lit":0.5,"fixtures":3.0,"name":null,"county":"12083"}},{"type":"Feature","geometry":{"type":"Point","coordinates":[-82.25378,29.21639]},"properties":{"kind":"court","sport":"tennis","lit":"untagged","p_lit":0.5,"fixtures":3.0,"name":null,"county":"12083"}},{"type":"Feature","geometry":{"type":"Point","coordinates":[-82.25398,29.21639]},"properties":{"kind":"court","sport":"tennis","lit":"untagged","p_lit":0.5,"fixtures":3.0,"name":null,"county":"12083"}},{"type":"Feature","geometry":{"type":"Point","coordinates":[-82.25041,29.23678]},"properties":{"kind":"court","sport":"tennis","lit":"untagged","p_lit":0.5,"fixtures":3.0,"name":null,"county":"12083"}},{"type":"Feature","geometry":{"type":"Point","coordinates":[-82.25026,29.23678]},"properties":{"kind":"court","sport":"tennis","lit":"untagged","p_lit":0.5,"fixtures":3.0,"name":null,"county":"12083"}},{"type":"Feature","geometry":{"type":"Point","coordinates":[-82.86513,29.47063]},"properties":{"kind":"field","sport":"baseball","lit":"untagged","p_lit":0.5,"fixtures":10.0,"name":null,"county":"12075"}},{"type":"Feature","geometry":{"type":"Point","coordinates":[-82.86523,29.46984]},"properties":{"kind":"court","sport":"basketball","lit":"untagged","p_lit":0.5,"fixtures":3.0,"name":null,"county":"12075"}},{"type":"Feature","geometry":{"type":"Point","coordinates":[-82.86589,29.46981]},"properties":{"kind":"court","sport":"basketball","lit":"untagged","p_lit":0.5,"fixtures":3.0,"name":null,"county":"12075"}},{"type":"Feature","geometry":{"type":"Point","coordinates":[-82.86317,29.48697]},"properties":{"kind":"field","sport":"american_football","lit":"untagged","p_lit":0.5,"fixtures":10.0,"name":null,"county":"12075"}},{"type":"Feature","geometry":{"type":"Point","coordinates":[-82.8787,29.50574]},"properties":{"kind":"field","sport":"baseball","lit":"untagged","p_lit":0.5,"fixtures":10.0,"name":null,"county":"12075"}},{"type":"Feature","geometry":{"type":"Point","coordinates":[-82.87872,29.50677]},"properties":{"kind":"field","sport":"baseball","lit":"untagged","p_lit":0.5,"fixtures":10.0,"name":null,"county":"12075"}},{"type":"Feature","geometry":{"type":"Point","coordinates":[-82.87993,29.50681]},"properties":{"kind":"field","sport":"baseball","lit":"untagged","p_lit":0.5,"fixtures":10.0,"name":null,"county":"12075"}},{"type":"Feature","geometry":{"type":"Point","coordinates":[-82.86259,29.48365]},"properties":{"kind":"field","sport":"baseball","lit":"untagged","p_lit":0.5,"fixtures":10.0,"name":null,"county":"12075"}},{"type":"Feature","geometry":{"type":"Point","coordinates":[-82.8623,29.48283]},"properties":{"kind":"field","sport":"baseball","lit":"untagged","p_lit":0.5,"fixtures":10.0,"name":null,"county":"12075"}},{"type":"Feature","geometry":{"type":"Point","coordinates":[-82.86136,29.48298]},"properties":{"kind":"field","sport":"baseball","lit":"untagged","p_lit":0.5,"fixtures":10.0,"name":null,"county":"12075"}},{"type":"Feature","geometry":{"type":"Point","coordinates":[-82.63074,29.4615]},"properties":{"kind":"field","sport":"baseball","lit":"untagged","p_lit":0.5,"fixtures":10.0,"name":null,"county":"12075"}},{"type":"Feature","geometry":{"type":"Point","coordinates":[-82.63032,29.46272]},"properties":{"kind":"field","sport":"baseball","lit":"untagged","p_lit":0.5,"fixtures":10.0,"name":null,"county":"12075"}},{"type":"Feature","geometry":{"type":"Point","coordinates":[-82.77654,29.57294]},"properties":{"kind":"field","sport":"baseball","lit":"untagged","p_lit":0.5,"fixtures":10.0,"name":null,"county":"12075"}},{"type":"Feature","geometry":{"type":"Point","coordinates":[-82.77637,29.57122]},"properties":{"kind":"court","sport":"","lit":"yes","p_lit":1.0,"fixtures":6.0,"name":null,"county":"12075"}},{"type":"Feature","geometry":{"type":"Point","coordinates":[-82.94194,29.64424]},"properties":{"kind":"court","sport":"basketball","lit":"untagged","p_lit":0.5,"fixtures":3.0,"name":null,"county":"12041"}},{"type":"Feature","geometry":{"type":"Point","coordinates":[-82.85716,29.75001]},"properties":{"kind":"field","sport":"baseball","lit":"yes","p_lit":1.0,"fixtures":20.0,"name":null,"county":"12041"}},{"type":"Feature","geometry":{"type":"Point","coordinates":[-82.85688,29.75187]},"properties":{"kind":"field","sport":"baseball","lit":"yes","p_lit":1.0,"fixtures":20.0,"name":null,"county":"12041"}},{"type":"Feature","geometry":{"type":"Point","coordinates":[-82.85839,29.75115]},"properties":{"kind":"field","sport":"american_football","lit":"yes","p_lit":1.0,"fixtures":20.0,"name":null,"county":"12041"}},{"type":"Feature","geometry":{"type":"Point","coordinates":[-82.85517,29.75092]},"properties":{"kind":"court","sport":"basketball","lit":"untagged","p_lit":0.5,"fixtures":3.0,"name":null,"county":"12041"}},{"type":"Feature","geometry":{"type":"Point","coordinates":[-82.65647,29.7833]},"properties":{"kind":"court","sport":"basketball","lit":"untagged","p_lit":0.5,"fixtures":3.0,"name":null,"county":"12001"}},{"type":"Feature","geometry":{"type":"Point","coordinates":[-82.45152,29.39861]},"properties":{"kind":"field","sport":"baseball","lit":"untagged","p_lit":0.5,"fixtures":10.0,"name":null,"county":"12075"}},{"type":"Feature","geometry":{"type":"Point","coordinates":[-82.45145,29.39785]},"properties":{"kind":"field","sport":"baseball","lit":"untagged","p_lit":0.5,"fixtures":10.0,"name":null,"county":"12075"}},{"type":"Feature","geometry":{"type":"Point","coordinates":[-82.45233,29.40111]},"properties":{"kind":"field","sport":"baseball","lit":"untagged","p_lit":0.5,"fixtures":10.0,"name":null,"county":"12075"}},{"type":"Feature","geometry":{"type":"Point","coordinates":[-82.45132,29.40109]},"properties":{"kind":"field","sport":"baseball","lit":"untagged","p_lit":0.5,"fixtures":10.0,"name":null,"county":"12075"}},{"type":"Feature","geometry":{"type":"Point","coordinates":[-82.45237,29.40006]},"properties":{"kind":"field","sport":"baseball","lit":"untagged","p_lit":0.5,"fixtures":10.0,"name":null,"county":"12075"}},{"type":"Feature","geometry":{"type":"Point","coordinates":[-82.45137,29.40017]},"properties":{"kind":"field","sport":"baseball","lit":"untagged","p_lit":0.5,"fixtures":10.0,"name":null,"county":"12075"}},{"type":"Feature","geometry":{"type":"Point","coordinates":[-82.45223,29.39913]},"properties":{"kind":"field","sport":"soccer","lit":"untagged","p_lit":0.5,"fixtures":10.0,"name":null,"county":"12075"}},{"type":"Feature","geometry":{"type":"Point","coordinates":[-82.43989,29.38549]},"properties":{"kind":"field","sport":"baseball","lit":"untagged","p_lit":0.5,"fixtures":10.0,"name":null,"county":"12075"}},{"type":"Feature","geometry":{"type":"Point","coordinates":[-82.42472,29.38601]},"properties":{"kind":"court","sport":"basketball","lit":"untagged","p_lit":0.5,"fixtures":3.0,"name":null,"county":"12075"}},{"type":"Feature","geometry":{"type":"Point","coordinates":[-82.42478,29.38717]},"properties":{"kind":"field","sport":"soccer","lit":"untagged","p_lit":0.5,"fixtures":10.0,"name":null,"county":"12075"}},{"type":"Feature","geometry":{"type":"Point","coordinates":[-82.42362,29.38569]},"properties":{"kind":"field","sport":"baseball","lit":"untagged","p_lit":0.5,"fixtures":10.0,"name":null,"county":"12075"}},{"type":"Feature","geometry":{"type":"Point","coordinates":[-82.42362,29.38663]},"properties":{"kind":"field","sport":"baseball","lit":"untagged","p_lit":0.5,"fixtures":10.0,"name":null,"county":"12075"}},{"type":"Feature","geometry":{"type":"Point","coordinates":[-82.46268,29.44126]},"properties":{"kind":"court","sport":"basketball","lit":"untagged","p_lit":0.5,"fixtures":3.0,"name":null,"county":"12075"}},{"type":"Feature","geometry":{"type":"Point","coordinates":[-82.46268,29.44107]},"properties":{"kind":"court","sport":"basketball","lit":"untagged","p_lit":0.5,"fixtures":3.0,"name":null,"county":"12075"}},{"type":"Feature","geometry":{"type":"Point","coordinates":[-82.52718,29.52528]},"properties":{"kind":"court","sport":"tennis","lit":"untagged","p_lit":0.5,"fixtures":3.0,"name":null,"county":"12001"}},{"type":"Feature","geometry":{"type":"Point","coordinates":[-82.52718,29.52492]},"properties":{"kind":"court","sport":"basketball","lit":"untagged","p_lit":0.5,"fixtures":3.0,"name":null,"county":"12001"}},{"type":"Feature","geometry":{"type":"Point","coordinates":[-82.52596,29.52596]},"properties":{"kind":"field","sport":"baseball","lit":"untagged","p_lit":0.5,"fixtures":10.0,"name":null,"county":"12001"}},{"type":"Feature","geometry":{"type":"Point","coordinates":[-82.52594,29.52503]},"properties":{"kind":"field","sport":"baseball","lit":"untagged","p_lit":0.5,"fixtures":10.0,"name":null,"county":"12001"}},{"type":"Feature","geometry":{"type":"Point","coordinates":[-82.52674,29.52524]},"properties":{"kind":"field","sport":"american_football","lit":"untagged","p_lit":0.5,"fixtures":10.0,"name":null,"county":"12001"}},{"type":"Feature","geometry":{"type":"Point","coordinates":[-82.44227,29.58548]},"properties":{"kind":"field","sport":"baseball","lit":"untagged","p_lit":0.5,"fixtures":10.0,"name":null,"county":"12001"}},{"type":"Feature","geometry":{"type":"Point","coordinates":[-82.4433,29.58548]},"properties":{"kind":"field","sport":"baseball","lit":"untagged","p_lit":0.5,"fixtures":10.0,"name":null,"county":"12001"}},{"type":"Feature","geometry":{"type":"Point","coordinates":[-82.43153,29.58281]},"properties":{"kind":"court","sport":"tennis","lit":"untagged","p_lit":0.5,"fixtures":3.0,"name":null,"county":"12001"}},{"type":"Feature","geometry":{"type":"Point","coordinates":[-82.43135,29.5827]},"properties":{"kind":"court","sport":"tennis","lit":"untagged","p_lit":0.5,"fixtures":3.0,"name":null,"county":"12001"}},{"type":"Feature","geometry":{"type":"Point","coordinates":[-82.43172,29.58281]},"properties":{"kind":"court","sport":"basketball","lit":"untagged","p_lit":0.5,"fixtures":3.0,"name":null,"county":"12001"}},{"type":"Feature","geometry":{"type":"Point","coordinates":[-82.29979,29.41045]},"properties":{"kind":"court","sport":"tennis","lit":"untagged","p_lit":0.5,"fixtures":3.0,"name":null,"county":"12083"}},{"type":"Feature","geometry":{"type":"Point","coordinates":[-82.29962,29.41016]},"properties":{"kind":"court","sport":"basketball","lit":"untagged","p_lit":0.5,"fixtures":3.0,"name":null,"county":"12083"}},{"type":"Feature","geometry":{"type":"Point","coordinates":[-82.31697,29.53371]},"properties":{"kind":"court","sport":"basketball","lit":"untagged","p_lit":0.5,"fixtures":3.0,"name":null,"county":"12001"}},{"type":"Feature","geometry":{"type":"Point","coordinates":[-82.37252,29.58352]},"properties":{"kind":"court","sport":"tennis","lit":"yes","p_lit":1.0,"fixtures":6.0,"name":null,"county":"12001"}},{"type":"Feature","geometry":{"type":"Point","coordinates":[-82.37233,29.5835]},"properties":{"kind":"court","sport":"tennis","lit":"yes","p_lit":1.0,"fixtures":6.0,"name":null,"county":"12001"}},{"type":"Feature","geometry":{"type":"Point","coordinates":[-82.37183,29.58333]},"properties":{"kind":"court","sport":"tennis","lit":"yes","p_lit":1.0,"fixtures":6.0,"name":null,"county":"12001"}},{"type":"Feature","geometry":{"type":"Point","coordinates":[-82.37198,29.58333]},"properties":{"kind":"court","sport":"tennis","lit":"yes","p_lit":1.0,"fixtures":6.0,"name":null,"county":"12001"}},{"type":"Feature","geometry":{"type":"Point","coordinates":[-82.37168,29.58333]},"properties":{"kind":"court","sport":"tennis","lit":"yes","p_lit":1.0,"fixtures":6.0,"name":null,"county":"12001"}},{"type":"Feature","geometry":{"type":"Point","coordinates":[-82.37153,29.58333]},"properties":{"kind":"court","sport":"tennis","lit":"yes","p_lit":1.0,"fixtures":6.0,"name":null,"county":"12001"}},{"type":"Feature","geometry":{"type":"Point","coordinates":[-82.27983,29.50817]},"properties":{"kind":"court","sport":"basketball","lit":"untagged","p_lit":0.5,"fixtures":3.0,"name":null,"county":"12001"}},{"type":"Feature","geometry":{"type":"Point","coordinates":[-82.60187,29.62342]},"properties":{"kind":"field","sport":"baseball","lit":"untagged","p_lit":0.5,"fixtures":10.0,"name":null,"county":"12001"}},{"type":"Feature","geometry":{"type":"Point","coordinates":[-82.60186,29.62194]},"properties":{"kind":"field","sport":"baseball","lit":"untagged","p_lit":0.5,"fixtures":10.0,"name":null,"county":"12001"}},{"type":"Feature","geometry":{"type":"Point","coordinates":[-82.60183,29.62044]},"properties":{"kind":"field","sport":"baseball","lit":"untagged","p_lit":0.5,"fixtures":10.0,"name":null,"county":"12001"}},{"type":"Feature","geometry":{"type":"Point","coordinates":[-82.60186,29.62117]},"properties":{"kind":"field","sport":"baseball","lit":"untagged","p_lit":0.5,"fixtures":10.0,"name":null,"county":"12001"}},{"type":"Feature","geometry":{"type":"Point","coordinates":[-82.60186,29.62268]},"properties":{"kind":"field","sport":"baseball","lit":"untagged","p_lit":0.5,"fixtures":10.0,"name":null,"county":"12001"}},{"type":"Feature","geometry":{"type":"Point","coordinates":[-82.60189,29.62414]},"properties":{"kind":"field","sport":"baseball","lit":"untagged","p_lit":0.5,"fixtures":10.0,"name":null,"county":"12001"}},{"type":"Feature","geometry":{"type":"Point","coordinates":[-82.59939,29.62045]},"properties":{"kind":"field","sport":"baseball","lit":"untagged","p_lit":0.5,"fixtures":10.0,"name":null,"county":"12001"}},{"type":"Feature","geometry":{"type":"Point","coordinates":[-82.60102,29.62044]},"properties":{"kind":"field","sport":"baseball","lit":"untagged","p_lit":0.5,"fixtures":10.0,"name":null,"county":"12001"}},{"type":"Feature","geometry":{"type":"Point","coordinates":[-82.60103,29.62196]},"properties":{"kind":"field","sport":"baseball","lit":"untagged","p_lit":0.5,"fixtures":10.0,"name":null,"county":"12001"}},{"type":"Feature","geometry":{"type":"Point","coordinates":[-82.60103,29.62342]},"properties":{"kind":"field","sport":"baseball","lit":"untagged","p_lit":0.5,"fixtures":10.0,"name":null,"county":"12001"}},{"type":"Feature","geometry":{"type":"Point","coordinates":[-82.60018,29.62045]},"properties":{"kind":"field","sport":"baseball","lit":"untagged","p_lit":0.5,"fixtures":10.0,"name":null,"county":"12001"}},{"type":"Feature","geometry":{"type":"Point","coordinates":[-82.60103,29.62118]},"properties":{"kind":"field","sport":"baseball","lit":"untagged","p_lit":0.5,"fixtures":10.0,"name":null,"county":"12001"}},{"type":"Feature","geometry":{"type":"Point","coordinates":[-82.60103,29.62269]},"properties":{"kind":"field","sport":"baseball","lit":"untagged","p_lit":0.5,"fixtures":10.0,"name":null,"county":"12001"}},{"type":"Feature","geometry":{"type":"Point","coordinates":[-82.60104,29.62414]},"properties":{"kind":"field","sport":"baseball","lit":"untagged","p_lit":0.5,"fixtures":10.0,"name":null,"county":"12001"}},{"type":"Feature","geometry":{"type":"Point","coordinates":[-82.59939,29.62118]},"properties":{"kind":"field","sport":"baseball","lit":"untagged","p_lit":0.5,"fixtures":10.0,"name":null,"county":"12001"}},{"type":"Feature","geometry":{"type":"Point","coordinates":[-82.60021,29.62117]},"properties":{"kind":"field","sport":"baseball","lit":"untagged","p_lit":0.5,"fixtures":10.0,"name":null,"county":"12001"}},{"type":"Feature","geometry":{"type":"Point","coordinates":[-82.61551,29.64042]},"properties":{"kind":"field","sport":"baseball","lit":"untagged","p_lit":0.5,"fixtures":10.0,"name":null,"county":"12001"}},{"type":"Feature","geometry":{"type":"Point","coordinates":[-82.61589,29.6394]},"properties":{"kind":"field","sport":"soccer","lit":"untagged","p_lit":0.5,"fixtures":10.0,"name":null,"county":"12001"}},{"type":"Feature","geometry":{"type":"Point","coordinates":[-82.61971,29.64124]},"properties":{"kind":"field","sport":"baseball","lit":"untagged","p_lit":0.5,"fixtures":10.0,"name":null,"county":"12001"}},{"type":"Feature","geometry":{"type":"Point","coordinates":[-82.61951,29.64203]},"properties":{"kind":"field","sport":"baseball","lit":"untagged","p_lit":0.5,"fixtures":10.0,"name":null,"county":"12001"}},{"type":"Feature","geometry":{"type":"Point","coordinates":[-82.61363,29.6436]},"properties":{"kind":"stadium","sport":"","lit":"untagged","p_lit":1.0,"fixtures":60.0,"name":"Newberry High School Football Stadium","county":"12001"}},{"type":"Feature","geometry":{"type":"Point","coordinates":[-82.61362,29.6436]},"properties":{"kind":"field","sport":"american_football","lit":"untagged","p_lit":0.5,"fixtures":10.0,"name":null,"county":"12001"}},{"type":"Feature","geometry":{"type":"Point","coordinates":[-82.61421,29.63994]},"properties":{"kind":"field","sport":"baseball","lit":"untagged","p_lit":0.5,"fixtures":10.0,"name":null,"county":"12001"}},{"type":"Feature","geometry":{"type":"Point","coordinates":[-82.61289,29.6437]},"properties":{"kind":"court","sport":"tennis","lit":"untagged","p_lit":0.5,"fixtures":3.0,"name":null,"county":"12001"}},{"type":"Feature","geometry":{"type":"Point","coordinates":[-82.61304,29.64369]},"properties":{"kind":"court","sport":"tennis","lit":"untagged","p_lit":0.5,"fixtures":3.0,"name":null,"county":"12001"}},{"type":"Feature","geometry":{"type":"Point","coordinates":[-82.60582,29.63992]},"properties":{"kind":"court","sport":"tennis","lit":"untagged","p_lit":0.5,"fixtures":3.0,"name":null,"county":"12001"}},{"type":"Feature","geometry":{"type":"Point","coordinates":[-82.606,29.63992]},"properties":{"kind":"court","sport":"tennis","lit":"untagged","p_lit":0.5,"fixtures":3.0,"name":null,"county":"12001"}},{"type":"Feature","geometry":{"type":"Point","coordinates":[-82.60617,29.63992]},"properties":{"kind":"court","sport":"tennis","lit":"untagged","p_lit":0.5,"fixtures":3.0,"name":null,"county":"12001"}},{"type":"Feature","geometry":{"type":"Point","coordinates":[-82.61455,29.65962]},"properties":{"kind":"court","sport":"tennis","lit":"untagged","p_lit":0.5,"fixtures":3.0,"name":null,"county":"12001"}},{"type":"Feature","geometry":{"type":"Point","coordinates":[-82.61426,29.65962]},"properties":{"kind":"court","sport":"basketball","lit":"untagged","p_lit":0.5,"fixtures":3.0,"name":null,"county":"12001"}},{"type":"Feature","geometry":{"type":"Point","coordinates":[-82.58623,29.65751]},"properties":{"kind":"court","sport":"equestrian","lit":"yes","p_lit":1.0,"fixtures":6.0,"name":null,"county":"12001"}},{"type":"Feature","geometry":{"type":"Point","coordinates":[-82.60278,29.66955]},"properties":{"kind":"field","sport":"baseball","lit":"untagged","p_lit":0.5,"fixtures":10.0,"name":null,"county":"12001"}},{"type":"Feature","geometry":{"type":"Point","coordinates":[-82.60291,29.66853]},"properties":{"kind":"field","sport":"baseball","lit":"untagged","p_lit":0.5,"fixtures":10.0,"name":null,"county":"12001"}},{"type":"Feature","geometry":{"type":"Point","coordinates":[-82.60221,29.67042]},"properties":{"kind":"field","sport":"soccer","lit":"untagged","p_lit":0.5,"fixtures":10.0,"name":null,"county":"12001"}},{"type":"Feature","geometry":{"type":"Point","coordinates":[-82.60297,29.67039]},"properties":{"kind":"field","sport":"american_football","lit":"untagged","p_lit":0.5,"fixtures":10.0,"name":null,"county":"12001"}},{"type":"Feature","geometry":{"type":"Point","coordinates":[-82.60175,29.66955]},"properties":{"kind":"field","sport":"baseball","lit":"untagged","p_lit":0.5,"fixtures":10.0,"name":null,"county":"12001"}},{"type":"Feature","geometry":{"type":"Point","coordinates":[-82.60161,29.66853]},"properties":{"kind":"field","sport":"baseball","lit":"untagged","p_lit":0.5,"fixtures":10.0,"name":null,"county":"12001"}},{"type":"Feature","geometry":{"type":"Point","coordinates":[-82.47484,29.61706]},"properties":{"kind":"field","sport":"baseball","lit":"untagged","p_lit":0.5,"fixtures":10.0,"name":null,"county":"12001"}},{"type":"Feature","geometry":{"type":"Point","coordinates":[-82.47484,29.61809]},"properties":{"kind":"field","sport":"baseball","lit":"untagged","p_lit":0.5,"fixtures":10.0,"name":null,"county":"12001"}},{"type":"Feature","geometry":{"type":"Point","coordinates":[-82.47603,29.61809]},"properties":{"kind":"field","sport":"baseball","lit":"untagged","p_lit":0.5,"fixtures":10.0,"name":null,"county":"12001"}},{"type":"Feature","geometry":{"type":"Point","coordinates":[-82.47605,29.61707]},"properties":{"kind":"field","sport":"baseball","lit":"untagged","p_lit":0.5,"fixtures":10.0,"name":null,"county":"12001"}},{"type":"Feature","geometry":{"type":"Point","coordinates":[-82.47725,29.61703]},"properties":{"kind":"field","sport":"baseball","lit":"untagged","p_lit":0.5,"fixtures":10.0,"name":null,"county":"12001"}},{"type":"Feature","geometry":{"type":"Point","coordinates":[-82.47726,29.61811]},"properties":{"kind":"field","sport":"baseball","lit":"untagged","p_lit":0.5,"fixtures":10.0,"name":null,"county":"12001"}},{"type":"Feature","geometry":{"type":"Point","coordinates":[-82.47433,29.61889]},"properties":{"kind":"field","sport":"baseball","lit":"untagged","p_lit":0.5,"fixtures":10.0,"name":null,"county":"12001"}},{"type":"Feature","geometry":{"type":"Point","coordinates":[-82.47355,29.61904]},"properties":{"kind":"field","sport":"baseball","lit":"untagged","p_lit":0.5,"fixtures":10.0,"name":null,"county":"12001"}},{"type":"Feature","geometry":{"type":"Point","coordinates":[-82.44194,29.58639]},"properties":{"kind":"court","sport":"basketball","lit":"untagged","p_lit":0.5,"fixtures":3.0,"name":null,"county":"12001"}},{"type":"Feature","geometry":{"type":"Point","coordinates":[-82.43734,29.60419]},"properties":{"kind":"court","sport":"tennis","lit":"untagged","p_lit":0.5,"fixtures":3.0,"name":null,"county":"12001"}},{"type":"Feature","geometry":{"type":"Point","coordinates":[-82.43717,29.60417]},"properties":{"kind":"court","sport":"tennis","lit":"untagged","p_lit":0.5,"fixtures":3.0,"name":null,"county":"12001"}},{"type":"Feature","geometry":{"type":"Point","coordinates":[-82.4222,29.60372]},"properties":{"kind":"court","sport":"tennis","lit":"untagged","p_lit":0.5,"fixtures":3.0,"name":null,"county":"12001"}},{"type":"Feature","geometry":{"type":"Point","coordinates":[-82.42235,29.60372]},"properties":{"kind":"court","sport":"tennis","lit":"untagged","p_lit":0.5,"fixtures":3.0,"name":null,"county":"12001"}},{"type":"Feature","geometry":{"type":"Point","coordinates":[-82.42227,29.60395]},"properties":{"kind":"court","sport":"basketball","lit":"untagged","p_lit":0.5,"fixtures":3.0,"name":null,"county":"12001"}},{"type":"Feature","geometry":{"type":"Point","coordinates":[-82.42101,29.60851]},"properties":{"kind":"court","sport":"tennis","lit":"untagged","p_lit":0.5,"fixtures":3.0,"name":null,"county":"12001"}},{"type":"Feature","geometry":{"type":"Point","coordinates":[-82.42101,29.60839]},"properties":{"kind":"court","sport":"tennis","lit":"untagged","p_lit":0.5,"fixtures":3.0,"name":null,"county":"12001"}},{"type":"Feature","geometry":{"type":"Point","coordinates":[-82.42077,29.60839]},"properties":{"kind":"court","sport":"tennis","lit":"untagged","p_lit":0.5,"fixtures":3.0,"name":null,"county":"12001"}},{"type":"Feature","geometry":{"type":"Point","coordinates":[-82.42077,29.60851]},"properties":{"kind":"court","sport":"tennis","lit":"untagged","p_lit":0.5,"fixtures":3.0,"name":null,"county":"12001"}},{"type":"Feature","geometry":{"type":"Point","coordinates":[-82.42194,29.60916]},"properties":{"kind":"field","sport":"soccer","lit":"untagged","p_lit":0.5,"fixtures":10.0,"name":null,"county":"12001"}},{"type":"Feature","geometry":{"type":"Point","coordinates":[-82.46645,29.62495]},"properties":{"kind":"court","sport":"tennis","lit":"untagged","p_lit":0.5,"fixtures":3.0,"name":null,"county":"12001"}},{"type":"Feature","geometry":{"type":"Point","coordinates":[-82.46626,29.62495]},"properties":{"kind":"court","sport":"tennis","lit":"untagged","p_lit":0.5,"fixtures":3.0,"name":null,"county":"12001"}},{"type":"Feature","geometry":{"type":"Point","coordinates":[-82.46607,29.62495]},"properties":{"kind":"court","sport":"basketball","lit":"untagged","p_lit":0.5,"fixtures":3.0,"name":null,"county":"12001"}},{"type":"Feature","geometry":{"type":"Point","coordinates":[-82.44717,29.61317]},"properties":{"kind":"court","sport":"tennis","lit":"untagged","p_lit":0.5,"fixtures":3.0,"name":null,"county":"12001"}},{"type":"Feature","geometry":{"type":"Point","coordinates":[-82.44632,29.63111]},"properties":{"kind":"court","sport":"basketball","lit":"untagged","p_lit":0.5,"fixtures":3.0,"name":"The Rock outdoor basketball court","county":"12001"}},{"type":"Feature","geometry":{"type":"Point","coordinates":[-82.44468,29.62994]},"properties":{"kind":"field","sport":"baseball","lit":"untagged","p_lit":0.5,"fixtures":10.0,"name":null,"county":"12001"}},{"type":"Feature","geometry":{"type":"Point","coordinates":[-82.42046,29.61799]},"properties":{"kind":"court","sport":"basketball","lit":"untagged","p_lit":0.5,"fixtures":3.0,"name":null,"county":"12001"}},{"type":"Feature","geometry":{"type":"Point","coordinates":[-82.41983,29.61707]},"properties":{"kind":"court","sport":"roller_hockey","lit":"untagged","p_lit":0.5,"fixtures":3.0,"name":null,"county":"12001"}},{"type":"Feature","geometry":{"type":"Point","coordinates":[-82.43995,29.62993]},"properties":{"kind":"court","sport":"tennis","lit":"untagged","p_lit":0.5,"fixtures":3.0,"name":null,"county":"12001"}},{"type":"Feature","geometry":{"type":"Point","coordinates":[-82.43976,29.62993]},"properties":{"kind":"court","sport":"tennis","lit":"untagged","p_lit":0.5,"fixtures":3.0,"name":null,"county":"12001"}},{"type":"Feature","geometry":{"type":"Point","coordinates":[-82.43957,29.62993]},"properties":{"kind":"court","sport":"tennis","lit":"untagged","p_lit":0.5,"fixtures":3.0,"name":null,"county":"12001"}},{"type":"Feature","geometry":{"type":"Point","coordinates":[-82.43976,29.6296]},"properties":{"kind":"court","sport":"tennis","lit":"untagged","p_lit":0.5,"fixtures":3.0,"name":null,"county":"12001"}},{"type":"Feature","geometry":{"type":"Point","coordinates":[-82.43957,29.6296]},"properties":{"kind":"court","sport":"tennis","lit":"untagged","p_lit":0.5,"fixtures":3.0,"name":null,"county":"12001"}},{"type":"Feature","geometry":{"type":"Point","coordinates":[-82.42315,29.63874]},"properties":{"kind":"field","sport":"soccer","lit":"untagged","p_lit":0.5,"fixtures":10.0,"name":null,"county":"12001"}},{"type":"Feature","geometry":{"type":"Point","coordinates":[-82.43064,29.63463]},"properties":{"kind":"court","sport":"tennis","lit":"untagged","p_lit":0.5,"fixtures":3.0,"name":null,"county":"12001"}},{"type":"Feature","geometry":{"type":"Point","coordinates":[-82.43079,29.63463]},"properties":{"kind":"court","sport":"tennis","lit":"untagged","p_lit":0.5,"fixtures":3.0,"name":null,"county":"12001"}},{"type":"Feature","geometry":{"type":"Point","coordinates":[-82.43098,29.63463]},"properties":{"kind":"court","sport":"tennis","lit":"untagged","p_lit":0.5,"fixtures":3.0,"name":null,"county":"12001"}},{"type":"Feature","geometry":{"type":"Point","coordinates":[-82.43113,29.63463]},"properties":{"kind":"court","sport":"tennis","lit":"untagged","p_lit":0.5,"fixtures":3.0,"name":null,"county":"12001"}},{"type":"Feature","geometry":{"type":"Point","coordinates":[-82.48027,29.64685]},"properties":{"kind":"court","sport":"tennis","lit":"untagged","p_lit":0.5,"fixtures":3.0,"name":null,"county":"12001"}},{"type":"Feature","geometry":{"type":"Point","coordinates":[-82.48054,29.65259]},"properties":{"kind":"court","sport":"tennis","lit":"untagged","p_lit":0.5,"fixtures":3.0,"name":null,"county":"12001"}},{"type":"Feature","geometry":{"type":"Point","coordinates":[-82.48053,29.65283]},"properties":{"kind":"court","sport":"basketball","lit":"untagged","p_lit":0.5,"fixtures":3.0,"name":null,"county":"12001"}},{"type":"Feature","geometry":{"type":"Point","coordinates":[-82.47878,29.66424]},"properties":{"kind":"court","sport":"tennis","lit":"untagged","p_lit":0.5,"fixtures":3.0,"name":null,"county":"12001"}},{"type":"Feature","geometry":{"type":"Point","coordinates":[-82.47862,29.66424]},"properties":{"kind":"court","sport":"tennis","lit":"untagged","p_lit":0.5,"fixtures":3.0,"name":null,"county":"12001"}},{"type":"Feature","geometry":{"type":"Point","coordinates":[-82.49994,29.67342]},"properties":{"kind":"court","sport":"tennis","lit":"untagged","p_lit":0.5,"fixtures":3.0,"name":null,"county":"12001"}},{"type":"Feature","geometry":{"type":"Point","coordinates":[-82.50013,29.67341]},"properties":{"kind":"court","sport":"basketball","lit":"untagged","p_lit":0.5,"fixtures":3.0,"name":null,"county":"12001"}},{"type":"Feature","geometry":{"type":"Point","coordinates":[-82.49027,29.68432]},"properties":{"kind":"court","sport":"tennis","lit":"untagged","p_lit":0.5,"fixtures":3.0,"name":null,"county":"12001"}},{"type":"Feature","geometry":{"type":"Point","coordinates":[-82.49046,29.68432]},"properties":{"kind":"court","sport":"tennis","lit":"untagged","p_lit":0.5,"fixtures":3.0,"name":null,"county":"12001"}},{"type":"Feature","geometry":{"type":"Point","coordinates":[-82.49065,29.68432]},"properties":{"kind":"court","sport":"tennis","lit":"untagged","p_lit":0.5,"fixtures":3.0,"name":null,"county":"12001"}},{"type":"Feature","geometry":{"type":"Point","coordinates":[-82.4909,29.68432]},"properties":{"kind":"court","sport":"tennis","lit":"untagged","p_lit":0.5,"fixtures":3.0,"name":null,"county":"12001"}},{"type":"Feature","geometry":{"type":"Point","coordinates":[-82.4911,29.68432]},"properties":{"kind":"court","sport":"tennis","lit":"untagged","p_lit":0.5,"fixtures":3.0,"name":null,"county":"12001"}},{"type":"Feature","geometry":{"type":"Point","coordinates":[-82.49134,29.68409]},"properties":{"kind":"court","sport":"tennis","lit":"untagged","p_lit":0.5,"fixtures":3.0,"name":null,"county":"12001"}},{"type":"Feature","geometry":{"type":"Point","coordinates":[-82.49087,29.68397]},"properties":{"kind":"court","sport":"tennis","lit":"untagged","p_lit":0.5,"fixtures":3.0,"name":null,"county":"12001"}},{"type":"Feature","geometry":{"type":"Point","coordinates":[-82.49068,29.68395]},"properties":{"kind":"court","sport":"tennis","lit":"untagged","p_lit":0.5,"fixtures":3.0,"name":null,"county":"12001"}},{"type":"Feature","geometry":{"type":"Point","coordinates":[-82.49049,29.68395]},"properties":{"kind":"court","sport":"tennis","lit":"untagged","p_lit":0.5,"fixtures":3.0,"name":null,"county":"12001"}},{"type":"Feature","geometry":{"type":"Point","coordinates":[-82.49341,29.68384]},"properties":{"kind":"field","sport":"soccer","lit":"untagged","p_lit":0.5,"fixtures":10.0,"name":null,"county":"12001"}},{"type":"Feature","geometry":{"type":"Point","coordinates":[-82.49438,29.68383]},"properties":{"kind":"field","sport":"soccer","lit":"untagged","p_lit":0.5,"fixtures":10.0,"name":null,"county":"12001"}},{"type":"Feature","geometry":{"type":"Point","coordinates":[-82.49527,29.68384]},"properties":{"kind":"field","sport":"soccer","lit":"untagged","p_lit":0.5,"fixtures":10.0,"name":null,"county":"12001"}},{"type":"Feature","geometry":{"type":"Point","coordinates":[-82.49257,29.68331]},"properties":{"kind":"field","sport":"soccer","lit":"untagged","p_lit":0.5,"fixtures":10.0,"name":null,"county":"12001"}},{"type":"Feature","geometry":{"type":"Point","coordinates":[-82.49258,29.68367]},"properties":{"kind":"field","sport":"soccer","lit":"untagged","p_lit":0.5,"fixtures":10.0,"name":null,"county":"12001"}},{"type":"Feature","geometry":{"type":"Point","coordinates":[-82.49273,29.68396]},"properties":{"kind":"field","sport":"soccer","lit":"untagged","p_lit":0.5,"fixtures":10.0,"name":null,"county":"12001"}},{"type":"Feature","geometry":{"type":"Point","coordinates":[-82.4924,29.68396]},"properties":{"kind":"field","sport":"soccer","lit":"untagged","p_lit":0.5,"fixtures":10.0,"name":null,"county":"12001"}},{"type":"Feature","geometry":{"type":"Point","coordinates":[-82.49356,29.68495]},"properties":{"kind":"field","sport":"soccer","lit":"untagged","p_lit":0.5,"fixtures":10.0,"name":null,"county":"12001"}},{"type":"Feature","geometry":{"type":"Point","coordinates":[-82.49439,29.68494]},"properties":{"kind":"field","sport":"soccer","lit":"untagged","p_lit":0.5,"fixtures":10.0,"name":null,"county":"12001"}},{"type":"Feature","geometry":{"type":"Point","coordinates":[-82.49527,29.68493]},"properties":{"kind":"field","sport":"soccer","lit":"untagged","p_lit":0.5,"fixtures":10.0,"name":null,"county":"12001"}},{"type":"Feature","geometry":{"type":"Point","coordinates":[-82.49109,29.68469]},"properties":{"kind":"court","sport":"tennis","lit":"untagged","p_lit":0.5,"fixtures":3.0,"name":null,"county":"12001"}},{"type":"Feature","geometry":{"type":"Point","coordinates":[-82.4909,29.68468]},"properties":{"kind":"court","sport":"tennis","lit":"untagged","p_lit":0.5,"fixtures":3.0,"name":null,"county":"12001"}},{"type":"Feature","geometry":{"type":"Point","coordinates":[-82.49065,29.68468]},"properties":{"kind":"court","sport":"tennis","lit":"untagged","p_lit":0.5,"fixtures":3.0,"name":null,"county":"12001"}},{"type":"Feature","geometry":{"type":"Point","coordinates":[-82.49046,29.68468]},"properties":{"kind":"court","sport":"tennis","lit":"untagged","p_lit":0.5,"fixtures":3.0,"name":null,"county":"12001"}},{"type":"Feature","geometry":{"type":"Point","coordinates":[-82.49027,29.68468]},"properties":{"kind":"court","sport":"tennis","lit":"untagged","p_lit":0.5,"fixtures":3.0,"name":null,"county":"12001"}},{"type":"Feature","geometry":{"type":"Point","coordinates":[-82.49211,29.6854]},"properties":{"kind":"field","sport":"baseball","lit":"untagged","p_lit":0.5,"fixtures":10.0,"name":null,"county":"12001"}},{"type":"Feature","geometry":{"type":"Point","coordinates":[-82.49133,29.68618]},"properties":{"kind":"field","sport":"baseball","lit":"untagged","p_lit":0.5,"fixtures":10.0,"name":null,"county":"12001"}},{"type":"Feature","geometry":{"type":"Point","coordinates":[-82.49215,29.68666]},"properties":{"kind":"field","sport":"baseball","lit":"untagged","p_lit":0.5,"fixtures":10.0,"name":null,"county":"12001"}},{"type":"Feature","geometry":{"type":"Point","coordinates":[-82.49273,29.68613]},"properties":{"kind":"field","sport":"baseball","lit":"untagged","p_lit":0.5,"fixtures":10.0,"name":null,"county":"12001"}},{"type":"Feature","geometry":{"type":"Point","coordinates":[-82.42359,29.63947]},"properties":{"kind":"court","sport":"tennis","lit":"untagged","p_lit":0.5,"fixtures":3.0,"name":null,"county":"12001"}},{"type":"Feature","geometry":{"type":"Point","coordinates":[-82.42344,29.63947]},"properties":{"kind":"court","sport":"tennis","lit":"untagged","p_lit":0.5,"fixtures":3.0,"name":null,"county":"12001"}},{"type":"Feature","geometry":{"type":"Point","coordinates":[-82.42329,29.63947]},"properties":{"kind":"court","sport":"tennis","lit":"untagged","p_lit":0.5,"fixtures":3.0,"name":null,"county":"12001"}},{"type":"Feature","geometry":{"type":"Point","coordinates":[-82.42306,29.63947]},"properties":{"kind":"court","sport":"tennis","lit":"untagged","p_lit":0.5,"fixtures":3.0,"name":null,"county":"12001"}},{"type":"Feature","geometry":{"type":"Point","coordinates":[-82.42291,29.63947]},"properties":{"kind":"court","sport":"tennis","lit":"untagged","p_lit":0.5,"fixtures":3.0,"name":null,"county":"12001"}},{"type":"Feature","geometry":{"type":"Point","coordinates":[-82.42276,29.63947]},"properties":{"kind":"court","sport":"tennis","lit":"untagged","p_lit":0.5,"fixtures":3.0,"name":null,"county":"12001"}},{"type":"Feature","geometry":{"type":"Point","coordinates":[-82.42067,29.64544]},"properties":{"kind":"court","sport":"tennis","lit":"untagged","p_lit":0.5,"fixtures":3.0,"name":null,"county":"12001"}},{"type":"Feature","geometry":{"type":"Point","coordinates":[-82.4205,29.64545]},"properties":{"kind":"court","sport":"basketball","lit":"untagged","p_lit":0.5,"fixtures":3.0,"name":null,"county":"12001"}},{"type":"Feature","geometry":{"type":"Point","coordinates":[-82.42007,29.64723]},"properties":{"kind":"court","sport":"tennis","lit":"untagged","p_lit":0.5,"fixtures":3.0,"name":null,"county":"12001"}},{"type":"Feature","geometry":{"type":"Point","coordinates":[-82.41992,29.64723]},"properties":{"kind":"court","sport":"tennis","lit":"untagged","p_lit":0.5,"fixtures":3.0,"name":null,"county":"12001"}},{"type":"Feature","geometry":{"type":"Point","coordinates":[-82.4395,29.65901]},"properties":{"kind":"court","sport":"basketball","lit":"untagged","p_lit":0.5,"fixtures":3.0,"name":null,"county":"12001"}},{"type":"Feature","geometry":{"type":"Point","coordinates":[-82.43224,29.66396]},"properties":{"kind":"court","sport":"tennis","lit":"yes","p_lit":1.0,"fixtures":6.0,"name":null,"county":"12001"}},{"type":"Feature","geometry":{"type":"Point","coordinates":[-82.43208,29.66396]},"properties":{"kind":"court","sport":"tennis","lit":"yes","p_lit":1.0,"fixtures":6.0,"name":null,"county":"12001"}},{"type":"Feature","geometry":{"type":"Point","coordinates":[-82.4569,29.68982]},"properties":{"kind":"field","sport":"baseball","lit":"untagged","p_lit":0.5,"fixtures":10.0,"name":null,"county":"12001"}},{"type":"Feature","geometry":{"type":"Point","coordinates":[-82.45711,29.69067]},"properties":{"kind":"field","sport":"baseball","lit":"untagged","p_lit":0.5,"fixtures":10.0,"name":null,"county":"12001"}},{"type":"Feature","geometry":{"type":"Point","coordinates":[-82.4583,29.69043]},"properties":{"kind":"court","sport":"basketball","lit":"untagged","p_lit":0.5,"fixtures":3.0,"name":null,"county":"12001"}},{"type":"Feature","geometry":{"type":"Point","coordinates":[-82.4583,29.69013]},"properties":{"kind":"court","sport":"basketball","lit":"untagged","p_lit":0.5,"fixtures":3.0,"name":null,"county":"12001"}},{"type":"Feature","geometry":{"type":"Point","coordinates":[-82.4504,29.6819]},"properties":{"kind":"court","sport":"tennis","lit":"untagged","p_lit":0.5,"fixtures":3.0,"name":null,"county":"12001"}},{"type":"Feature","geometry":{"type":"Point","coordinates":[-82.45023,29.68195]},"properties":{"kind":"court","sport":"tennis","lit":"untagged","p_lit":0.5,"fixtures":3.0,"name":null,"county":"12001"}},{"type":"Feature","geometry":{"type":"Point","coordinates":[-82.43249,29.66898]},"properties":{"kind":"court","sport":"tennis","lit":"untagged","p_lit":0.5,"fixtures":3.0,"name":null,"county":"12001"}},{"type":"Feature","geometry":{"type":"Point","coordinates":[-82.43126,29.67594]},"properties":{"kind":"field","sport":"baseball","lit":"untagged","p_lit":0.5,"fixtures":10.0,"name":null,"county":"12001"}},{"type":"Feature","geometry":{"type":"Point","coordinates":[-82.43132,29.67713]},"properties":{"kind":"field","sport":"baseball","lit":"untagged","p_lit":0.5,"fixtures":10.0,"name":null,"county":"12001"}},{"type":"Feature","geometry":{"type":"Point","coordinates":[-82.43109,29.66874]},"properties":{"kind":"court","sport":"basketball","lit":"untagged","p_lit":0.5,"fixtures":3.0,"name":null,"county":"12001"}},{"type":"Feature","geometry":{"type":"Point","coordinates":[-82.44145,29.67696]},"properties":{"kind":"court","sport":"basketball","lit":"untagged","p_lit":0.5,"fixtures":3.0,"name":null,"county":"12001"}},{"type":"Feature","geometry":{"type":"Point","coordinates":[-82.43196,29.67531]},"properties":{"kind":"field","sport":"soccer","lit":"untagged","p_lit":0.5,"fixtures":10.0,"name":null,"county":"12001"}},{"type":"Feature","geometry":{"type":"Point","coordinates":[-82.42373,29.67702]},"properties":{"kind":"court","sport":"tennis","lit":"untagged","p_lit":0.5,"fixtures":3.0,"name":null,"county":"12001"}},{"type":"Feature","geometry":{"type":"Point","coordinates":[-82.42388,29.67692]},"properties":{"kind":"court","sport":"tennis","lit":"untagged","p_lit":0.5,"fixtures":3.0,"name":null,"county":"12001"}},{"type":"Feature","geometry":{"type":"Point","coordinates":[-82.43215,29.68532]},"properties":{"kind":"court","sport":"basketball","lit":"untagged","p_lit":0.5,"fixtures":3.0,"name":null,"county":"12001"}},{"type":"Feature","geometry":{"type":"Point","coordinates":[-82.43197,29.68532]},"properties":{"kind":"court","sport":"tennis","lit":"untagged","p_lit":0.5,"fixtures":3.0,"name":null,"county":"12001"}},{"type":"Feature","geometry":{"type":"Point","coordinates":[-82.42899,29.68266]},"properties":{"kind":"court","sport":"tennis","lit":"untagged","p_lit":0.5,"fixtures":3.0,"name":null,"county":"12001"}},{"type":"Feature","geometry":{"type":"Point","coordinates":[-82.53142,29.69572]},"properties":{"kind":"field","sport":"soccer","lit":"untagged","p_lit":0.5,"fixtures":10.0,"name":null,"county":"12001"}},{"type":"Feature","geometry":{"type":"Point","coordinates":[-82.4651,29.69484]},"properties":{"kind":"field","sport":"baseball","lit":"untagged","p_lit":0.5,"fixtures":10.0,"name":null,"county":"12001"}},{"type":"Feature","geometry":{"type":"Point","coordinates":[-82.46729,29.69584]},"properties":{"kind":"field","sport":"baseball","lit":"untagged","p_lit":0.5,"fixtures":10.0,"name":null,"county":"12001"}},{"type":"Feature","geometry":{"type":"Point","coordinates":[-82.45861,29.69468]},"properties":{"kind":"court","sport":"basketball","lit":"untagged","p_lit":0.5,"fixtures":3.0,"name":null,"county":"12001"}},{"type":"Feature","geometry":{"type":"Point","coordinates":[-82.45693,29.69201]},"properties":{"kind":"field","sport":"american_football","lit":"untagged","p_lit":0.5,"fixtures":10.0,"name":null,"county":"12001"}},{"type":"Feature","geometry":{"type":"Point","coordinates":[-82.45724,29.69436]},"properties":{"kind":"field","sport":"soccer","lit":"untagged","p_lit":0.5,"fixtures":10.0,"name":null,"county":"12001"}},{"type":"Feature","geometry":{"type":"Point","coordinates":[-82.43702,29.70867]},"properties":{"kind":"court","sport":"tennis","lit":"untagged","p_lit":0.5,"fixtures":3.0,"name":null,"county":"12001"}},{"type":"Feature","geometry":{"type":"Point","coordinates":[-82.50266,29.78487]},"properties":{"kind":"field","sport":"baseball","lit":"yes","p_lit":1.0,"fixtures":20.0,"name":null,"county":"12001"}},{"type":"Feature","geometry":{"type":"Point","coordinates":[-82.50202,29.78665]},"properties":{"kind":"court","sport":"basketball","lit":"untagged","p_lit":0.5,"fixtures":3.0,"name":null,"county":"12001"}},{"type":"Feature","geometry":{"type":"Point","coordinates":[-82.49658,29.79339]},"properties":{"kind":"field","sport":"baseball","lit":"untagged","p_lit":0.5,"fixtures":10.0,"name":null,"county":"12001"}},{"type":"Feature","geometry":{"type":"Point","coordinates":[-82.50336,29.78498]},"properties":{"kind":"field","sport":"baseball","lit":"yes","p_lit":1.0,"fixtures":20.0,"name":null,"county":"12001"}},{"type":"Feature","geometry":{"type":"Point","coordinates":[-82.50314,29.78556]},"properties":{"kind":"field","sport":"baseball","lit":"yes","p_lit":1.0,"fixtures":20.0,"name":null,"county":"12001"}},{"type":"Feature","geometry":{"type":"Point","coordinates":[-82.49671,29.79285]},"properties":{"kind":"court","sport":"tennis","lit":"untagged","p_lit":0.5,"fixtures":3.0,"name":null,"county":"12001"}},{"type":"Feature","geometry":{"type":"Point","coordinates":[-82.49687,29.79285]},"properties":{"kind":"court","sport":"tennis","lit":"untagged","p_lit":0.5,"fixtures":3.0,"name":null,"county":"12001"}},{"type":"Feature","geometry":{"type":"Point","coordinates":[-82.49077,29.79459]},"properties":{"kind":"field","sport":"baseball","lit":"untagged","p_lit":0.5,"fixtures":10.0,"name":null,"county":"12001"}},{"type":"Feature","geometry":{"type":"Point","coordinates":[-82.49635,29.79293]},"properties":{"kind":"court","sport":"basketball","lit":"untagged","p_lit":0.5,"fixtures":3.0,"name":null,"county":"12001"}},{"type":"Feature","geometry":{"type":"Point","coordinates":[-82.49635,29.79279]},"properties":{"kind":"court","sport":"basketball","lit":"untagged","p_lit":0.5,"fixtures":3.0,"name":null,"county":"12001"}},{"type":"Feature","geometry":{"type":"Point","coordinates":[-82.47881,29.78362]},"properties":{"kind":"field","sport":"baseball","lit":"untagged","p_lit":0.5,"fixtures":10.0,"name":null,"county":"12001"}},{"type":"Feature","geometry":{"type":"Point","coordinates":[-82.39296,29.61576]},"properties":{"kind":"field","sport":"baseball","lit":"untagged","p_lit":0.5,"fixtures":10.0,"name":null,"county":"12001"}},{"type":"Feature","geometry":{"type":"Point","coordinates":[-82.39362,29.61415]},"properties":{"kind":"court","sport":"tennis","lit":"untagged","p_lit":0.5,"fixtures":3.0,"name":null,"county":"12001"}},{"type":"Feature","geometry":{"type":"Point","coordinates":[-82.3935,29.61426]},"properties":{"kind":"court","sport":"basketball","lit":"untagged","p_lit":0.5,"fixtures":3.0,"name":null,"county":"12001"}},{"type":"Feature","geometry":{"type":"Point","coordinates":[-82.39793,29.61748]},"properties":{"kind":"court","sport":"basketball","lit":"untagged","p_lit":0.5,"fixtures":3.0,"name":null,"county":"12001"}},{"type":"Feature","geometry":{"type":"Point","coordinates":[-82.39195,29.62339]},"properties":{"kind":"court","sport":"basketball","lit":"untagged","p_lit":0.5,"fixtures":3.0,"name":null,"county":"12001"}},{"type":"Feature","geometry":{"type":"Point","coordinates":[-82.39419,29.63732]},"properties":{"kind":"field","sport":"american_football","lit":"untagged","p_lit":0.5,"fixtures":10.0,"name":null,"county":"12001"}},{"type":"Feature","geometry":{"type":"Point","coordinates":[-82.39429,29.63767]},"properties":{"kind":"court","sport":"basketball","lit":"untagged","p_lit":0.5,"fixtures":3.0,"name":null,"county":"12001"}},{"type":"Feature","geometry":{"type":"Point","coordinates":[-82.39173,29.6234]},"properties":{"kind":"court","sport":"tennis","lit":"untagged","p_lit":0.5,"fixtures":3.0,"name":null,"county":"12001"}},{"type":"Feature","geometry":{"type":"Point","coordinates":[-82.37528,29.61849]},"properties":{"kind":"court","sport":"tennis","lit":"untagged","p_lit":0.5,"fixtures":3.0,"name":null,"county":"12001"}},{"type":"Feature","geometry":{"type":"Point","coordinates":[-82.37512,29.61851]},"properties":{"kind":"court","sport":"basketball","lit":"untagged","p_lit":0.5,"fixtures":3.0,"name":null,"county":"12001"}},{"type":"Feature","geometry":{"type":"Point","coordinates":[-82.38134,29.62749]},"properties":{"kind":"court","sport":"basketball","lit":"untagged","p_lit":0.5,"fixtures":3.0,"name":null,"county":"12001"}},{"type":"Feature","geometry":{"type":"Point","coordinates":[-82.38121,29.62754]},"properties":{"kind":"court","sport":"tennis","lit":"untagged","p_lit":0.5,"fixtures":3.0,"name":null,"county":"12001"}},{"type":"Feature","geometry":{"type":"Point","coordinates":[-82.38107,29.62759]},"properties":{"kind":"court","sport":"tennis","lit":"untagged","p_lit":0.5,"fixtures":3.0,"name":null,"county":"12001"}},{"type":"Feature","geometry":{"type":"Point","coordinates":[-82.39064,29.63467]},"properties":{"kind":"field","sport":"soccer","lit":"untagged","p_lit":0.5,"fixtures":10.0,"name":null,"county":"12001"}},{"type":"Feature","geometry":{"type":"Point","coordinates":[-82.39088,29.63555]},"properties":{"kind":"field","sport":"soccer","lit":"untagged","p_lit":0.5,"fixtures":10.0,"name":null,"county":"12001"}},{"type":"Feature","geometry":{"type":"Point","coordinates":[-82.38981,29.63499]},"properties":{"kind":"field","sport":"soccer","lit":"untagged","p_lit":0.5,"fixtures":10.0,"name":null,"county":"12001"}},{"type":"Feature","geometry":{"type":"Point","coordinates":[-82.39138,29.63656]},"properties":{"kind":"court","sport":"basketball","lit":"untagged","p_lit":0.5,"fixtures":3.0,"name":"Abby Wambach Park","county":"12001"}},{"type":"Feature","geometry":{"type":"Point","coordinates":[-82.38907,29.63557]},"properties":{"kind":"court","sport":"tennis","lit":"untagged","p_lit":0.5,"fixtures":3.0,"name":null,"county":"12001"}},{"type":"Feature","geometry":{"type":"Point","coordinates":[-82.36733,29.63864]},"properties":{"kind":"court","sport":"pickleball","lit":"yes","p_lit":1.0,"fixtures":6.0,"name":null,"county":"12001"}},{"type":"Feature","geometry":{"type":"Point","coordinates":[-82.36999,29.63878]},"properties":{"kind":"field","sport":"soccer","lit":"yes","p_lit":1.0,"fixtures":20.0,"name":null,"county":"12001"}},{"type":"Feature","geometry":{"type":"Point","coordinates":[-82.36558,29.63673]},"properties":{"kind":"field","sport":"lacrosse","lit":"yes","p_lit":1.0,"fixtures":20.0,"name":"Rob Gidel Family Practice Field","county":"12001"}},{"type":"Feature","geometry":{"type":"Point","coordinates":[-82.36618,29.63664]},"properties":{"kind":"stadium","sport":"lacrosse","lit":"untagged","p_lit":1.0,"fixtures":60.0,"name":"Donald R. Dizney Stadium","county":"12001"}},{"type":"Feature","geometry":{"type":"Point","coordinates":[-82.36718,29.63864]},"properties":{"kind":"court","sport":"pickleball","lit":"yes","p_lit":1.0,"fixtures":6.0,"name":null,"county":"12001"}},{"type":"Feature","geometry":{"type":"Point","coordinates":[-82.36703,29.63864]},"properties":{"kind":"court","sport":"pickleball","lit":"yes","p_lit":1.0,"fixtures":6.0,"name":null,"county":"12001"}},{"type":"Feature","geometry":{"type":"Point","coordinates":[-82.36687,29.63864]},"properties":{"kind":"court","sport":"pickleball","lit":"yes","p_lit":1.0,"fixtures":6.0,"name":null,"county":"12001"}},{"type":"Feature","geometry":{"type":"Point","coordinates":[-82.36672,29.63864]},"properties":{"kind":"court","sport":"pickleball","lit":"yes","p_lit":1.0,"fixtures":6.0,"name":null,"county":"12001"}},{"type":"Feature","geometry":{"type":"Point","coordinates":[-82.37706,29.63607]},"properties":{"kind":"court","sport":"basketball","lit":"untagged","p_lit":0.5,"fixtures":3.0,"name":null,"county":"12001"}},{"type":"Feature","geometry":{"type":"Point","coordinates":[-82.36633,29.63672]},"properties":{"kind":"field","sport":"lacrosse","lit":"yes","p_lit":1.0,"fixtures":20.0,"name":"Donald R. Dizney Field","county":"12001"}},{"type":"Feature","geometry":{"type":"Point","coordinates":[-82.36738,29.63678]},"properties":{"kind":"field","sport":"soccer","lit":"yes","p_lit":1.0,"fixtures":20.0,"name":"Soccer Practice FIeld","county":"12001"}},{"type":"Feature","geometry":{"type":"Point","coordinates":[-82.36672,29.63823]},"properties":{"kind":"court","sport":"tennis","lit":"yes","p_lit":1.0,"fixtures":6.0,"name":null,"county":"12001"}},{"type":"Feature","geometry":{"type":"Point","coordinates":[-82.36703,29.63823]},"properties":{"kind":"court","sport":"tennis","lit":"yes","p_lit":1.0,"fixtures":6.0,"name":null,"county":"12001"}},{"type":"Feature","geometry":{"type":"Point","coordinates":[-82.36687,29.63823]},"properties":{"kind":"court","sport":"tennis","lit":"yes","p_lit":1.0,"fixtures":6.0,"name":null,"county":"12001"}},{"type":"Feature","geometry":{"type":"Point","coordinates":[-82.36718,29.63823]},"properties":{"kind":"court","sport":"tennis","lit":"yes","p_lit":1.0,"fixtures":6.0,"name":null,"county":"12001"}},{"type":"Feature","geometry":{"type":"Point","coordinates":[-82.36733,29.63823]},"properties":{"kind":"court","sport":"tennis","lit":"yes","p_lit":1.0,"fixtures":6.0,"name":null,"county":"12001"}},{"type":"Feature","geometry":{"type":"Point","coordinates":[-82.36733,29.63851]},"properties":{"kind":"court","sport":"pickleball","lit":"yes","p_lit":1.0,"fixtures":6.0,"name":null,"county":"12001"}},{"type":"Feature","geometry":{"type":"Point","coordinates":[-82.36718,29.63851]},"properties":{"kind":"court","sport":"pickleball","lit":"yes","p_lit":1.0,"fixtures":6.0,"name":null,"county":"12001"}},{"type":"Feature","geometry":{"type":"Point","coordinates":[-82.36702,29.63851]},"properties":{"kind":"court","sport":"pickleball","lit":"yes","p_lit":1.0,"fixtures":6.0,"name":null,"county":"12001"}},{"type":"Feature","geometry":{"type":"Point","coordinates":[-82.36687,29.63851]},"properties":{"kind":"court","sport":"pickleball","lit":"yes","p_lit":1.0,"fixtures":6.0,"name":null,"county":"12001"}},{"type":"Feature","geometry":{"type":"Point","coordinates":[-82.36672,29.6385]},"properties":{"kind":"court","sport":"pickleball","lit":"yes","p_lit":1.0,"fixtures":6.0,"name":null,"county":"12001"}},{"type":"Feature","geometry":{"type":"Point","coordinates":[-82.3592,29.61447]},"properties":{"kind":"court","sport":"tennis","lit":"untagged","p_lit":0.5,"fixtures":3.0,"name":null,"county":"12001"}},{"type":"Feature","geometry":{"type":"Point","coordinates":[-82.36263,29.61362]},"properties":{"kind":"court","sport":"tennis","lit":"untagged","p_lit":0.5,"fixtures":3.0,"name":null,"county":"12001"}},{"type":"Feature","geometry":{"type":"Point","coordinates":[-82.36417,29.6169]},"properties":{"kind":"court","sport":"tennis","lit":"untagged","p_lit":0.5,"fixtures":3.0,"name":null,"county":"12001"}},{"type":"Feature","geometry":{"type":"Point","coordinates":[-82.364,29.61688]},"properties":{"kind":"court","sport":"basketball","lit":"untagged","p_lit":0.5,"fixtures":3.0,"name":null,"county":"12001"}},{"type":"Feature","geometry":{"type":"Point","coordinates":[-82.35804,29.61425]},"properties":{"kind":"court","sport":"tennis","lit":"untagged","p_lit":0.5,"fixtures":3.0,"name":null,"county":"12001"}},{"type":"Feature","geometry":{"type":"Point","coordinates":[-82.35804,29.61402]},"properties":{"kind":"court","sport":"basketball","lit":"untagged","p_lit":0.5,"fixtures":3.0,"name":null,"county":"12001"}},{"type":"Feature","geometry":{"type":"Point","coordinates":[-82.35906,29.62336]},"properties":{"kind":"court","sport":"tennis","lit":"untagged","p_lit":0.5,"fixtures":3.0,"name":null,"county":"12001"}},{"type":"Feature","geometry":{"type":"Point","coordinates":[-82.36426,29.62059]},"properties":{"kind":"court","sport":"basketball","lit":"untagged","p_lit":0.5,"fixtures":3.0,"name":null,"county":"12001"}},{"type":"Feature","geometry":{"type":"Point","coordinates":[-82.3652,29.62123]},"properties":{"kind":"field","sport":"soccer","lit":"untagged","p_lit":0.5,"fixtures":10.0,"name":null,"county":"12001"}},{"type":"Feature","geometry":{"type":"Point","coordinates":[-82.36466,29.62419]},"properties":{"kind":"court","sport":"basketball","lit":"untagged","p_lit":0.5,"fixtures":3.0,"name":null,"county":"12001"}},{"type":"Feature","geometry":{"type":"Point","coordinates":[-82.35959,29.62496]},"properties":{"kind":"court","sport":"basketball","lit":"untagged","p_lit":0.5,"fixtures":3.0,"name":null,"county":"12001"}},{"type":"Feature","geometry":{"type":"Point","coordinates":[-82.35925,29.62333]},"properties":{"kind":"court","sport":"tennis","lit":"untagged","p_lit":0.5,"fixtures":3.0,"name":null,"county":"12001"}},{"type":"Feature","geometry":{"type":"Point","coordinates":[-82.36429,29.62087]},"properties":{"kind":"court","sport":"tennis","lit":"yes","p_lit":1.0,"fixtures":6.0,"name":null,"county":"12001"}},{"type":"Feature","geometry":{"type":"Point","coordinates":[-82.36447,29.62086]},"properties":{"kind":"court","sport":"tennis","lit":"yes","p_lit":1.0,"fixtures":6.0,"name":null,"county":"12001"}},{"type":"Feature","geometry":{"type":"Point","coordinates":[-82.3649,29.62956]},"properties":{"kind":"court","sport":"basketball","lit":"untagged","p_lit":0.5,"fixtures":3.0,"name":null,"county":"12001"}},{"type":"Feature","geometry":{"type":"Point","coordinates":[-82.36195,29.62864]},"properties":{"kind":"court","sport":"tennis","lit":"untagged","p_lit":0.5,"fixtures":3.0,"name":null,"county":"12001"}},{"type":"Feature","geometry":{"type":"Point","coordinates":[-82.36179,29.62864]},"properties":{"kind":"court","sport":"tennis","lit":"untagged","p_lit":0.5,"fixtures":3.0,"name":null,"county":"12001"}},{"type":"Feature","geometry":{"type":"Point","coordinates":[-82.36402,29.6271]},"properties":{"kind":"court","sport":"tennis","lit":"untagged","p_lit":0.5,"fixtures":3.0,"name":null,"county":"12001"}},{"type":"Feature","geometry":{"type":"Point","coordinates":[-82.36403,29.62732]},"properties":{"kind":"court","sport":"basketball","lit":"untagged","p_lit":0.5,"fixtures":3.0,"name":null,"county":"12001"}},{"type":"Feature","geometry":{"type":"Point","coordinates":[-82.36186,29.63156]},"properties":{"kind":"court","sport":"basketball","lit":"untagged","p_lit":0.5,"fixtures":3.0,"name":null,"county":"12001"}},{"type":"Feature","geometry":{"type":"Point","coordinates":[-82.36477,29.6386]},"properties":{"kind":"field","sport":"softball","lit":"untagged","p_lit":0.5,"fixtures":10.0,"name":null,"county":"12001"}},{"type":"Feature","geometry":{"type":"Point","coordinates":[-82.36477,29.63861]},"properties":{"kind":"field","sport":"softball","lit":"yes","p_lit":1.0,"fixtures":20.0,"name":null,"county":"12001"}},{"type":"Feature","geometry":{"type":"Point","coordinates":[-82.36243,29.63614]},"properties":{"kind":"field","sport":"baseball","lit":"untagged","p_lit":0.5,"fixtures":10.0,"name":null,"county":"12001"}},{"type":"Feature","geometry":{"type":"Point","coordinates":[-82.33631,29.62282]},"properties":{"kind":"court","sport":"tennis","lit":"untagged","p_lit":0.5,"fixtures":3.0,"name":null,"county":"12001"}},{"type":"Feature","geometry":{"type":"Point","coordinates":[-82.33648,29.62281]},"properties":{"kind":"court","sport":"basketball","lit":"untagged","p_lit":0.5,"fixtures":3.0,"name":null,"county":"12001"}},{"type":"Feature","geometry":{"type":"Point","coordinates":[-82.33235,29.63907]},"properties":{"kind":"field","sport":"soccer","lit":"yes","p_lit":1.0,"fixtures":20.0,"name":null,"county":"12001"}},{"type":"Feature","geometry":{"type":"Point","coordinates":[-82.33356,29.63865]},"properties":{"kind":"field","sport":"baseball","lit":"yes","p_lit":1.0,"fixtures":20.0,"name":null,"county":"12001"}},{"type":"Feature","geometry":{"type":"Point","coordinates":[-82.33238,29.63853]},"properties":{"kind":"field","sport":"baseball","lit":"yes","p_lit":1.0,"fixtures":20.0,"name":null,"county":"12001"}},{"type":"Feature","geometry":{"type":"Point","coordinates":[-82.31648,29.63183]},"properties":{"kind":"field","sport":"baseball","lit":"untagged","p_lit":0.5,"fixtures":10.0,"name":null,"county":"12001"}},{"type":"Feature","geometry":{"type":"Point","coordinates":[-82.31563,29.63254]},"properties":{"kind":"court","sport":"basketball","lit":"untagged","p_lit":0.5,"fixtures":3.0,"name":null,"county":"12001"}},{"type":"Feature","geometry":{"type":"Point","coordinates":[-82.3158,29.63247]},"properties":{"kind":"court","sport":"basketball","lit":"untagged","p_lit":0.5,"fixtures":3.0,"name":null,"county":"12001"}},{"type":"Feature","geometry":{"type":"Point","coordinates":[-82.40574,29.64076]},"properties":{"kind":"court","sport":"tennis","lit":"untagged","p_lit":0.5,"fixtures":3.0,"name":null,"county":"12001"}},{"type":"Feature","geometry":{"type":"Point","coordinates":[-82.40557,29.64066]},"properties":{"kind":"court","sport":"basketball","lit":"untagged","p_lit":0.5,"fixtures":3.0,"name":null,"county":"12001"}},{"type":"Feature","geometry":{"type":"Point","coordinates":[-82.39885,29.64031]},"properties":{"kind":"court","sport":"basketball","lit":"untagged","p_lit":0.5,"fixtures":3.0,"name":null,"county":"12001"}},{"type":"Feature","geometry":{"type":"Point","coordinates":[-82.39868,29.64031]},"properties":{"kind":"court","sport":"basketball","lit":"untagged","p_lit":0.5,"fixtures":3.0,"name":null,"county":"12001"}},{"type":"Feature","geometry":{"type":"Point","coordinates":[-82.39593,29.64103]},"properties":{"kind":"court","sport":"basketball","lit":"untagged","p_lit":0.5,"fixtures":3.0,"name":null,"county":"12001"}},{"type":"Feature","geometry":{"type":"Point","coordinates":[-82.36705,29.64049]},"properties":{"kind":"field","sport":"baseball","lit":"yes","p_lit":1.0,"fixtures":20.0,"name":null,"county":"12001"}},{"type":"Feature","geometry":{"type":"Point","coordinates":[-82.36823,29.63946]},"properties":{"kind":"field","sport":"baseball","lit":"yes","p_lit":1.0,"fixtures":20.0,"name":null,"county":"12001"}},{"type":"Feature","geometry":{"type":"Point","coordinates":[-82.36705,29.63946]},"properties":{"kind":"field","sport":"baseball","lit":"yes","p_lit":1.0,"fixtures":20.0,"name":null,"county":"12001"}},{"type":"Feature","geometry":{"type":"Point","coordinates":[-82.36823,29.64049]},"properties":{"kind":"field","sport":"softball","lit":"yes","p_lit":1.0,"fixtures":20.0,"name":null,"county":"12001"}},{"type":"Feature","geometry":{"type":"Point","coordinates":[-82.36616,29.64058]},"properties":{"kind":"field","sport":"american_football","lit":"yes","p_lit":1.0,"fixtures":20.0,"name":null,"county":"12001"}},{"type":"Feature","geometry":{"type":"Point","coordinates":[-82.36869,29.64155]},"properties":{"kind":"field","sport":"soccer","lit":"untagged","p_lit":0.5,"fixtures":10.0,"name":"Maguire Field","county":"12001"}},{"type":"Feature","geometry":{"type":"Point","coordinates":[-82.37167,29.63979]},"properties":{"kind":"court","sport":"basketball","lit":"yes","p_lit":1.0,"fixtures":6.0,"name":"Maguire Village Basketball Court","county":"12001"}},{"type":"Feature","geometry":{"type":"Point","coordinates":[-82.36572,29.64058]},"properties":{"kind":"field","sport":"american_football","lit":"yes","p_lit":1.0,"fixtures":20.0,"name":null,"county":"12001"}},{"type":"Feature","geometry":{"type":"Point","coordinates":[-82.36519,29.63968]},"properties":{"kind":"field","sport":"soccer","lit":"untagged","p_lit":0.5,"fixtures":10.0,"name":"Soccer Practice Field","county":"12001"}},{"type":"Feature","geometry":{"type":"Point","coordinates":[-82.37977,29.66253]},"properties":{"kind":"court","sport":"tennis","lit":"untagged","p_lit":0.5,"fixtures":3.0,"name":null,"county":"12001"}},{"type":"Feature","geometry":{"type":"Point","coordinates":[-82.37962,29.66253]},"properties":{"kind":"court","sport":"tennis","lit":"untagged","p_lit":0.5,"fixtures":3.0,"name":null,"county":"12001"}},{"type":"Feature","geometry":{"type":"Point","coordinates":[-82.3794,29.66253]},"properties":{"kind":"court","sport":"tennis","lit":"untagged","p_lit":0.5,"fixtures":3.0,"name":null,"county":"12001"}},{"type":"Feature","geometry":{"type":"Point","coordinates":[-82.37924,29.66253]},"properties":{"kind":"court","sport":"tennis","lit":"untagged","p_lit":0.5,"fixtures":3.0,"name":null,"county":"12001"}},{"type":"Feature","geometry":{"type":"Point","coordinates":[-82.37902,29.66253]},"properties":{"kind":"court","sport":"tennis","lit":"untagged","p_lit":0.5,"fixtures":3.0,"name":null,"county":"12001"}},{"type":"Feature","geometry":{"type":"Point","coordinates":[-82.37886,29.66253]},"properties":{"kind":"court","sport":"tennis","lit":"untagged","p_lit":0.5,"fixtures":3.0,"name":null,"county":"12001"}},{"type":"Feature","geometry":{"type":"Point","coordinates":[-82.37916,29.66291]},"properties":{"kind":"court","sport":"tennis","lit":"untagged","p_lit":0.5,"fixtures":3.0,"name":null,"county":"12001"}},{"type":"Feature","geometry":{"type":"Point","coordinates":[-82.37901,29.66291]},"properties":{"kind":"court","sport":"tennis","lit":"untagged","p_lit":0.5,"fixtures":3.0,"name":null,"county":"12001"}},{"type":"Feature","geometry":{"type":"Point","coordinates":[-82.37886,29.66291]},"properties":{"kind":"court","sport":"tennis","lit":"untagged","p_lit":0.5,"fixtures":3.0,"name":null,"county":"12001"}},{"type":"Feature","geometry":{"type":"Point","coordinates":[-82.37135,29.66107]},"properties":{"kind":"court","sport":"basketball","lit":"untagged","p_lit":0.5,"fixtures":3.0,"name":null,"county":"12001"}},{"type":"Feature","geometry":{"type":"Point","coordinates":[-82.37082,29.66053]},"properties":{"kind":"field","sport":"baseball","lit":"untagged","p_lit":0.5,"fixtures":10.0,"name":null,"county":"12001"}},{"type":"Feature","geometry":{"type":"Point","coordinates":[-82.36997,29.66054]},"properties":{"kind":"field","sport":"baseball","lit":"untagged","p_lit":0.5,"fixtures":10.0,"name":null,"county":"12001"}},{"type":"Feature","geometry":{"type":"Point","coordinates":[-82.37017,29.6625]},"properties":{"kind":"field","sport":"baseball","lit":"untagged","p_lit":0.5,"fixtures":10.0,"name":null,"county":"12001"}},{"type":"Feature","geometry":{"type":"Point","coordinates":[-82.37189,29.66281]},"properties":{"kind":"court","sport":"tennis","lit":"untagged","p_lit":0.5,"fixtures":3.0,"name":null,"county":"12001"}},{"type":"Feature","geometry":{"type":"Point","coordinates":[-82.37204,29.66281]},"properties":{"kind":"court","sport":"tennis","lit":"untagged","p_lit":0.5,"fixtures":3.0,"name":null,"county":"12001"}},{"type":"Feature","geometry":{"type":"Point","coordinates":[-82.37163,29.66281]},"properties":{"kind":"court","sport":"tennis","lit":"untagged","p_lit":0.5,"fixtures":3.0,"name":null,"county":"12001"}},{"type":"Feature","geometry":{"type":"Point","coordinates":[-82.37147,29.66281]},"properties":{"kind":"court","sport":"tennis","lit":"untagged","p_lit":0.5,"fixtures":3.0,"name":null,"county":"12001"}},{"type":"Feature","geometry":{"type":"Point","coordinates":[-82.37148,29.66248]},"properties":{"kind":"court","sport":"tennis","lit":"untagged","p_lit":0.5,"fixtures":3.0,"name":null,"county":"12001"}},{"type":"Feature","geometry":{"type":"Point","coordinates":[-82.37163,29.66248]},"properties":{"kind":"court","sport":"tennis","lit":"untagged","p_lit":0.5,"fixtures":3.0,"name":null,"county":"12001"}},{"type":"Feature","geometry":{"type":"Point","coordinates":[-82.3719,29.66248]},"properties":{"kind":"court","sport":"tennis","lit":"untagged","p_lit":0.5,"fixtures":3.0,"name":null,"county":"12001"}},{"type":"Feature","geometry":{"type":"Point","coordinates":[-82.37205,29.66248]},"properties":{"kind":"court","sport":"tennis","lit":"untagged","p_lit":0.5,"fixtures":3.0,"name":null,"county":"12001"}},{"type":"Feature","geometry":{"type":"Point","coordinates":[-82.40262,29.67648]},"properties":{"kind":"field","sport":"american_football","lit":"untagged","p_lit":0.5,"fixtures":10.0,"name":null,"county":"12001"}},{"type":"Feature","geometry":{"type":"Point","coordinates":[-82.40372,29.67716]},"properties":{"kind":"court","sport":"tennis","lit":"yes","p_lit":1.0,"fixtures":6.0,"name":null,"county":"12001"}},{"type":"Feature","geometry":{"type":"Point","coordinates":[-82.40357,29.67716]},"properties":{"kind":"court","sport":"tennis","lit":"yes","p_lit":1.0,"fixtures":6.0,"name":null,"county":"12001"}},{"type":"Feature","geometry":{"type":"Point","coordinates":[-82.40343,29.67716]},"properties":{"kind":"court","sport":"tennis","lit":"yes","p_lit":1.0,"fixtures":6.0,"name":null,"county":"12001"}},{"type":"Feature","geometry":{"type":"Point","coordinates":[-82.40341,29.6775]},"properties":{"kind":"court","sport":"tennis","lit":"untagged","p_lit":0.5,"fixtures":3.0,"name":null,"county":"12001"}},{"type":"Feature","geometry":{"type":"Point","coordinates":[-82.40306,29.6796]},"properties":{"kind":"field","sport":"baseball","lit":"untagged","p_lit":0.5,"fixtures":10.0,"name":null,"county":"12001"}},{"type":"Feature","geometry":{"type":"Point","coordinates":[-82.40288,29.68062]},"properties":{"kind":"field","sport":"baseball","lit":"untagged","p_lit":0.5,"fixtures":10.0,"name":null,"county":"12001"}},{"type":"Feature","geometry":{"type":"Point","coordinates":[-82.37198,29.68572]},"properties":{"kind":"court","sport":"basketball","lit":"untagged","p_lit":0.5,"fixtures":3.0,"name":null,"county":"12001"}},{"type":"Feature","geometry":{"type":"Point","coordinates":[-82.36517,29.64058]},"properties":{"kind":"field","sport":"american_football","lit":"yes","p_lit":1.0,"fixtures":20.0,"name":null,"county":"12001"}},{"type":"Feature","geometry":{"type":"Point","coordinates":[-82.36473,29.64058]},"properties":{"kind":"field","sport":"american_football","lit":"yes","p_lit":1.0,"fixtures":20.0,"name":null,"county":"12001"}},{"type":"Feature","geometry":{"type":"Point","coordinates":[-82.35436,29.64399]},"properties":{"kind":"court","sport":"basketball","lit":"yes","p_lit":1.0,"fixtures":6.0,"name":"Hume Basketball Courts","county":"12001"}},{"type":"Feature","geometry":{"type":"Point","coordinates":[-82.35475,29.64403]},"properties":{"kind":"court","sport":"tennis","lit":"yes","p_lit":1.0,"fixtures":6.0,"name":"Hume Racquetball Courts","county":"12001"}},{"type":"Feature","geometry":{"type":"Point","coordinates":[-82.35261,29.65058]},"properties":{"kind":"field","sport":"american_football","lit":"yes","p_lit":1.0,"fixtures":20.0,"name":"Gary Condron Field","county":"12001"}},{"type":"Feature","geometry":{"type":"Point","coordinates":[-82.35255,29.64562]},"properties":{"kind":"court","sport":"tennis","lit":"untagged","p_lit":0.5,"fixtures":3.0,"name":null,"county":"12001"}},{"type":"Feature","geometry":{"type":"Point","coordinates":[-82.36154,29.64535]},"properties":{"kind":"court","sport":"basketball","lit":"yes","p_lit":1.0,"fixtures":6.0,"name":"Corry Village Basketball Court","county":"12001"}},{"type":"Feature","geometry":{"type":"Point","coordinates":[-82.35324,29.6505]},"properties":{"kind":"field","sport":"american_football","lit":"yes","p_lit":1.0,"fixtures":20.0,"name":null,"county":"12001"}},{"type":"Feature","geometry":{"type":"Point","coordinates":[-82.3538,29.65037]},"properties":{"kind":"field","sport":"american_football","lit":"yes","p_lit":1.0,"fixtures":20.0,"name":null,"county":"12001"}},{"type":"Feature","geometry":{"type":"Point","coordinates":[-82.35752,29.65007]},"properties":{"kind":"court","sport":"tennis","lit":"yes","p_lit":1.0,"fixtures":6.0,"name":null,"county":"12001"}},{"type":"Feature","geometry":{"type":"Point","coordinates":[-82.35737,29.65006]},"properties":{"kind":"court","sport":"tennis","lit":"yes","p_lit":1.0,"fixtures":6.0,"name":null,"county":"12001"}},{"type":"Feature","geometry":{"type":"Point","coordinates":[-82.35722,29.65006]},"properties":{"kind":"court","sport":"tennis","lit":"yes","p_lit":1.0,"fixtures":6.0,"name":null,"county":"12001"}},{"type":"Feature","geometry":{"type":"Point","coordinates":[-82.35707,29.65006]},"properties":{"kind":"court","sport":"tennis","lit":"yes","p_lit":1.0,"fixtures":6.0,"name":null,"county":"12001"}},{"type":"Feature","geometry":{"type":"Point","coordinates":[-82.35692,29.65006]},"properties":{"kind":"court","sport":"tennis","lit":"yes","p_lit":1.0,"fixtures":6.0,"name":null,"county":"12001"}},{"type":"Feature","geometry":{"type":"Point","coordinates":[-82.35676,29.65006]},"properties":{"kind":"court","sport":"tennis","lit":"yes","p_lit":1.0,"fixtures":6.0,"name":null,"county":"12001"}},{"type":"Feature","geometry":{"type":"Point","coordinates":[-82.35748,29.64972]},"properties":{"kind":"court","sport":"tennis","lit":"yes","p_lit":1.0,"fixtures":6.0,"name":null,"county":"12001"}},{"type":"Feature","geometry":{"type":"Point","coordinates":[-82.35731,29.64972]},"properties":{"kind":"court","sport":"tennis","lit":"yes","p_lit":1.0,"fixtures":6.0,"name":null,"county":"12001"}},{"type":"Feature","geometry":{"type":"Point","coordinates":[-82.35715,29.64972]},"properties":{"kind":"court","sport":"tennis","lit":"yes","p_lit":1.0,"fixtures":6.0,"name":null,"county":"12001"}},{"type":"Feature","geometry":{"type":"Point","coordinates":[-82.35698,29.64971]},"properties":{"kind":"court","sport":"tennis","lit":"yes","p_lit":1.0,"fixtures":6.0,"name":null,"county":"12001"}},{"type":"Feature","geometry":{"type":"Point","coordinates":[-82.35681,29.64971]},"properties":{"kind":"court","sport":"tennis","lit":"yes","p_lit":1.0,"fixtures":6.0,"name":null,"county":"12001"}},{"type":"Feature","geometry":{"type":"Point","coordinates":[-82.35665,29.64971]},"properties":{"kind":"court","sport":"tennis","lit":"yes","p_lit":1.0,"fixtures":6.0,"name":null,"county":"12001"}},{"type":"Feature","geometry":{"type":"Point","coordinates":[-82.35465,29.64935]},"properties":{"kind":"stadium","sport":"track","lit":"untagged","p_lit":1.0,"fixtures":60.0,"name":"James G. Pressly Stadium","county":"12001"}},{"type":"Feature","geometry":{"type":"Point","coordinates":[-82.35708,29.64979]},"properties":{"kind":"stadium","sport":"tennis","lit":"untagged","p_lit":1.0,"fixtures":60.0,"name":"Linder Stadium","county":"12001"}},{"type":"Feature","geometry":{"type":"Point","coordinates":[-82.35513,29.64567]},"properties":{"kind":"court","sport":"basketball","lit":"untagged","p_lit":0.5,"fixtures":3.0,"name":null,"county":"12001"}},{"type":"Feature","geometry":{"type":"Point","coordinates":[-82.35574,29.64783]},"properties":{"kind":"court","sport":"basketball","lit":"untagged","p_lit":0.5,"fixtures":3.0,"name":null,"county":"12001"}},{"type":"Feature","geometry":{"type":"Point","coordinates":[-82.35702,29.647]},"properties":{"kind":"court","sport":"basketball","lit":"untagged","p_lit":0.5,"fixtures":3.0,"name":null,"county":"12001"}},{"type":"Feature","geometry":{"type":"Point","coordinates":[-82.35269,29.6459]},"properties":{"kind":"court","sport":"pickleball","lit":"untagged","p_lit":0.5,"fixtures":3.0,"name":null,"county":"12001"}},{"type":"Feature","geometry":{"type":"Point","coordinates":[-82.35258,29.6459]},"properties":{"kind":"court","sport":"pickleball","lit":"untagged","p_lit":0.5,"fixtures":3.0,"name":null,"county":"12001"}},{"type":"Feature","geometry":{"type":"Point","coordinates":[-82.35281,29.64591]},"properties":{"kind":"court","sport":"pickleball","lit":"untagged","p_lit":0.5,"fixtures":3.0,"name":null,"county":"12001"}},{"type":"Feature","geometry":{"type":"Point","coordinates":[-82.35292,29.64591]},"properties":{"kind":"court","sport":"pickleball","lit":"untagged","p_lit":0.5,"fixtures":3.0,"name":null,"county":"12001"}},{"type":"Feature","geometry":{"type":"Point","coordinates":[-82.35315,29.64564]},"properties":{"kind":"court","sport":"tennis","lit":"untagged","p_lit":0.5,"fixtures":3.0,"name":null,"county":"12001"}},{"type":"Feature","geometry":{"type":"Point","coordinates":[-82.353,29.64564]},"properties":{"kind":"court","sport":"tennis","lit":"untagged","p_lit":0.5,"fixtures":3.0,"name":null,"county":"12001"}},{"type":"Feature","geometry":{"type":"Point","coordinates":[-82.35285,29.64563]},"properties":{"kind":"court","sport":"tennis","lit":"untagged","p_lit":0.5,"fixtures":3.0,"name":null,"county":"12001"}},{"type":"Feature","geometry":{"type":"Point","coordinates":[-82.3527,29.64563]},"properties":{"kind":"court","sport":"tennis","lit":"untagged","p_lit":0.5,"fixtures":3.0,"name":null,"county":"12001"}},{"type":"Feature","geometry":{"type":"Point","coordinates":[-82.35094,29.63989]},"properties":{"kind":"field","sport":"american_football","lit":"yes","p_lit":1.0,"fixtures":20.0,"name":"Pony Field","county":"12001"}},{"type":"Feature","geometry":{"type":"Point","coordinates":[-82.34167,29.64325]},"properties":{"kind":"court","sport":"basketball","lit":"untagged","p_lit":0.5,"fixtures":3.0,"name":"Diamond Village Basketball Court","county":"12001"}},{"type":"Feature","geometry":{"type":"Point","coordinates":[-82.35112,29.64943]},"properties":{"kind":"stadium","sport":"basketball","lit":"untagged","p_lit":1.0,"fixtures":60.0,"name":"Exactech Arena","county":"12001"}},{"type":"Feature","geometry":{"type":"Point","coordinates":[-82.34884,29.65003]},"properties":{"kind":"stadium","sport":"american_football","lit":"untagged","p_lit":1.0,"fixtures":60.0,"name":"Ben Hill Griffin Stadium","county":"12001"}},{"type":"Feature","geometry":{"type":"Point","coordinates":[-82.34863,29.64993]},"properties":{"kind":"field","sport":"american_football","lit":"yes","p_lit":1.0,"fixtures":20.0,"name":"Steve Spurrier-Florida Field","county":"12001"}},{"type":"Feature","geometry":{"type":"Point","coordinates":[-82.35113,29.64943]},"properties":{"kind":"court","sport":"basketball","lit":"yes","p_lit":1.0,"fixtures":6.0,"name":"Billy Donovan Court","county":"12001"}},{"type":"Feature","geometry":{"type":"Point","coordinates":[-82.35246,29.64589]},"properties":{"kind":"court","sport":"pickleball","lit":"untagged","p_lit":0.5,"fixtures":3.0,"name":null,"county":"12001"}},{"type":"Feature","geometry":{"type":"Point","coordinates":[-82.35235,29.64589]},"properties":{"kind":"court","sport":"pickleball","lit":"untagged","p_lit":0.5,"fixtures":3.0,"name":null,"county":"12001"}},{"type":"Feature","geometry":{"type":"Point","coordinates":[-82.3524,29.64562]},"properties":{"kind":"court","sport":"tennis","lit":"untagged","p_lit":0.5,"fixtures":3.0,"name":null,"county":"12001"}},{"type":"Feature","geometry":{"type":"Point","coordinates":[-82.34994,29.65648]},"properties":{"kind":"court","sport":"basketball","lit":"untagged","p_lit":0.5,"fixtures":3.0,"name":null,"county":"12001"}},{"type":"Feature","geometry":{"type":"Point","coordinates":[-82.33334,29.63935]},"properties":{"kind":"field","sport":"soccer","lit":"yes","p_lit":1.0,"fixtures":20.0,"name":null,"county":"12001"}},{"type":"Feature","geometry":{"type":"Point","coordinates":[-82.33158,29.64386]},"properties":{"kind":"court","sport":"basketball","lit":"untagged","p_lit":0.5,"fixtures":3.0,"name":null,"county":"12001"}},{"type":"Feature","geometry":{"type":"Point","coordinates":[-82.33886,29.65064]},"properties":{"kind":"court","sport":"basketball","lit":"untagged","p_lit":0.5,"fixtures":3.0,"name":null,"county":"12001"}},{"type":"Feature","geometry":{"type":"Point","coordinates":[-82.32709,29.64692]},"properties":{"kind":"court","sport":"basketball","lit":"untagged","p_lit":0.5,"fixtures":3.0,"name":null,"county":"12001"}},{"type":"Feature","geometry":{"type":"Point","coordinates":[-82.33546,29.65913]},"properties":{"kind":"court","sport":"basketball","lit":"untagged","p_lit":0.5,"fixtures":3.0,"name":null,"county":"12001"}},{"type":"Feature","geometry":{"type":"Point","coordinates":[-82.31961,29.65215]},"properties":{"kind":"court","sport":"basketball","lit":"untagged","p_lit":0.5,"fixtures":3.0,"name":null,"county":"12001"}},{"type":"Feature","geometry":{"type":"Point","coordinates":[-82.31961,29.65228]},"properties":{"kind":"court","sport":"basketball","lit":"untagged","p_lit":0.5,"fixtures":3.0,"name":null,"county":"12001"}},{"type":"Feature","geometry":{"type":"Point","coordinates":[-82.34269,29.67029]},"properties":{"kind":"field","sport":"baseball","lit":"untagged","p_lit":0.5,"fixtures":10.0,"name":null,"county":"12001"}},{"type":"Feature","geometry":{"type":"Point","coordinates":[-82.3425,29.66973]},"properties":{"kind":"field","sport":"baseball","lit":"untagged","p_lit":0.5,"fixtures":10.0,"name":null,"county":"12001"}},{"type":"Feature","geometry":{"type":"Point","coordinates":[-82.34297,29.667]},"properties":{"kind":"court","sport":"tennis","lit":"untagged","p_lit":0.5,"fixtures":3.0,"name":null,"county":"12001"}},{"type":"Feature","geometry":{"type":"Point","coordinates":[-82.34282,29.66699]},"properties":{"kind":"court","sport":"tennis","lit":"untagged","p_lit":0.5,"fixtures":3.0,"name":null,"county":"12001"}},{"type":"Feature","geometry":{"type":"Point","coordinates":[-82.34267,29.66699]},"properties":{"kind":"court","sport":"tennis","lit":"untagged","p_lit":0.5,"fixtures":3.0,"name":null,"county":"12001"}},{"type":"Feature","geometry":{"type":"Point","coordinates":[-82.34211,29.66862]},"properties":{"kind":"field","sport":"american_football","lit":"untagged","p_lit":0.5,"fixtures":10.0,"name":null,"county":"12001"}},{"type":"Feature","geometry":{"type":"Point","coordinates":[-82.34777,29.67742]},"properties":{"kind":"court","sport":"basketball","lit":"untagged","p_lit":0.5,"fixtures":3.0,"name":null,"county":"12001"}},{"type":"Feature","geometry":{"type":"Point","coordinates":[-82.34759,29.67742]},"properties":{"kind":"court","sport":"tennis","lit":"untagged","p_lit":0.5,"fixtures":3.0,"name":null,"county":"12001"}},{"type":"Feature","geometry":{"type":"Point","coordinates":[-82.34575,29.67257]},"properties":{"kind":"court","sport":"tennis","lit":"untagged","p_lit":0.5,"fixtures":3.0,"name":null,"county":"12001"}},{"type":"Feature","geometry":{"type":"Point","coordinates":[-82.34413,29.67522]},"properties":{"kind":"court","sport":"tennis","lit":"untagged","p_lit":0.5,"fixtures":3.0,"name":null,"county":"12001"}},{"type":"Feature","geometry":{"type":"Point","coordinates":[-82.34401,29.67514]},"properties":{"kind":"court","sport":"tennis","lit":"untagged","p_lit":0.5,"fixtures":3.0,"name":null,"county":"12001"}},{"type":"Feature","geometry":{"type":"Point","coordinates":[-82.3649,29.68346]},"properties":{"kind":"court","sport":"basketball","lit":"untagged","p_lit":0.5,"fixtures":3.0,"name":null,"county":"12001"}},{"type":"Feature","geometry":{"type":"Point","coordinates":[-82.36504,29.68832]},"properties":{"kind":"court","sport":"tennis","lit":"untagged","p_lit":0.5,"fixtures":3.0,"name":null,"county":"12001"}},{"type":"Feature","geometry":{"type":"Point","coordinates":[-82.36487,29.68832]},"properties":{"kind":"court","sport":"tennis","lit":"untagged","p_lit":0.5,"fixtures":3.0,"name":null,"county":"12001"}},{"type":"Feature","geometry":{"type":"Point","coordinates":[-82.36504,29.68832]},"properties":{"kind":"court","sport":"pickleball","lit":"untagged","p_lit":0.5,"fixtures":3.0,"name":null,"county":"12001"}},{"type":"Feature","geometry":{"type":"Point","coordinates":[-82.34966,29.6793]},"properties":{"kind":"court","sport":"basketball","lit":"yes","p_lit":1.0,"fixtures":6.0,"name":null,"county":"12001"}},{"type":"Feature","geometry":{"type":"Point","coordinates":[-82.34967,29.67952]},"properties":{"kind":"court","sport":"tennis","lit":"yes","p_lit":1.0,"fixtures":6.0,"name":null,"county":"12001"}},{"type":"Feature","geometry":{"type":"Point","coordinates":[-82.34871,29.6877]},"properties":{"kind":"field","sport":"baseball","lit":"untagged","p_lit":0.5,"fixtures":10.0,"name":null,"county":"12001"}},{"type":"Feature","geometry":{"type":"Point","coordinates":[-82.34877,29.68675]},"properties":{"kind":"field","sport":"baseball","lit":"untagged","p_lit":0.5,"fixtures":10.0,"name":null,"county":"12001"}},{"type":"Feature","geometry":{"type":"Point","coordinates":[-82.35128,29.68742]},"properties":{"kind":"field","sport":"baseball","lit":"untagged","p_lit":0.5,"fixtures":10.0,"name":null,"county":"12001"}},{"type":"Feature","geometry":{"type":"Point","coordinates":[-82.32137,29.66586]},"properties":{"kind":"court","sport":"tennis","lit":"untagged","p_lit":0.5,"fixtures":3.0,"name":"Tennis wall","county":"12001"}},{"type":"Feature","geometry":{"type":"Point","coordinates":[-82.32105,29.6658]},"properties":{"kind":"court","sport":"tennis","lit":"yes","p_lit":1.0,"fixtures":6.0,"name":null,"county":"12001"}},{"type":"Feature","geometry":{"type":"Point","coordinates":[-82.32121,29.6658]},"properties":{"kind":"court","sport":"tennis","lit":"yes","p_lit":1.0,"fixtures":6.0,"name":null,"county":"12001"}},{"type":"Feature","geometry":{"type":"Point","coordinates":[-82.32089,29.6658]},"properties":{"kind":"court","sport":"tennis","lit":"yes","p_lit":1.0,"fixtures":6.0,"name":null,"county":"12001"}},{"type":"Feature","geometry":{"type":"Point","coordinates":[-82.32074,29.6658]},"properties":{"kind":"court","sport":"tennis","lit":"yes","p_lit":1.0,"fixtures":6.0,"name":null,"county":"12001"}},{"type":"Feature","geometry":{"type":"Point","coordinates":[-82.3192,29.666]},"properties":{"kind":"field","sport":"baseball","lit":"untagged","p_lit":0.5,"fixtures":10.0,"name":null,"county":"12001"}},{"type":"Feature","geometry":{"type":"Point","coordinates":[-82.31961,29.66532]},"properties":{"kind":"field","sport":"baseball","lit":"untagged","p_lit":0.5,"fixtures":10.0,"name":null,"county":"12001"}},{"type":"Feature","geometry":{"type":"Point","coordinates":[-82.32012,29.66598]},"properties":{"kind":"field","sport":"baseball","lit":"untagged","p_lit":0.5,"fixtures":10.0,"name":null,"county":"12001"}},{"type":"Feature","geometry":{"type":"Point","coordinates":[-82.30372,29.63272]},"properties":{"kind":"field","sport":"baseball","lit":"untagged","p_lit":0.5,"fixtures":10.0,"name":null,"county":"12001"}},{"type":"Feature","geometry":{"type":"Point","coordinates":[-82.30374,29.63366]},"properties":{"kind":"field","sport":"baseball","lit":"untagged","p_lit":0.5,"fixtures":10.0,"name":null,"county":"12001"}},{"type":"Feature","geometry":{"type":"Point","coordinates":[-82.30545,29.63253]},"properties":{"kind":"court","sport":"tennis","lit":"untagged","p_lit":0.5,"fixtures":3.0,"name":null,"county":"12001"}},{"type":"Feature","geometry":{"type":"Point","coordinates":[-82.30529,29.63253]},"properties":{"kind":"court","sport":"tennis","lit":"untagged","p_lit":0.5,"fixtures":3.0,"name":null,"county":"12001"}},{"type":"Feature","geometry":{"type":"Point","coordinates":[-82.30507,29.63253]},"properties":{"kind":"court","sport":"tennis","lit":"untagged","p_lit":0.5,"fixtures":3.0,"name":null,"county":"12001"}},{"type":"Feature","geometry":{"type":"Point","coordinates":[-82.30492,29.63253]},"properties":{"kind":"court","sport":"tennis","lit":"untagged","p_lit":0.5,"fixtures":3.0,"name":null,"county":"12001"}},{"type":"Feature","geometry":{"type":"Point","coordinates":[-82.30464,29.63262]},"properties":{"kind":"court","sport":"basketball","lit":"untagged","p_lit":0.5,"fixtures":3.0,"name":null,"county":"12001"}},{"type":"Feature","geometry":{"type":"Point","coordinates":[-82.30464,29.63246]},"properties":{"kind":"court","sport":"basketball","lit":"untagged","p_lit":0.5,"fixtures":3.0,"name":null,"county":"12001"}},{"type":"Feature","geometry":{"type":"Point","coordinates":[-82.30933,29.64341]},"properties":{"kind":"court","sport":"basketball","lit":"untagged","p_lit":0.5,"fixtures":3.0,"name":null,"county":"12001"}},{"type":"Feature","geometry":{"type":"Point","coordinates":[-82.30933,29.64331]},"properties":{"kind":"court","sport":"basketball","lit":"untagged","p_lit":0.5,"fixtures":3.0,"name":null,"county":"12001"}},{"type":"Feature","geometry":{"type":"Point","coordinates":[-82.30301,29.64129]},"properties":{"kind":"court","sport":"basketball","lit":"untagged","p_lit":0.5,"fixtures":3.0,"name":null,"county":"12001"}},{"type":"Feature","geometry":{"type":"Point","coordinates":[-82.30689,29.64364]},"properties":{"kind":"field","sport":"baseball","lit":"untagged","p_lit":0.5,"fixtures":10.0,"name":null,"county":"12001"}},{"type":"Feature","geometry":{"type":"Point","coordinates":[-82.287,29.64992]},"properties":{"kind":"court","sport":"basketball","lit":"untagged","p_lit":0.5,"fixtures":3.0,"name":null,"county":"12001"}},{"type":"Feature","geometry":{"type":"Point","coordinates":[-82.28813,29.64923]},"properties":{"kind":"field","sport":"baseball","lit":"untagged","p_lit":0.5,"fixtures":10.0,"name":null,"county":"12001"}},{"type":"Feature","geometry":{"type":"Point","coordinates":[-82.30644,29.66188]},"properties":{"kind":"stadium","sport":"american_football","lit":"untagged","p_lit":1.0,"fixtures":60.0,"name":"Milton Lewis Stadium","county":"12001"}},{"type":"Feature","geometry":{"type":"Point","coordinates":[-82.28677,29.64992]},"properties":{"kind":"court","sport":"basketball","lit":"untagged","p_lit":0.5,"fixtures":3.0,"name":null,"county":"12001"}},{"type":"Feature","geometry":{"type":"Point","coordinates":[-82.31196,29.66835]},"properties":{"kind":"court","sport":"tennis","lit":"untagged","p_lit":0.5,"fixtures":3.0,"name":null,"county":"12001"}},{"type":"Feature","geometry":{"type":"Point","coordinates":[-82.31181,29.66835]},"properties":{"kind":"court","sport":"tennis","lit":"untagged","p_lit":0.5,"fixtures":3.0,"name":null,"county":"12001"}},{"type":"Feature","geometry":{"type":"Point","coordinates":[-82.31167,29.66835]},"properties":{"kind":"court","sport":"tennis","lit":"untagged","p_lit":0.5,"fixtures":3.0,"name":null,"county":"12001"}},{"type":"Feature","geometry":{"type":"Point","coordinates":[-82.31153,29.66835]},"properties":{"kind":"court","sport":"tennis","lit":"untagged","p_lit":0.5,"fixtures":3.0,"name":null,"county":"12001"}},{"type":"Feature","geometry":{"type":"Point","coordinates":[-82.31139,29.66835]},"properties":{"kind":"court","sport":"tennis","lit":"untagged","p_lit":0.5,"fixtures":3.0,"name":null,"county":"12001"}},{"type":"Feature","geometry":{"type":"Point","coordinates":[-82.31188,29.66862]},"properties":{"kind":"court","sport":"tennis","lit":"untagged","p_lit":0.5,"fixtures":3.0,"name":null,"county":"12001"}},{"type":"Feature","geometry":{"type":"Point","coordinates":[-82.31168,29.66862]},"properties":{"kind":"court","sport":"tennis","lit":"untagged","p_lit":0.5,"fixtures":3.0,"name":null,"county":"12001"}},{"type":"Feature","geometry":{"type":"Point","coordinates":[-82.31148,29.66862]},"properties":{"kind":"court","sport":"tennis","lit":"untagged","p_lit":0.5,"fixtures":3.0,"name":null,"county":"12001"}},{"type":"Feature","geometry":{"type":"Point","coordinates":[-82.41783,29.69938]},"properties":{"kind":"court","sport":"tennis","lit":"untagged","p_lit":0.5,"fixtures":3.0,"name":null,"county":"12001"}},{"type":"Feature","geometry":{"type":"Point","coordinates":[-82.39649,29.7042]},"properties":{"kind":"court","sport":"tennis","lit":"untagged","p_lit":0.5,"fixtures":3.0,"name":null,"county":"12001"}},{"type":"Feature","geometry":{"type":"Point","coordinates":[-82.3963,29.7042]},"properties":{"kind":"court","sport":"tennis","lit":"untagged","p_lit":0.5,"fixtures":3.0,"name":null,"county":"12001"}},{"type":"Feature","geometry":{"type":"Point","coordinates":[-82.39586,29.7042]},"properties":{"kind":"court","sport":"tennis","lit":"untagged","p_lit":0.5,"fixtures":3.0,"name":null,"county":"12001"}},{"type":"Feature","geometry":{"type":"Point","coordinates":[-82.39605,29.7042]},"properties":{"kind":"court","sport":"tennis","lit":"untagged","p_lit":0.5,"fixtures":3.0,"name":null,"county":"12001"}},{"type":"Feature","geometry":{"type":"Point","coordinates":[-82.39586,29.70384]},"properties":{"kind":"court","sport":"tennis","lit":"untagged","p_lit":0.5,"fixtures":3.0,"name":null,"county":"12001"}},{"type":"Feature","geometry":{"type":"Point","coordinates":[-82.39605,29.70384]},"properties":{"kind":"court","sport":"tennis","lit":"untagged","p_lit":0.5,"fixtures":3.0,"name":null,"county":"12001"}},{"type":"Feature","geometry":{"type":"Point","coordinates":[-82.3963,29.70384]},"properties":{"kind":"court","sport":"tennis","lit":"untagged","p_lit":0.5,"fixtures":3.0,"name":null,"county":"12001"}},{"type":"Feature","geometry":{"type":"Point","coordinates":[-82.39649,29.70384]},"properties":{"kind":"court","sport":"tennis","lit":"untagged","p_lit":0.5,"fixtures":3.0,"name":null,"county":"12001"}},{"type":"Feature","geometry":{"type":"Point","coordinates":[-82.39586,29.70455]},"properties":{"kind":"court","sport":"tennis","lit":"untagged","p_lit":0.5,"fixtures":3.0,"name":null,"county":"12001"}},{"type":"Feature","geometry":{"type":"Point","coordinates":[-82.39605,29.70455]},"properties":{"kind":"court","sport":"tennis","lit":"untagged","p_lit":0.5,"fixtures":3.0,"name":null,"county":"12001"}},{"type":"Feature","geometry":{"type":"Point","coordinates":[-82.38538,29.70164]},"properties":{"kind":"field","sport":"soccer","lit":"untagged","p_lit":0.5,"fixtures":10.0,"name":null,"county":"12001"}},{"type":"Feature","geometry":{"type":"Point","coordinates":[-82.3858,29.70166]},"properties":{"kind":"field","sport":"soccer","lit":"untagged","p_lit":0.5,"fixtures":10.0,"name":null,"county":"12001"}},{"type":"Feature","geometry":{"type":"Point","coordinates":[-82.38486,29.70197]},"properties":{"kind":"field","sport":"soccer","lit":"untagged","p_lit":0.5,"fixtures":10.0,"name":null,"county":"12001"}},{"type":"Feature","geometry":{"type":"Point","coordinates":[-82.36669,29.69956]},"properties":{"kind":"court","sport":"basketball","lit":"untagged","p_lit":0.5,"fixtures":3.0,"name":null,"county":"12001"}},{"type":"Feature","geometry":{"type":"Point","coordinates":[-82.36596,29.70023]},"properties":{"kind":"field","sport":"soccer","lit":"untagged","p_lit":0.5,"fixtures":10.0,"name":null,"county":"12001"}},{"type":"Feature","geometry":{"type":"Point","coordinates":[-82.38193,29.70775]},"properties":{"kind":"court","sport":"basketball","lit":"untagged","p_lit":0.5,"fixtures":3.0,"name":null,"county":"12001"}},{"type":"Feature","geometry":{"type":"Point","coordinates":[-82.38284,29.70785]},"properties":{"kind":"field","sport":"baseball","lit":"untagged","p_lit":0.5,"fixtures":10.0,"name":null,"county":"12001"}},{"type":"Feature","geometry":{"type":"Point","coordinates":[-82.38395,29.70785]},"properties":{"kind":"field","sport":"baseball","lit":"untagged","p_lit":0.5,"fixtures":10.0,"name":null,"county":"12001"}},{"type":"Feature","geometry":{"type":"Point","coordinates":[-82.38216,29.70775]},"properties":{"kind":"court","sport":"basketball","lit":"untagged","p_lit":0.5,"fixtures":3.0,"name":null,"county":"12001"}},{"type":"Feature","geometry":{"type":"Point","coordinates":[-82.37914,29.70823]},"properties":{"kind":"court","sport":"tennis","lit":"untagged","p_lit":0.5,"fixtures":3.0,"name":null,"county":"12001"}},{"type":"Feature","geometry":{"type":"Point","coordinates":[-82.37899,29.70823]},"properties":{"kind":"court","sport":"tennis","lit":"untagged","p_lit":0.5,"fixtures":3.0,"name":null,"county":"12001"}},{"type":"Feature","geometry":{"type":"Point","coordinates":[-82.37899,29.70823]},"properties":{"kind":"court","sport":"pickleball","lit":"untagged","p_lit":0.5,"fixtures":3.0,"name":null,"county":"12001"}},{"type":"Feature","geometry":{"type":"Point","coordinates":[-82.37629,29.71133]},"properties":{"kind":"court","sport":"basketball","lit":"untagged","p_lit":0.5,"fixtures":3.0,"name":null,"county":"12001"}},{"type":"Feature","geometry":{"type":"Point","coordinates":[-82.37612,29.71133]},"properties":{"kind":"court","sport":"tennis","lit":"untagged","p_lit":0.5,"fixtures":3.0,"name":null,"county":"12001"}},{"type":"Feature","geometry":{"type":"Point","coordinates":[-82.37597,29.71132]},"properties":{"kind":"court","sport":"tennis","lit":"untagged","p_lit":0.5,"fixtures":3.0,"name":null,"county":"12001"}},{"type":"Feature","geometry":{"type":"Point","coordinates":[-82.37612,29.71133]},"properties":{"kind":"court","sport":"pickleball","lit":"untagged","p_lit":0.5,"fixtures":3.0,"name":null,"county":"12001"}},{"type":"Feature","geometry":{"type":"Point","coordinates":[-82.35933,29.69628]},"properties":{"kind":"court","sport":"tennis","lit":"untagged","p_lit":0.5,"fixtures":3.0,"name":null,"county":"12001"}},{"type":"Feature","geometry":{"type":"Point","coordinates":[-82.35948,29.69628]},"properties":{"kind":"court","sport":"tennis","lit":"untagged","p_lit":0.5,"fixtures":3.0,"name":null,"county":"12001"}},{"type":"Feature","geometry":{"type":"Point","coordinates":[-82.35963,29.69628]},"properties":{"kind":"court","sport":"tennis","lit":"untagged","p_lit":0.5,"fixtures":3.0,"name":null,"county":"12001"}},{"type":"Feature","geometry":{"type":"Point","coordinates":[-82.35278,29.70028]},"properties":{"kind":"court","sport":"basketball","lit":"untagged","p_lit":0.5,"fixtures":3.0,"name":"Sorrento Club House","county":"12001"}},{"type":"Feature","geometry":{"type":"Point","coordinates":[-82.35309,29.7001]},"properties":{"kind":"court","sport":"tennis","lit":"yes","p_lit":1.0,"fixtures":6.0,"name":"Sorrento Club House","county":"12001"}},{"type":"Feature","geometry":{"type":"Point","coordinates":[-82.35433,29.70754]},"properties":{"kind":"court","sport":"tennis","lit":"untagged","p_lit":0.5,"fixtures":3.0,"name":null,"county":"12001"}},{"type":"Feature","geometry":{"type":"Point","coordinates":[-82.35419,29.70749]},"properties":{"kind":"court","sport":"tennis","lit":"untagged","p_lit":0.5,"fixtures":3.0,"name":null,"county":"12001"}},{"type":"Feature","geometry":{"type":"Point","coordinates":[-82.35405,29.70745]},"properties":{"kind":"court","sport":"tennis","lit":"untagged","p_lit":0.5,"fixtures":3.0,"name":null,"county":"12001"}},{"type":"Feature","geometry":{"type":"Point","coordinates":[-82.35391,29.7074]},"properties":{"kind":"court","sport":"tennis","lit":"untagged","p_lit":0.5,"fixtures":3.0,"name":null,"county":"12001"}},{"type":"Feature","geometry":{"type":"Point","coordinates":[-82.35371,29.70743]},"properties":{"kind":"court","sport":"pickleball","lit":"untagged","p_lit":0.5,"fixtures":3.0,"name":null,"county":"12001"}},{"type":"Feature","geometry":{"type":"Point","coordinates":[-82.35362,29.7074]},"properties":{"kind":"court","sport":"pickleball","lit":"untagged","p_lit":0.5,"fixtures":3.0,"name":null,"county":"12001"}},{"type":"Feature","geometry":{"type":"Point","coordinates":[-82.35368,29.70725]},"properties":{"kind":"court","sport":"pickleball","lit":"untagged","p_lit":0.5,"fixtures":3.0,"name":null,"county":"12001"}},{"type":"Feature","geometry":{"type":"Point","coordinates":[-82.35377,29.70727]},"properties":{"kind":"court","sport":"pickleball","lit":"untagged","p_lit":0.5,"fixtures":3.0,"name":null,"county":"12001"}},{"type":"Feature","geometry":{"type":"Point","coordinates":[-82.17754,29.00493]},"properties":{"kind":"court","sport":"basketball","lit":"untagged","p_lit":0.5,"fixtures":3.0,"name":null,"county":"12083"}},{"type":"Feature","geometry":{"type":"Point","coordinates":[-82.17754,29.00509]},"properties":{"kind":"court","sport":"basketball","lit":"untagged","p_lit":0.5,"fixtures":3.0,"name":null,"county":"12083"}},{"type":"Feature","geometry":{"type":"Point","coordinates":[-82.17756,29.00526]},"properties":{"kind":"court","sport":"basketball","lit":"untagged","p_lit":0.5,"fixtures":3.0,"name":null,"county":"12083"}},{"type":"Feature","geometry":{"type":"Point","coordinates":[-82.15249,28.99041]},"properties":{"kind":"court","sport":"tennis","lit":"untagged","p_lit":0.5,"fixtures":3.0,"name":null,"county":"12083"}},{"type":"Feature","geometry":{"type":"Point","coordinates":[-82.1523,28.9904]},"properties":{"kind":"court","sport":"tennis","lit":"untagged","p_lit":0.5,"fixtures":3.0,"name":null,"county":"12083"}},{"type":"Feature","geometry":{"type":"Point","coordinates":[-82.20017,29.01621]},"properties":{"kind":"field","sport":"baseball","lit":"untagged","p_lit":0.5,"fixtures":10.0,"name":null,"county":"12083"}},{"type":"Feature","geometry":{"type":"Point","coordinates":[-82.16769,29.02763]},"properties":{"kind":"court","sport":"pickleball","lit":"untagged","p_lit":0.5,"fixtures":3.0,"name":null,"county":"12083"}},{"type":"Feature","geometry":{"type":"Point","coordinates":[-82.13281,29.03316]},"properties":{"kind":"court","sport":"tennis","lit":"untagged","p_lit":0.5,"fixtures":3.0,"name":null,"county":"12083"}},{"type":"Feature","geometry":{"type":"Point","coordinates":[-82.11713,29.02886]},"properties":{"kind":"court","sport":"tennis","lit":"untagged","p_lit":0.5,"fixtures":3.0,"name":null,"county":"12083"}},{"type":"Feature","geometry":{"type":"Point","coordinates":[-82.11733,29.02887]},"properties":{"kind":"court","sport":"tennis","lit":"untagged","p_lit":0.5,"fixtures":3.0,"name":null,"county":"12083"}},{"type":"Feature","geometry":{"type":"Point","coordinates":[-82.02869,28.97052]},"properties":{"kind":"court","sport":"tennis","lit":"untagged","p_lit":0.5,"fixtures":3.0,"name":null,"county":"12083"}},{"type":"Feature","geometry":{"type":"Point","coordinates":[-82.02834,28.97052]},"properties":{"kind":"court","sport":"tennis","lit":"untagged","p_lit":0.5,"fixtures":3.0,"name":null,"county":"12083"}},{"type":"Feature","geometry":{"type":"Point","coordinates":[-82.01449,28.971]},"properties":{"kind":"court","sport":"tennis","lit":"untagged","p_lit":0.5,"fixtures":3.0,"name":null,"county":"12083"}},{"type":"Feature","geometry":{"type":"Point","coordinates":[-82.01448,28.97067]},"properties":{"kind":"court","sport":"tennis","lit":"untagged","p_lit":0.5,"fixtures":3.0,"name":null,"county":"12083"}},{"type":"Feature","geometry":{"type":"Point","coordinates":[-82.01427,28.971]},"properties":{"kind":"court","sport":"tennis","lit":"untagged","p_lit":0.5,"fixtures":3.0,"name":null,"county":"12083"}},{"type":"Feature","geometry":{"type":"Point","coordinates":[-82.01426,28.97067]},"properties":{"kind":"court","sport":"tennis","lit":"untagged","p_lit":0.5,"fixtures":3.0,"name":null,"county":"12083"}},{"type":"Feature","geometry":{"type":"Point","coordinates":[-82.01494,28.98109]},"properties":{"kind":"court","sport":"basketball","lit":"untagged","p_lit":0.5,"fixtures":3.0,"name":null,"county":"12083"}},{"type":"Feature","geometry":{"type":"Point","coordinates":[-82.01457,28.981]},"properties":{"kind":"court","sport":"tennis","lit":"untagged","p_lit":0.5,"fixtures":3.0,"name":null,"county":"12083"}},{"type":"Feature","geometry":{"type":"Point","coordinates":[-82.01457,28.98119]},"properties":{"kind":"court","sport":"tennis","lit":"untagged","p_lit":0.5,"fixtures":3.0,"name":null,"county":"12083"}},{"type":"Feature","geometry":{"type":"Point","coordinates":[-82.0463,29.04487]},"properties":{"kind":"court","sport":"basketball","lit":"untagged","p_lit":0.5,"fixtures":3.0,"name":null,"county":"12083"}},{"type":"Feature","geometry":{"type":"Point","coordinates":[-82.19865,29.08792]},"properties":{"kind":"field","sport":"baseball","lit":"untagged","p_lit":0.5,"fixtures":10.0,"name":null,"county":"12083"}},{"type":"Feature","geometry":{"type":"Point","coordinates":[-82.17396,29.10068]},"properties":{"kind":"field","sport":"baseball","lit":"untagged","p_lit":0.5,"fixtures":10.0,"name":null,"county":"12083"}},{"type":"Feature","geometry":{"type":"Point","coordinates":[-82.12111,29.1105]},"properties":{"kind":"court","sport":"tennis","lit":"yes","p_lit":1.0,"fixtures":6.0,"name":null,"county":"12083"}},{"type":"Feature","geometry":{"type":"Point","coordinates":[-82.12094,29.11056]},"properties":{"kind":"court","sport":"tennis","lit":"yes","p_lit":1.0,"fixtures":6.0,"name":null,"county":"12083"}},{"type":"Feature","geometry":{"type":"Point","coordinates":[-82.12101,29.11062]},"properties":{"kind":"court","sport":"pickleball","lit":"yes","p_lit":1.0,"fixtures":6.0,"name":null,"county":"12083"}},{"type":"Feature","geometry":{"type":"Point","coordinates":[-82.12093,29.11065]},"properties":{"kind":"court","sport":"pickleball","lit":"yes","p_lit":1.0,"fixtures":6.0,"name":null,"county":"12083"}},{"type":"Feature","geometry":{"type":"Point","coordinates":[-82.12087,29.1105]},"properties":{"kind":"court","sport":"pickleball","lit":"yes","p_lit":1.0,"fixtures":6.0,"name":null,"county":"12083"}},{"type":"Feature","geometry":{"type":"Point","coordinates":[-82.12095,29.11047]},"properties":{"kind":"court","sport":"pickleball","lit":"yes","p_lit":1.0,"fixtures":6.0,"name":null,"county":"12083"}},{"type":"Feature","geometry":{"type":"Point","coordinates":[-82.12077,29.11017]},"properties":{"kind":"court","sport":"tennis","lit":"yes","p_lit":1.0,"fixtures":6.0,"name":null,"county":"12083"}},{"type":"Feature","geometry":{"type":"Point","coordinates":[-82.1206,29.11023]},"properties":{"kind":"court","sport":"tennis","lit":"yes","p_lit":1.0,"fixtures":6.0,"name":null,"county":"12083"}},{"type":"Feature","geometry":{"type":"Point","coordinates":[-82.12019,29.11084]},"properties":{"kind":"court","sport":"tennis","lit":"yes","p_lit":1.0,"fixtures":6.0,"name":null,"county":"12083"}},{"type":"Feature","geometry":{"type":"Point","coordinates":[-82.12038,29.11085]},"properties":{"kind":"court","sport":"tennis","lit":"yes","p_lit":1.0,"fixtures":6.0,"name":null,"county":"12083"}},{"type":"Feature","geometry":{"type":"Point","coordinates":[-82.12,29.11084]},"properties":{"kind":"court","sport":"tennis","lit":"yes","p_lit":1.0,"fixtures":6.0,"name":null,"county":"12083"}},{"type":"Feature","geometry":{"type":"Point","coordinates":[-82.17618,29.13423]},"properties":{"kind":"court","sport":"tennis","lit":"untagged","p_lit":0.5,"fixtures":3.0,"name":null,"county":"12083"}},{"type":"Feature","geometry":{"type":"Point","coordinates":[-82.19505,29.14861]},"properties":{"kind":"field","sport":"baseball","lit":"untagged","p_lit":0.5,"fixtures":10.0,"name":null,"county":"12083"}},{"type":"Feature","geometry":{"type":"Point","coordinates":[-82.19505,29.14896]},"properties":{"kind":"field","sport":"baseball","lit":"untagged","p_lit":0.5,"fixtures":10.0,"name":null,"county":"12083"}},{"type":"Feature","geometry":{"type":"Point","coordinates":[-82.17515,29.15098]},"properties":{"kind":"court","sport":"tennis","lit":"yes","p_lit":1.0,"fixtures":6.0,"name":null,"county":"12083"}},{"type":"Feature","geometry":{"type":"Point","coordinates":[-82.16843,29.14341]},"properties":{"kind":"field","sport":"baseball","lit":"untagged","p_lit":0.5,"fixtures":10.0,"name":null,"county":"12083"}},{"type":"Feature","geometry":{"type":"Point","coordinates":[-82.16568,29.14356]},"properties":{"kind":"field","sport":"baseball","lit":"untagged","p_lit":0.5,"fixtures":10.0,"name":null,"county":"12083"}},{"type":"Feature","geometry":{"type":"Point","coordinates":[-82.166,29.15199]},"properties":{"kind":"court","sport":"tennis","lit":"untagged","p_lit":0.5,"fixtures":3.0,"name":null,"county":"12083"}},{"type":"Feature","geometry":{"type":"Point","coordinates":[-82.1712,29.155]},"properties":{"kind":"court","sport":"tennis","lit":"untagged","p_lit":0.5,"fixtures":3.0,"name":null,"county":"12083"}},{"type":"Feature","geometry":{"type":"Point","coordinates":[-82.17075,29.15421]},"properties":{"kind":"field","sport":"baseball","lit":"untagged","p_lit":0.5,"fixtures":10.0,"name":null,"county":"12083"}},{"type":"Feature","geometry":{"type":"Point","coordinates":[-82.17783,29.16637]},"properties":{"kind":"court","sport":"basketball","lit":"yes","p_lit":1.0,"fixtures":6.0,"name":null,"county":"12083"}},{"type":"Feature","geometry":{"type":"Point","coordinates":[-82.1785,29.16612]},"properties":{"kind":"field","sport":"soccer","lit":"untagged","p_lit":0.5,"fixtures":10.0,"name":null,"county":"12083"}},{"type":"Feature","geometry":{"type":"Point","coordinates":[-82.17808,29.16637]},"properties":{"kind":"court","sport":"basketball","lit":"yes","p_lit":1.0,"fixtures":6.0,"name":null,"county":"12083"}},{"type":"Feature","geometry":{"type":"Point","coordinates":[-82.17812,29.16604]},"properties":{"kind":"court","sport":"tennis","lit":"yes","p_lit":1.0,"fixtures":6.0,"name":null,"county":"12083"}},{"type":"Feature","geometry":{"type":"Point","coordinates":[-82.17796,29.16604]},"properties":{"kind":"court","sport":"tennis","lit":"yes","p_lit":1.0,"fixtures":6.0,"name":null,"county":"12083"}},{"type":"Feature","geometry":{"type":"Point","coordinates":[-82.1778,29.16604]},"properties":{"kind":"court","sport":"tennis","lit":"yes","p_lit":1.0,"fixtures":6.0,"name":null,"county":"12083"}},{"type":"Feature","geometry":{"type":"Point","coordinates":[-82.17781,29.1657]},"properties":{"kind":"court","sport":"tennis","lit":"yes","p_lit":1.0,"fixtures":6.0,"name":null,"county":"12083"}},{"type":"Feature","geometry":{"type":"Point","coordinates":[-82.17797,29.1657]},"properties":{"kind":"court","sport":"tennis","lit":"yes","p_lit":1.0,"fixtures":6.0,"name":null,"county":"12083"}},{"type":"Feature","geometry":{"type":"Point","coordinates":[-82.17812,29.1657]},"properties":{"kind":"court","sport":"tennis","lit":"yes","p_lit":1.0,"fixtures":6.0,"name":null,"county":"12083"}},{"type":"Feature","geometry":{"type":"Point","coordinates":[-82.13217,29.16192]},"properties":{"kind":"court","sport":"tennis","lit":"untagged","p_lit":0.5,"fixtures":3.0,"name":null,"county":"12083"}},{"type":"Feature","geometry":{"type":"Point","coordinates":[-82.13231,29.16201]},"properties":{"kind":"court","sport":"basketball","lit":"untagged","p_lit":0.5,"fixtures":3.0,"name":null,"county":"12083"}},{"type":"Feature","geometry":{"type":"Point","coordinates":[-82.11952,29.15818]},"properties":{"kind":"court","sport":"tennis","lit":"untagged","p_lit":0.5,"fixtures":3.0,"name":null,"county":"12083"}},{"type":"Feature","geometry":{"type":"Point","coordinates":[-82.12205,29.1666]},"properties":{"kind":"field","sport":"american_football","lit":"untagged","p_lit":0.5,"fixtures":10.0,"name":"Brick City Park Field","county":"12083"}},{"type":"Feature","geometry":{"type":"Point","coordinates":[-82.11895,29.16301]},"properties":{"kind":"court","sport":"tennis","lit":"untagged","p_lit":0.5,"fixtures":3.0,"name":null,"county":"12083"}},{"type":"Feature","geometry":{"type":"Point","coordinates":[-82.11881,29.16306]},"properties":{"kind":"court","sport":"tennis","lit":"untagged","p_lit":0.5,"fixtures":3.0,"name":null,"county":"12083"}},{"type":"Feature","geometry":{"type":"Point","coordinates":[-82.11434,29.15587]},"properties":{"kind":"court","sport":"tennis","lit":"yes","p_lit":1.0,"fixtures":6.0,"name":null,"county":"12083"}},{"type":"Feature","geometry":{"type":"Point","coordinates":[-82.11417,29.15587]},"properties":{"kind":"court","sport":"tennis","lit":"yes","p_lit":1.0,"fixtures":6.0,"name":null,"county":"12083"}},{"type":"Feature","geometry":{"type":"Point","coordinates":[-82.08789,29.10602]},"properties":{"kind":"court","sport":"basketball","lit":"untagged","p_lit":0.5,"fixtures":3.0,"name":null,"county":"12083"}},{"type":"Feature","geometry":{"type":"Point","coordinates":[-82.08754,29.10543]},"properties":{"kind":"field","sport":"baseball","lit":"untagged","p_lit":0.5,"fixtures":10.0,"name":null,"county":"12083"}},{"type":"Feature","geometry":{"type":"Point","coordinates":[-82.04469,29.06832]},"properties":{"kind":"court","sport":"tennis","lit":"untagged","p_lit":0.5,"fixtures":3.0,"name":null,"county":"12083"}},{"type":"Feature","geometry":{"type":"Point","coordinates":[-82.04183,29.06695]},"properties":{"kind":"field","sport":"baseball","lit":"yes","p_lit":1.0,"fixtures":20.0,"name":"Field 1","county":"12083"}},{"type":"Feature","geometry":{"type":"Point","coordinates":[-82.04139,29.06688]},"properties":{"kind":"field","sport":"baseball","lit":"yes","p_lit":1.0,"fixtures":20.0,"name":"Field 2","county":"12083"}},{"type":"Feature","geometry":{"type":"Point","coordinates":[-82.04178,29.06756]},"properties":{"kind":"field","sport":"baseball","lit":"yes","p_lit":1.0,"fixtures":20.0,"name":null,"county":"12083"}},{"type":"Feature","geometry":{"type":"Point","coordinates":[-82.04249,29.06753]},"properties":{"kind":"field","sport":"baseball","lit":"yes","p_lit":1.0,"fixtures":20.0,"name":"Field 6","county":"12083"}},{"type":"Feature","geometry":{"type":"Point","coordinates":[-82.04323,29.06754]},"properties":{"kind":"field","sport":"baseball","lit":"yes","p_lit":1.0,"fixtures":20.0,"name":"Field 5","county":"12083"}},{"type":"Feature","geometry":{"type":"Point","coordinates":[-82.04238,29.06815]},"properties":{"kind":"field","sport":"baseball","lit":"untagged","p_lit":0.5,"fixtures":10.0,"name":null,"county":"12083"}},{"type":"Feature","geometry":{"type":"Point","coordinates":[-82.04276,29.0667]},"properties":{"kind":"field","sport":"baseball","lit":"yes","p_lit":1.0,"fixtures":20.0,"name":"Field 4","county":"12083"}},{"type":"Feature","geometry":{"type":"Point","coordinates":[-82.04178,29.06654]},"properties":{"kind":"field","sport":"baseball","lit":"yes","p_lit":1.0,"fixtures":20.0,"name":"Field 3","county":"12083"}},{"type":"Feature","geometry":{"type":"Point","coordinates":[-82.04182,29.06811]},"properties":{"kind":"field","sport":"baseball","lit":"untagged","p_lit":0.5,"fixtures":10.0,"name":null,"county":"12083"}},{"type":"Feature","geometry":{"type":"Point","coordinates":[-82.04393,29.0676]},"properties":{"kind":"court","sport":"basketball","lit":"untagged","p_lit":0.5,"fixtures":3.0,"name":null,"county":"12083"}},{"type":"Feature","geometry":{"type":"Point","coordinates":[-82.04394,29.06744]},"properties":{"kind":"court","sport":"basketball","lit":"untagged","p_lit":0.5,"fixtures":3.0,"name":null,"county":"12083"}},{"type":"Feature","geometry":{"type":"Point","coordinates":[-82.04179,29.06866]},"properties":{"kind":"field","sport":"baseball","lit":"yes","p_lit":1.0,"fixtures":20.0,"name":null,"county":"12083"}},{"type":"Feature","geometry":{"type":"Point","coordinates":[-82.0424,29.06865]},"properties":{"kind":"field","sport":"baseball","lit":"yes","p_lit":1.0,"fixtures":20.0,"name":null,"county":"12083"}},{"type":"Feature","geometry":{"type":"Point","coordinates":[-82.0432,29.06885]},"properties":{"kind":"field","sport":"baseball","lit":"yes","p_lit":1.0,"fixtures":20.0,"name":null,"county":"12083"}},{"type":"Feature","geometry":{"type":"Point","coordinates":[-82.04466,29.07083]},"properties":{"kind":"field","sport":"soccer","lit":"yes","p_lit":1.0,"fixtures":20.0,"name":null,"county":"12083"}},{"type":"Feature","geometry":{"type":"Point","coordinates":[-82.04444,29.07189]},"properties":{"kind":"field","sport":"soccer","lit":"untagged","p_lit":0.5,"fixtures":10.0,"name":null,"county":"12083"}},{"type":"Feature","geometry":{"type":"Point","coordinates":[-82.04448,29.07018]},"properties":{"kind":"field","sport":"soccer","lit":"untagged","p_lit":0.5,"fixtures":10.0,"name":null,"county":"12083"}},{"type":"Feature","geometry":{"type":"Point","coordinates":[-82.04446,29.06992]},"properties":{"kind":"field","sport":"soccer","lit":"untagged","p_lit":0.5,"fixtures":10.0,"name":null,"county":"12083"}},{"type":"Feature","geometry":{"type":"Point","coordinates":[-82.04465,29.06963]},"properties":{"kind":"field","sport":"soccer","lit":"untagged","p_lit":0.5,"fixtures":10.0,"name":null,"county":"12083"}},{"type":"Feature","geometry":{"type":"Point","coordinates":[-82.04468,29.06922]},"properties":{"kind":"field","sport":"soccer","lit":"untagged","p_lit":0.5,"fixtures":10.0,"name":null,"county":"12083"}},{"type":"Feature","geometry":{"type":"Point","coordinates":[-82.04452,29.06831]},"properties":{"kind":"court","sport":"tennis","lit":"untagged","p_lit":0.5,"fixtures":3.0,"name":null,"county":"12083"}},{"type":"Feature","geometry":{"type":"Point","coordinates":[-82.04178,29.06937]},"properties":{"kind":"field","sport":"baseball","lit":"yes","p_lit":1.0,"fixtures":20.0,"name":null,"county":"12083"}},{"type":"Feature","geometry":{"type":"Point","coordinates":[-82.04313,29.0699]},"properties":{"kind":"field","sport":"baseball","lit":"yes","p_lit":1.0,"fixtures":20.0,"name":null,"county":"12083"}},{"type":"Feature","geometry":{"type":"Point","coordinates":[-82.0418,29.07259]},"properties":{"kind":"field","sport":"american_football","lit":"untagged","p_lit":0.5,"fixtures":10.0,"name":null,"county":"12083"}},{"type":"Feature","geometry":{"type":"Point","coordinates":[-82.04264,29.0726]},"properties":{"kind":"field","sport":"american_football","lit":"untagged","p_lit":0.5,"fixtures":10.0,"name":null,"county":"12083"}},{"type":"Feature","geometry":{"type":"Point","coordinates":[-82.03464,29.09269]},"properties":{"kind":"court","sport":"tennis","lit":"untagged","p_lit":0.5,"fixtures":3.0,"name":null,"county":"12083"}},{"type":"Feature","geometry":{"type":"Point","coordinates":[-82.00538,29.10753]},"properties":{"kind":"court","sport":"basketball","lit":"untagged","p_lit":0.5,"fixtures":3.0,"name":null,"county":"12083"}},{"type":"Feature","geometry":{"type":"Point","coordinates":[-82.06536,29.1407]},"properties":{"kind":"field","sport":"baseball","lit":"untagged","p_lit":0.5,"fixtures":10.0,"name":null,"county":"12083"}},{"type":"Feature","geometry":{"type":"Point","coordinates":[-82.06389,29.14065]},"properties":{"kind":"field","sport":"baseball","lit":"untagged","p_lit":0.5,"fixtures":10.0,"name":null,"county":"12083"}},{"type":"Feature","geometry":{"type":"Point","coordinates":[-82.06797,29.14028]},"properties":{"kind":"field","sport":"american_football","lit":"untagged","p_lit":0.5,"fixtures":10.0,"name":null,"county":"12083"}},{"type":"Feature","geometry":{"type":"Point","coordinates":[-82.06665,29.14028]},"properties":{"kind":"field","sport":"soccer","lit":"untagged","p_lit":0.5,"fixtures":10.0,"name":null,"county":"12083"}},{"type":"Feature","geometry":{"type":"Point","coordinates":[-82.0646,29.13943]},"properties":{"kind":"field","sport":"baseball","lit":"untagged","p_lit":0.5,"fixtures":10.0,"name":null,"county":"12083"}},{"type":"Feature","geometry":{"type":"Point","coordinates":[-82.06439,29.13859]},"properties":{"kind":"field","sport":"baseball","lit":"untagged","p_lit":0.5,"fixtures":10.0,"name":null,"county":"12083"}},{"type":"Feature","geometry":{"type":"Point","coordinates":[-82.06674,29.13926]},"properties":{"kind":"field","sport":"baseball","lit":"untagged","p_lit":0.5,"fixtures":10.0,"name":null,"county":"12083"}},{"type":"Feature","geometry":{"type":"Point","coordinates":[-82.06677,29.13828]},"properties":{"kind":"field","sport":"baseball","lit":"untagged","p_lit":0.5,"fixtures":10.0,"name":null,"county":"12083"}},{"type":"Feature","geometry":{"type":"Point","coordinates":[-82.06556,29.13926]},"properties":{"kind":"field","sport":"baseball","lit":"untagged","p_lit":0.5,"fixtures":10.0,"name":null,"county":"12083"}},{"type":"Feature","geometry":{"type":"Point","coordinates":[-82.06535,29.1384]},"properties":{"kind":"field","sport":"baseball","lit":"untagged","p_lit":0.5,"fixtures":10.0,"name":null,"county":"12083"}},{"type":"Feature","geometry":{"type":"Point","coordinates":[-82.06542,29.13723]},"properties":{"kind":"field","sport":"baseball","lit":"untagged","p_lit":0.5,"fixtures":10.0,"name":null,"county":"12083"}},{"type":"Feature","geometry":{"type":"Point","coordinates":[-82.06454,29.13719]},"properties":{"kind":"field","sport":"baseball","lit":"untagged","p_lit":0.5,"fixtures":10.0,"name":null,"county":"12083"}},{"type":"Feature","geometry":{"type":"Point","coordinates":[-82.06548,29.13644]},"properties":{"kind":"field","sport":"baseball","lit":"untagged","p_lit":0.5,"fixtures":10.0,"name":null,"county":"12083"}},{"type":"Feature","geometry":{"type":"Point","coordinates":[-82.0646,29.13641]},"properties":{"kind":"field","sport":"baseball","lit":"untagged","p_lit":0.5,"fixtures":10.0,"name":null,"county":"12083"}},{"type":"Feature","geometry":{"type":"Point","coordinates":[-82.06253,29.13649]},"properties":{"kind":"field","sport":"soccer","lit":"untagged","p_lit":0.5,"fixtures":10.0,"name":null,"county":"12083"}},{"type":"Feature","geometry":{"type":"Point","coordinates":[-82.06336,29.13655]},"properties":{"kind":"field","sport":"soccer","lit":"untagged","p_lit":0.5,"fixtures":10.0,"name":null,"county":"12083"}},{"type":"Feature","geometry":{"type":"Point","coordinates":[-82.06252,29.13808]},"properties":{"kind":"field","sport":"soccer","lit":"untagged","p_lit":0.5,"fixtures":10.0,"name":null,"county":"12083"}},{"type":"Feature","geometry":{"type":"Point","coordinates":[-82.06337,29.13809]},"properties":{"kind":"field","sport":"soccer","lit":"untagged","p_lit":0.5,"fixtures":10.0,"name":null,"county":"12083"}},{"type":"Feature","geometry":{"type":"Point","coordinates":[-82.06241,29.13905]},"properties":{"kind":"field","sport":"soccer","lit":"untagged","p_lit":0.5,"fixtures":10.0,"name":null,"county":"12083"}},{"type":"Feature","geometry":{"type":"Point","coordinates":[-82.09135,29.16686]},"properties":{"kind":"court","sport":"basketball","lit":"untagged","p_lit":0.5,"fixtures":3.0,"name":null,"county":"12083"}},{"type":"Feature","geometry":{"type":"Point","coordinates":[-82.09113,29.16684]},"properties":{"kind":"court","sport":"basketball","lit":"untagged","p_lit":0.5,"fixtures":3.0,"name":null,"county":"12083"}},{"type":"Feature","geometry":{"type":"Point","coordinates":[-82.09035,29.16626]},"properties":{"kind":"field","sport":"american_football","lit":"untagged","p_lit":0.5,"fixtures":10.0,"name":null,"county":"12083"}},{"type":"Feature","geometry":{"type":"Point","coordinates":[-82.08433,29.15812]},"properties":{"kind":"field","sport":"soccer","lit":"yes","p_lit":1.0,"fixtures":20.0,"name":"Field 1","county":"12083"}},{"type":"Feature","geometry":{"type":"Point","coordinates":[-82.08173,29.15805]},"properties":{"kind":"field","sport":"soccer","lit":"yes","p_lit":1.0,"fixtures":20.0,"name":"Field 4","county":"12083"}},{"type":"Feature","geometry":{"type":"Point","coordinates":[-82.08254,29.15807]},"properties":{"kind":"field","sport":"soccer","lit":"yes","p_lit":1.0,"fixtures":20.0,"name":"Field 3","county":"12083"}},{"type":"Feature","geometry":{"type":"Point","coordinates":[-82.08221,29.15978]},"properties":{"kind":"field","sport":"soccer","lit":"untagged","p_lit":0.5,"fixtures":10.0,"name":"Field 7","county":"12083"}},{"type":"Feature","geometry":{"type":"Point","coordinates":[-82.08347,29.15809]},"properties":{"kind":"field","sport":"soccer","lit":"yes","p_lit":1.0,"fixtures":20.0,"name":"Field 2","county":"12083"}},{"type":"Feature","geometry":{"type":"Point","coordinates":[-82.08924,29.16655]},"properties":{"kind":"field","sport":"american_football","lit":"untagged","p_lit":0.5,"fixtures":10.0,"name":null,"county":"12083"}},{"type":"Feature","geometry":{"type":"Point","coordinates":[-82.08823,29.16552]},"properties":{"kind":"court","sport":"tennis","lit":"untagged","p_lit":0.5,"fixtures":3.0,"name":null,"county":"12083"}},{"type":"Feature","geometry":{"type":"Point","coordinates":[-82.08839,29.16552]},"properties":{"kind":"court","sport":"tennis","lit":"untagged","p_lit":0.5,"fixtures":3.0,"name":null,"county":"12083"}},{"type":"Feature","geometry":{"type":"Point","coordinates":[-82.08855,29.16552]},"properties":{"kind":"court","sport":"tennis","lit":"untagged","p_lit":0.5,"fixtures":3.0,"name":null,"county":"12083"}},{"type":"Feature","geometry":{"type":"Point","coordinates":[-82.06536,29.14195]},"properties":{"kind":"field","sport":"baseball","lit":"untagged","p_lit":0.5,"fixtures":10.0,"name":null,"county":"12083"}},{"type":"Feature","geometry":{"type":"Point","coordinates":[-82.06667,29.14147]},"properties":{"kind":"court","sport":"basketball","lit":"untagged","p_lit":0.5,"fixtures":3.0,"name":null,"county":"12083"}},{"type":"Feature","geometry":{"type":"Point","coordinates":[-82.06666,29.1413]},"properties":{"kind":"court","sport":"basketball","lit":"untagged","p_lit":0.5,"fixtures":3.0,"name":null,"county":"12083"}},{"type":"Feature","geometry":{"type":"Point","coordinates":[-82.07386,29.16711]},"properties":{"kind":"field","sport":"baseball","lit":"yes","p_lit":1.0,"fixtures":20.0,"name":null,"county":"12083"}},{"type":"Feature","geometry":{"type":"Point","coordinates":[-82.07303,29.16712]},"properties":{"kind":"field","sport":"baseball","lit":"yes","p_lit":1.0,"fixtures":20.0,"name":null,"county":"12083"}},{"type":"Feature","geometry":{"type":"Point","coordinates":[-82.07301,29.16638]},"properties":{"kind":"field","sport":"baseball","lit":"yes","p_lit":1.0,"fixtures":20.0,"name":null,"county":"12083"}},{"type":"Feature","geometry":{"type":"Point","coordinates":[-82.07384,29.16492]},"properties":{"kind":"field","sport":"baseball","lit":"yes","p_lit":1.0,"fixtures":20.0,"name":null,"county":"12083"}},{"type":"Feature","geometry":{"type":"Point","coordinates":[-82.07385,29.16564]},"properties":{"kind":"field","sport":"baseball","lit":"yes","p_lit":1.0,"fixtures":20.0,"name":null,"county":"12083"}},{"type":"Feature","geometry":{"type":"Point","coordinates":[-82.07385,29.16639]},"properties":{"kind":"field","sport":"baseball","lit":"yes","p_lit":1.0,"fixtures":20.0,"name":null,"county":"12083"}},{"type":"Feature","geometry":{"type":"Point","coordinates":[-82.01441,29.12048]},"properties":{"kind":"field","sport":"baseball","lit":"untagged","p_lit":0.5,"fixtures":10.0,"name":null,"county":"12083"}},{"type":"Feature","geometry":{"type":"Point","coordinates":[-82.01443,29.12087]},"properties":{"kind":"field","sport":"baseball","lit":"untagged","p_lit":0.5,"fixtures":10.0,"name":null,"county":"12083"}},{"type":"Feature","geometry":{"type":"Point","coordinates":[-82.01487,29.12119]},"properties":{"kind":"court","sport":"basketball","lit":"untagged","p_lit":0.5,"fixtures":3.0,"name":null,"county":"12083"}},{"type":"Feature","geometry":{"type":"Point","coordinates":[-82.01487,29.12144]},"properties":{"kind":"court","sport":"basketball","lit":"untagged","p_lit":0.5,"fixtures":3.0,"name":null,"county":"12083"}},{"type":"Feature","geometry":{"type":"Point","coordinates":[-81.99621,28.96239]},"properties":{"kind":"field","sport":"baseball","lit":"untagged","p_lit":0.5,"fixtures":10.0,"name":null,"county":"12083"}},{"type":"Feature","geometry":{"type":"Point","coordinates":[-81.96652,28.96446]},"properties":{"kind":"field","sport":"baseball","lit":"untagged","p_lit":0.5,"fixtures":10.0,"name":null,"county":"12083"}},{"type":"Feature","geometry":{"type":"Point","coordinates":[-81.96729,28.9653]},"properties":{"kind":"court","sport":"tennis","lit":"yes","p_lit":1.0,"fixtures":6.0,"name":null,"county":"12083"}},{"type":"Feature","geometry":{"type":"Point","coordinates":[-81.9671,28.96527]},"properties":{"kind":"court","sport":"tennis","lit":"yes","p_lit":1.0,"fixtures":6.0,"name":null,"county":"12083"}},{"type":"Feature","geometry":{"type":"Point","coordinates":[-81.96648,28.9651]},"properties":{"kind":"court","sport":"pickleball","lit":"yes","p_lit":1.0,"fixtures":6.0,"name":null,"county":"12083"}},{"type":"Feature","geometry":{"type":"Point","coordinates":[-81.96638,28.96508]},"properties":{"kind":"court","sport":"pickleball","lit":"yes","p_lit":1.0,"fixtures":6.0,"name":null,"county":"12083"}},{"type":"Feature","geometry":{"type":"Point","coordinates":[-81.96635,28.96525]},"properties":{"kind":"court","sport":"pickleball","lit":"yes","p_lit":1.0,"fixtures":6.0,"name":null,"county":"12083"}},{"type":"Feature","geometry":{"type":"Point","coordinates":[-81.96645,28.96526]},"properties":{"kind":"court","sport":"pickleball","lit":"yes","p_lit":1.0,"fixtures":6.0,"name":null,"county":"12083"}},{"type":"Feature","geometry":{"type":"Point","coordinates":[-81.96657,28.96528]},"properties":{"kind":"court","sport":"pickleball","lit":"yes","p_lit":1.0,"fixtures":6.0,"name":null,"county":"12083"}},{"type":"Feature","geometry":{"type":"Point","coordinates":[-81.96665,28.96529]},"properties":{"kind":"court","sport":"pickleball","lit":"yes","p_lit":1.0,"fixtures":6.0,"name":null,"county":"12083"}},{"type":"Feature","geometry":{"type":"Point","coordinates":[-81.9666,28.96511]},"properties":{"kind":"court","sport":"pickleball","lit":"yes","p_lit":1.0,"fixtures":6.0,"name":null,"county":"12083"}},{"type":"Feature","geometry":{"type":"Point","coordinates":[-81.96668,28.96513]},"properties":{"kind":"court","sport":"pickleball","lit":"yes","p_lit":1.0,"fixtures":6.0,"name":null,"county":"12083"}},{"type":"Feature","geometry":{"type":"Point","coordinates":[-81.971,28.98586]},"properties":{"kind":"court","sport":"tennis","lit":"untagged","p_lit":0.5,"fixtures":3.0,"name":null,"county":"12083"}},{"type":"Feature","geometry":{"type":"Point","coordinates":[-81.97085,28.98585]},"properties":{"kind":"court","sport":"tennis","lit":"untagged","p_lit":0.5,"fixtures":3.0,"name":null,"county":"12083"}},{"type":"Feature","geometry":{"type":"Point","coordinates":[-81.97084,28.98585]},"properties":{"kind":"court","sport":"pickleball","lit":"untagged","p_lit":0.5,"fixtures":3.0,"name":null,"county":"12083"}},{"type":"Feature","geometry":{"type":"Point","coordinates":[-81.97121,28.98595]},"properties":{"kind":"court","sport":"basketball","lit":"untagged","p_lit":0.5,"fixtures":3.0,"name":null,"county":"12083"}},{"type":"Feature","geometry":{"type":"Point","coordinates":[-81.97542,29.07776]},"properties":{"kind":"field","sport":"baseball","lit":"untagged","p_lit":0.5,"fixtures":10.0,"name":null,"county":"12083"}},{"type":"Feature","geometry":{"type":"Point","coordinates":[-81.97523,29.0787]},"properties":{"kind":"field","sport":"baseball","lit":"untagged","p_lit":0.5,"fixtures":10.0,"name":null,"county":"12083"}},{"type":"Feature","geometry":{"type":"Point","coordinates":[-81.97817,29.07796]},"properties":{"kind":"court","sport":"tennis","lit":"untagged","p_lit":0.5,"fixtures":3.0,"name":null,"county":"12083"}},{"type":"Feature","geometry":{"type":"Point","coordinates":[-81.97796,29.07791]},"properties":{"kind":"court","sport":"tennis","lit":"untagged","p_lit":0.5,"fixtures":3.0,"name":null,"county":"12083"}},{"type":"Feature","geometry":{"type":"Point","coordinates":[-81.97775,29.07783]},"properties":{"kind":"court","sport":"tennis","lit":"untagged","p_lit":0.5,"fixtures":3.0,"name":null,"county":"12083"}},{"type":"Feature","geometry":{"type":"Point","coordinates":[-81.97725,29.07777]},"properties":{"kind":"court","sport":"basketball","lit":"untagged","p_lit":0.5,"fixtures":3.0,"name":null,"county":"12083"}},{"type":"Feature","geometry":{"type":"Point","coordinates":[-81.97733,29.0776]},"properties":{"kind":"court","sport":"basketball","lit":"untagged","p_lit":0.5,"fixtures":3.0,"name":null,"county":"12083"}},{"type":"Feature","geometry":{"type":"Point","coordinates":[-82.19836,29.17131]},"properties":{"kind":"court","sport":"basketball","lit":"untagged","p_lit":0.5,"fixtures":3.0,"name":null,"county":"12083"}},{"type":"Feature","geometry":{"type":"Point","coordinates":[-82.19854,29.17173]},"properties":{"kind":"court","sport":"tennis","lit":"untagged","p_lit":0.5,"fixtures":3.0,"name":null,"county":"12083"}},{"type":"Feature","geometry":{"type":"Point","coordinates":[-82.19984,29.17318]},"properties":{"kind":"field","sport":"baseball","lit":"untagged","p_lit":0.5,"fixtures":10.0,"name":null,"county":"12083"}},{"type":"Feature","geometry":{"type":"Point","coordinates":[-82.20097,29.17323]},"properties":{"kind":"field","sport":"baseball","lit":"untagged","p_lit":0.5,"fixtures":10.0,"name":null,"county":"12083"}},{"type":"Feature","geometry":{"type":"Point","coordinates":[-82.2042,29.17462]},"properties":{"kind":"court","sport":"basketball","lit":"untagged","p_lit":0.5,"fixtures":3.0,"name":null,"county":"12083"}},{"type":"Feature","geometry":{"type":"Point","coordinates":[-82.20403,29.17471]},"properties":{"kind":"court","sport":"tennis","lit":"yes","p_lit":1.0,"fixtures":6.0,"name":null,"county":"12083"}},{"type":"Feature","geometry":{"type":"Point","coordinates":[-82.20388,29.1747]},"properties":{"kind":"court","sport":"tennis","lit":"yes","p_lit":1.0,"fixtures":6.0,"name":null,"county":"12083"}},{"type":"Feature","geometry":{"type":"Point","coordinates":[-82.17992,29.16754]},"properties":{"kind":"field","sport":"baseball","lit":"untagged","p_lit":0.5,"fixtures":10.0,"name":null,"county":"12083"}},{"type":"Feature","geometry":{"type":"Point","coordinates":[-82.17744,29.16746]},"properties":{"kind":"field","sport":"baseball","lit":"untagged","p_lit":0.5,"fixtures":10.0,"name":null,"county":"12083"}},{"type":"Feature","geometry":{"type":"Point","coordinates":[-82.18008,29.17445]},"properties":{"kind":"court","sport":"basketball","lit":"untagged","p_lit":0.5,"fixtures":3.0,"name":null,"county":"12083"}},{"type":"Feature","geometry":{"type":"Point","coordinates":[-82.18008,29.1746]},"properties":{"kind":"court","sport":"basketball","lit":"untagged","p_lit":0.5,"fixtures":3.0,"name":null,"county":"12083"}},{"type":"Feature","geometry":{"type":"Point","coordinates":[-82.16694,29.17447]},"properties":{"kind":"court","sport":"basketball","lit":"untagged","p_lit":0.5,"fixtures":3.0,"name":null,"county":"12083"}},{"type":"Feature","geometry":{"type":"Point","coordinates":[-82.16669,29.17416]},"properties":{"kind":"court","sport":"basketball","lit":"untagged","p_lit":0.5,"fixtures":3.0,"name":null,"county":"12083"}},{"type":"Feature","geometry":{"type":"Point","coordinates":[-82.15788,29.1811]},"properties":{"kind":"court","sport":"basketball","lit":"untagged","p_lit":0.5,"fixtures":3.0,"name":null,"county":"12083"}},{"type":"Feature","geometry":{"type":"Point","coordinates":[-82.16106,29.20166]},"properties":{"kind":"field","sport":"baseball","lit":"untagged","p_lit":0.5,"fixtures":10.0,"name":null,"county":"12083"}},{"type":"Feature","geometry":{"type":"Point","coordinates":[-82.13607,29.17366]},"properties":{"kind":"court","sport":"basketball","lit":"untagged","p_lit":0.5,"fixtures":3.0,"name":null,"county":"12083"}},{"type":"Feature","geometry":{"type":"Point","coordinates":[-82.13608,29.17351]},"properties":{"kind":"court","sport":"basketball","lit":"untagged","p_lit":0.5,"fixtures":3.0,"name":null,"county":"12083"}},{"type":"Feature","geometry":{"type":"Point","coordinates":[-82.1501,29.18111]},"properties":{"kind":"court","sport":"basketball","lit":"untagged","p_lit":0.5,"fixtures":3.0,"name":null,"county":"12083"}},{"type":"Feature","geometry":{"type":"Point","coordinates":[-82.14966,29.18902]},"properties":{"kind":"field","sport":"baseball","lit":"untagged","p_lit":0.5,"fixtures":10.0,"name":null,"county":"12083"}},{"type":"Feature","geometry":{"type":"Point","coordinates":[-82.1515,29.18954]},"properties":{"kind":"court","sport":"basketball","lit":"untagged","p_lit":0.5,"fixtures":3.0,"name":null,"county":"12083"}},{"type":"Feature","geometry":{"type":"Point","coordinates":[-82.15135,29.18955]},"properties":{"kind":"court","sport":"basketball","lit":"untagged","p_lit":0.5,"fixtures":3.0,"name":null,"county":"12083"}},{"type":"Feature","geometry":{"type":"Point","coordinates":[-82.15153,29.18921]},"properties":{"kind":"court","sport":"basketball","lit":"untagged","p_lit":0.5,"fixtures":3.0,"name":null,"county":"12083"}},{"type":"Feature","geometry":{"type":"Point","coordinates":[-82.15137,29.18922]},"properties":{"kind":"court","sport":"basketball","lit":"untagged","p_lit":0.5,"fixtures":3.0,"name":null,"county":"12083"}},{"type":"Feature","geometry":{"type":"Point","coordinates":[-82.15004,29.18817]},"properties":{"kind":"field","sport":"baseball","lit":"untagged","p_lit":0.5,"fixtures":10.0,"name":null,"county":"12083"}},{"type":"Feature","geometry":{"type":"Point","coordinates":[-82.15189,29.19267]},"properties":{"kind":"court","sport":"basketball","lit":"untagged","p_lit":0.5,"fixtures":3.0,"name":null,"county":"12083"}},{"type":"Feature","geometry":{"type":"Point","coordinates":[-82.13299,29.18162]},"properties":{"kind":"court","sport":"basketball","lit":"untagged","p_lit":0.5,"fixtures":3.0,"name":null,"county":"12083"}},{"type":"Feature","geometry":{"type":"Point","coordinates":[-82.13299,29.18145]},"properties":{"kind":"court","sport":"basketball","lit":"untagged","p_lit":0.5,"fixtures":3.0,"name":null,"county":"12083"}},{"type":"Feature","geometry":{"type":"Point","coordinates":[-82.13329,29.18153]},"properties":{"kind":"court","sport":"basketball","lit":"untagged","p_lit":0.5,"fixtures":3.0,"name":null,"county":"12083"}},{"type":"Feature","geometry":{"type":"Point","coordinates":[-82.13152,29.19297]},"properties":{"kind":"court","sport":"tennis","lit":"untagged","p_lit":0.5,"fixtures":3.0,"name":null,"county":"12083"}},{"type":"Feature","geometry":{"type":"Point","coordinates":[-82.13185,29.19298]},"properties":{"kind":"court","sport":"tennis","lit":"untagged","p_lit":0.5,"fixtures":3.0,"name":null,"county":"12083"}},{"type":"Feature","geometry":{"type":"Point","coordinates":[-82.13169,29.19298]},"properties":{"kind":"court","sport":"tennis","lit":"untagged","p_lit":0.5,"fixtures":3.0,"name":null,"county":"12083"}},{"type":"Feature","geometry":{"type":"Point","coordinates":[-82.12482,29.16859]},"properties":{"kind":"court","sport":"basketball","lit":"yes","p_lit":1.0,"fixtures":6.0,"name":null,"county":"12083"}},{"type":"Feature","geometry":{"type":"Point","coordinates":[-82.12469,29.16868]},"properties":{"kind":"court","sport":"basketball","lit":"yes","p_lit":1.0,"fixtures":6.0,"name":null,"county":"12083"}},{"type":"Feature","geometry":{"type":"Point","coordinates":[-82.11773,29.17224]},"properties":{"kind":"field","sport":"baseball","lit":"untagged","p_lit":0.5,"fixtures":10.0,"name":null,"county":"12083"}},{"type":"Feature","geometry":{"type":"Point","coordinates":[-82.11776,29.17307]},"properties":{"kind":"court","sport":"basketball","lit":"untagged","p_lit":0.5,"fixtures":3.0,"name":null,"county":"12083"}},{"type":"Feature","geometry":{"type":"Point","coordinates":[-82.11743,29.17309]},"properties":{"kind":"field","sport":"baseball","lit":"untagged","p_lit":0.5,"fixtures":10.0,"name":null,"county":"12083"}},{"type":"Feature","geometry":{"type":"Point","coordinates":[-82.11762,29.17356]},"properties":{"kind":"court","sport":"tennis","lit":"untagged","p_lit":0.5,"fixtures":3.0,"name":null,"county":"12083"}},{"type":"Feature","geometry":{"type":"Point","coordinates":[-82.10494,29.19246]},"properties":{"kind":"court","sport":"tennis","lit":"untagged","p_lit":0.5,"fixtures":3.0,"name":null,"county":"12083"}},{"type":"Feature","geometry":{"type":"Point","coordinates":[-82.10479,29.19246]},"properties":{"kind":"court","sport":"tennis","lit":"untagged","p_lit":0.5,"fixtures":3.0,"name":null,"county":"12083"}},{"type":"Feature","geometry":{"type":"Point","coordinates":[-82.15463,29.19866]},"properties":{"kind":"court","sport":"tennis","lit":"untagged","p_lit":0.5,"fixtures":3.0,"name":null,"county":"12083"}},{"type":"Feature","geometry":{"type":"Point","coordinates":[-82.15466,29.19824]},"properties":{"kind":"court","sport":"basketball","lit":"untagged","p_lit":0.5,"fixtures":3.0,"name":null,"county":"12083"}},{"type":"Feature","geometry":{"type":"Point","coordinates":[-82.15466,29.1981]},"properties":{"kind":"court","sport":"basketball","lit":"untagged","p_lit":0.5,"fixtures":3.0,"name":null,"county":"12083"}},{"type":"Feature","geometry":{"type":"Point","coordinates":[-82.15522,29.19799]},"properties":{"kind":"field","sport":"baseball","lit":"untagged","p_lit":0.5,"fixtures":10.0,"name":null,"county":"12083"}},{"type":"Feature","geometry":{"type":"Point","coordinates":[-82.13167,29.19333]},"properties":{"kind":"court","sport":"tennis","lit":"untagged","p_lit":0.5,"fixtures":3.0,"name":null,"county":"12083"}},{"type":"Feature","geometry":{"type":"Point","coordinates":[-82.13072,29.19355]},"properties":{"kind":"field","sport":"baseball","lit":"untagged","p_lit":0.5,"fixtures":10.0,"name":null,"county":"12083"}},{"type":"Feature","geometry":{"type":"Point","coordinates":[-82.13183,29.19333]},"properties":{"kind":"court","sport":"tennis","lit":"untagged","p_lit":0.5,"fixtures":3.0,"name":null,"county":"12083"}},{"type":"Feature","geometry":{"type":"Point","coordinates":[-82.13151,29.19332]},"properties":{"kind":"court","sport":"tennis","lit":"untagged","p_lit":0.5,"fixtures":3.0,"name":null,"county":"12083"}},{"type":"Feature","geometry":{"type":"Point","coordinates":[-82.13207,29.19434]},"properties":{"kind":"court","sport":"basketball","lit":"yes","p_lit":1.0,"fixtures":6.0,"name":null,"county":"12083"}},{"type":"Feature","geometry":{"type":"Point","coordinates":[-82.13222,29.19434]},"properties":{"kind":"court","sport":"basketball","lit":"yes","p_lit":1.0,"fixtures":6.0,"name":null,"county":"12083"}},{"type":"Feature","geometry":{"type":"Point","coordinates":[-82.13513,29.21714]},"properties":{"kind":"field","sport":"baseball","lit":"untagged","p_lit":0.5,"fixtures":10.0,"name":null,"county":"12083"}},{"type":"Feature","geometry":{"type":"Point","coordinates":[-82.13383,29.21697]},"properties":{"kind":"field","sport":"soccer","lit":"untagged","p_lit":0.5,"fixtures":10.0,"name":null,"county":"12083"}},{"type":"Feature","geometry":{"type":"Point","coordinates":[-82.13578,29.21831]},"properties":{"kind":"court","sport":"basketball","lit":"untagged","p_lit":0.5,"fixtures":3.0,"name":null,"county":"12083"}},{"type":"Feature","geometry":{"type":"Point","coordinates":[-82.13575,29.21858]},"properties":{"kind":"court","sport":"tennis","lit":"untagged","p_lit":0.5,"fixtures":3.0,"name":null,"county":"12083"}},{"type":"Feature","geometry":{"type":"Point","coordinates":[-82.13513,29.21861]},"properties":{"kind":"field","sport":"baseball","lit":"untagged","p_lit":0.5,"fixtures":10.0,"name":null,"county":"12083"}},{"type":"Feature","geometry":{"type":"Point","coordinates":[-82.20709,29.22549]},"properties":{"kind":"court","sport":"tennis","lit":"untagged","p_lit":0.5,"fixtures":3.0,"name":null,"county":"12083"}},{"type":"Feature","geometry":{"type":"Point","coordinates":[-82.207,29.22582]},"properties":{"kind":"court","sport":"tennis","lit":"untagged","p_lit":0.5,"fixtures":3.0,"name":null,"county":"12083"}},{"type":"Feature","geometry":{"type":"Point","coordinates":[-82.20699,29.22627]},"properties":{"kind":"court","sport":"tennis","lit":"untagged","p_lit":0.5,"fixtures":3.0,"name":null,"county":"12083"}},{"type":"Feature","geometry":{"type":"Point","coordinates":[-82.11023,29.22571]},"properties":{"kind":"field","sport":"baseball","lit":"untagged","p_lit":0.5,"fixtures":10.0,"name":null,"county":"12083"}},{"type":"Feature","geometry":{"type":"Point","coordinates":[-82.1468,29.26416]},"properties":{"kind":"court","sport":"tennis","lit":"untagged","p_lit":0.5,"fixtures":3.0,"name":null,"county":"12083"}},{"type":"Feature","geometry":{"type":"Point","coordinates":[-82.14718,29.26424]},"properties":{"kind":"court","sport":"tennis","lit":"untagged","p_lit":0.5,"fixtures":3.0,"name":null,"county":"12083"}},{"type":"Feature","geometry":{"type":"Point","coordinates":[-82.14736,29.26427]},"properties":{"kind":"court","sport":"tennis","lit":"untagged","p_lit":0.5,"fixtures":3.0,"name":null,"county":"12083"}},{"type":"Feature","geometry":{"type":"Point","coordinates":[-82.14778,29.26453]},"properties":{"kind":"court","sport":"tennis","lit":"untagged","p_lit":0.5,"fixtures":3.0,"name":null,"county":"12083"}},{"type":"Feature","geometry":{"type":"Point","coordinates":[-82.1476,29.2645]},"properties":{"kind":"court","sport":"tennis","lit":"untagged","p_lit":0.5,"fixtures":3.0,"name":null,"county":"12083"}},{"type":"Feature","geometry":{"type":"Point","coordinates":[-82.14787,29.26419]},"properties":{"kind":"court","sport":"tennis","lit":"untagged","p_lit":0.5,"fixtures":3.0,"name":null,"county":"12083"}},{"type":"Feature","geometry":{"type":"Point","coordinates":[-82.14768,29.26415]},"properties":{"kind":"court","sport":"tennis","lit":"untagged","p_lit":0.5,"fixtures":3.0,"name":null,"county":"12083"}},{"type":"Feature","geometry":{"type":"Point","coordinates":[-82.11669,29.25417]},"properties":{"kind":"court","sport":"basketball","lit":"untagged","p_lit":0.5,"fixtures":3.0,"name":null,"county":"12083"}},{"type":"Feature","geometry":{"type":"Point","coordinates":[-82.11884,29.25516]},"properties":{"kind":"field","sport":"baseball","lit":"untagged","p_lit":0.5,"fixtures":10.0,"name":null,"county":"12083"}},{"type":"Feature","geometry":{"type":"Point","coordinates":[-82.11871,29.25431]},"properties":{"kind":"field","sport":"baseball","lit":"untagged","p_lit":0.5,"fixtures":10.0,"name":null,"county":"12083"}},{"type":"Feature","geometry":{"type":"Point","coordinates":[-82.1179,29.25431]},"properties":{"kind":"field","sport":"baseball","lit":"untagged","p_lit":0.5,"fixtures":10.0,"name":null,"county":"12083"}},{"type":"Feature","geometry":{"type":"Point","coordinates":[-82.11723,29.25436]},"properties":{"kind":"field","sport":"baseball","lit":"untagged","p_lit":0.5,"fixtures":10.0,"name":null,"county":"12083"}},{"type":"Feature","geometry":{"type":"Point","coordinates":[-82.11768,29.25517]},"properties":{"kind":"field","sport":"baseball","lit":"untagged","p_lit":0.5,"fixtures":10.0,"name":null,"county":"12083"}},{"type":"Feature","geometry":{"type":"Point","coordinates":[-82.11896,29.25303]},"properties":{"kind":"court","sport":"basketball","lit":"untagged","p_lit":0.5,"fixtures":3.0,"name":null,"county":"12083"}},{"type":"Feature","geometry":{"type":"Point","coordinates":[-82.0929,29.17008]},"properties":{"kind":"court","sport":"pickleball","lit":"untagged","p_lit":0.5,"fixtures":3.0,"name":null,"county":"12083"}},{"type":"Feature","geometry":{"type":"Point","coordinates":[-82.093,29.17008]},"properties":{"kind":"court","sport":"pickleball","lit":"untagged","p_lit":0.5,"fixtures":3.0,"name":null,"county":"12083"}},{"type":"Feature","geometry":{"type":"Point","coordinates":[-82.0929,29.17025]},"properties":{"kind":"court","sport":"pickleball","lit":"untagged","p_lit":0.5,"fixtures":3.0,"name":null,"county":"12083"}},{"type":"Feature","geometry":{"type":"Point","coordinates":[-82.093,29.17025]},"properties":{"kind":"court","sport":"pickleball","lit":"untagged","p_lit":0.5,"fixtures":3.0,"name":null,"county":"12083"}},{"type":"Feature","geometry":{"type":"Point","coordinates":[-82.09626,29.16914]},"properties":{"kind":"field","sport":"baseball","lit":"untagged","p_lit":0.5,"fixtures":10.0,"name":null,"county":"12083"}},{"type":"Feature","geometry":{"type":"Point","coordinates":[-82.09247,29.17336]},"properties":{"kind":"court","sport":"basketball","lit":"untagged","p_lit":0.5,"fixtures":3.0,"name":null,"county":"12083"}},{"type":"Feature","geometry":{"type":"Point","coordinates":[-82.09029,29.16745]},"properties":{"kind":"field","sport":"baseball","lit":"untagged","p_lit":0.5,"fixtures":10.0,"name":null,"county":"12083"}},{"type":"Feature","geometry":{"type":"Point","coordinates":[-82.09123,29.18633]},"properties":{"kind":"court","sport":"tennis","lit":"yes","p_lit":1.0,"fixtures":6.0,"name":null,"county":"12083"}},{"type":"Feature","geometry":{"type":"Point","coordinates":[-82.09108,29.18633]},"properties":{"kind":"court","sport":"tennis","lit":"yes","p_lit":1.0,"fixtures":6.0,"name":null,"county":"12083"}},{"type":"Feature","geometry":{"type":"Point","coordinates":[-82.09082,29.18633]},"properties":{"kind":"court","sport":"tennis","lit":"yes","p_lit":1.0,"fixtures":6.0,"name":null,"county":"12083"}},{"type":"Feature","geometry":{"type":"Point","coordinates":[-82.09068,29.18633]},"properties":{"kind":"court","sport":"tennis","lit":"yes","p_lit":1.0,"fixtures":6.0,"name":null,"county":"12083"}},{"type":"Feature","geometry":{"type":"Point","coordinates":[-82.09052,29.18633]},"properties":{"kind":"court","sport":"tennis","lit":"yes","p_lit":1.0,"fixtures":6.0,"name":null,"county":"12083"}},{"type":"Feature","geometry":{"type":"Point","coordinates":[-82.09123,29.18666]},"properties":{"kind":"court","sport":"tennis","lit":"yes","p_lit":1.0,"fixtures":6.0,"name":null,"county":"12083"}},{"type":"Feature","geometry":{"type":"Point","coordinates":[-82.09067,29.18666]},"properties":{"kind":"court","sport":"tennis","lit":"yes","p_lit":1.0,"fixtures":6.0,"name":null,"county":"12083"}},{"type":"Feature","geometry":{"type":"Point","coordinates":[-82.09052,29.18666]},"properties":{"kind":"court","sport":"tennis","lit":"yes","p_lit":1.0,"fixtures":6.0,"name":null,"county":"12083"}},{"type":"Feature","geometry":{"type":"Point","coordinates":[-82.09028,29.18633]},"properties":{"kind":"court","sport":"tennis","lit":"yes","p_lit":1.0,"fixtures":6.0,"name":null,"county":"12083"}},{"type":"Feature","geometry":{"type":"Point","coordinates":[-82.09013,29.18633]},"properties":{"kind":"court","sport":"tennis","lit":"yes","p_lit":1.0,"fixtures":6.0,"name":null,"county":"12083"}},{"type":"Feature","geometry":{"type":"Point","coordinates":[-82.09028,29.18666]},"properties":{"kind":"court","sport":"tennis","lit":"yes","p_lit":1.0,"fixtures":6.0,"name":null,"county":"12083"}},{"type":"Feature","geometry":{"type":"Point","coordinates":[-82.09013,29.18666]},"properties":{"kind":"court","sport":"tennis","lit":"yes","p_lit":1.0,"fixtures":6.0,"name":null,"county":"12083"}},{"type":"Feature","geometry":{"type":"Point","coordinates":[-82.08989,29.18666]},"properties":{"kind":"court","sport":"tennis","lit":"yes","p_lit":1.0,"fixtures":6.0,"name":null,"county":"12083"}},{"type":"Feature","geometry":{"type":"Point","coordinates":[-82.08974,29.18666]},"properties":{"kind":"court","sport":"tennis","lit":"yes","p_lit":1.0,"fixtures":6.0,"name":null,"county":"12083"}},{"type":"Feature","geometry":{"type":"Point","coordinates":[-82.06676,29.16993]},"properties":{"kind":"court","sport":"tennis","lit":"untagged","p_lit":0.5,"fixtures":3.0,"name":null,"county":"12083"}},{"type":"Feature","geometry":{"type":"Point","coordinates":[-82.08955,29.21731]},"properties":{"kind":"stadium","sport":"american_football","lit":"untagged","p_lit":1.0,"fixtures":60.0,"name":"Booster Stadium","county":"12083"}},{"type":"Feature","geometry":{"type":"Point","coordinates":[-82.18723,29.28264]},"properties":{"kind":"stadium","sport":"sprint_car","lit":"untagged","p_lit":1.0,"fixtures":60.0,"name":"Bubba Raceway Park","county":"12083"}},{"type":"Feature","geometry":{"type":"Point","coordinates":[-82.19686,29.30839]},"properties":{"kind":"court","sport":"multi","lit":"untagged","p_lit":0.5,"fixtures":3.0,"name":null,"county":"12083"}},{"type":"Feature","geometry":{"type":"Point","coordinates":[-82.17396,29.30704]},"properties":{"kind":"court","sport":"basketball","lit":"untagged","p_lit":0.5,"fixtures":3.0,"name":null,"county":"12083"}},{"type":"Feature","geometry":{"type":"Point","coordinates":[-82.17381,29.30698]},"properties":{"kind":"court","sport":"basketball","lit":"untagged","p_lit":0.5,"fixtures":3.0,"name":null,"county":"12083"}},{"type":"Feature","geometry":{"type":"Point","coordinates":[-82.17361,29.30782]},"properties":{"kind":"field","sport":"baseball","lit":"untagged","p_lit":0.5,"fixtures":10.0,"name":null,"county":"12083"}},{"type":"Feature","geometry":{"type":"Point","coordinates":[-82.17336,29.30728]},"properties":{"kind":"field","sport":"american_football","lit":"untagged","p_lit":0.5,"fixtures":10.0,"name":null,"county":"12083"}},{"type":"Feature","geometry":{"type":"Point","coordinates":[-82.11761,29.27792]},"properties":{"kind":"court","sport":"tennis","lit":"untagged","p_lit":0.5,"fixtures":3.0,"name":null,"county":"12083"}},{"type":"Feature","geometry":{"type":"Point","coordinates":[-82.16155,29.3315]},"properties":{"kind":"court","sport":"basketball","lit":"untagged","p_lit":0.5,"fixtures":3.0,"name":null,"county":"12083"}},{"type":"Feature","geometry":{"type":"Point","coordinates":[-82.16154,29.33134]},"properties":{"kind":"court","sport":"basketball","lit":"untagged","p_lit":0.5,"fixtures":3.0,"name":null,"county":"12083"}},{"type":"Feature","geometry":{"type":"Point","coordinates":[-82.20057,29.36908]},"properties":{"kind":"court","sport":"basketball","lit":"untagged","p_lit":0.5,"fixtures":3.0,"name":null,"county":"12083"}},{"type":"Feature","geometry":{"type":"Point","coordinates":[-82.20056,29.36933]},"properties":{"kind":"court","sport":"basketball","lit":"untagged","p_lit":0.5,"fixtures":3.0,"name":null,"county":"12083"}},{"type":"Feature","geometry":{"type":"Point","coordinates":[-82.19964,29.36917]},"properties":{"kind":"field","sport":"baseball","lit":"untagged","p_lit":0.5,"fixtures":10.0,"name":null,"county":"12083"}},{"type":"Feature","geometry":{"type":"Point","coordinates":[-82.19799,29.3673]},"properties":{"kind":"court","sport":"tennis","lit":"untagged","p_lit":0.5,"fixtures":3.0,"name":null,"county":"12083"}},{"type":"Feature","geometry":{"type":"Point","coordinates":[-82.19784,29.3673]},"properties":{"kind":"court","sport":"tennis","lit":"untagged","p_lit":0.5,"fixtures":3.0,"name":null,"county":"12083"}},{"type":"Feature","geometry":{"type":"Point","coordinates":[-82.14303,29.33898]},"properties":{"kind":"field","sport":"baseball","lit":"untagged","p_lit":0.5,"fixtures":10.0,"name":null,"county":"12083"}},{"type":"Feature","geometry":{"type":"Point","coordinates":[-82.1424,29.33986]},"properties":{"kind":"field","sport":"baseball","lit":"untagged","p_lit":0.5,"fixtures":10.0,"name":null,"county":"12083"}},{"type":"Feature","geometry":{"type":"Point","coordinates":[-82.13346,29.36894]},"properties":{"kind":"field","sport":"baseball","lit":"untagged","p_lit":0.5,"fixtures":10.0,"name":null,"county":"12083"}},{"type":"Feature","geometry":{"type":"Point","coordinates":[-82.13227,29.36893]},"properties":{"kind":"field","sport":"baseball","lit":"untagged","p_lit":0.5,"fixtures":10.0,"name":null,"county":"12083"}},{"type":"Feature","geometry":{"type":"Point","coordinates":[-82.1333,29.37003]},"properties":{"kind":"field","sport":"american_football","lit":"untagged","p_lit":0.5,"fixtures":10.0,"name":null,"county":"12083"}},{"type":"Feature","geometry":{"type":"Point","coordinates":[-82.13236,29.37004]},"properties":{"kind":"field","sport":"soccer","lit":"untagged","p_lit":0.5,"fixtures":10.0,"name":null,"county":"12083"}},{"type":"Feature","geometry":{"type":"Point","coordinates":[-82.1317,29.37167]},"properties":{"kind":"field","sport":"baseball","lit":"untagged","p_lit":0.5,"fixtures":10.0,"name":null,"county":"12083"}},{"type":"Feature","geometry":{"type":"Point","coordinates":[-82.13036,29.37137]},"properties":{"kind":"field","sport":"softball","lit":"untagged","p_lit":0.5,"fixtures":10.0,"name":null,"county":"12083"}},{"type":"Feature","geometry":{"type":"Point","coordinates":[-82.13088,29.37135]},"properties":{"kind":"field","sport":"softball","lit":"untagged","p_lit":0.5,"fixtures":10.0,"name":null,"county":"12083"}},{"type":"Feature","geometry":{"type":"Point","coordinates":[-82.13069,29.37079]},"properties":{"kind":"field","sport":"baseball","lit":"untagged","p_lit":0.5,"fixtures":10.0,"name":null,"county":"12083"}},{"type":"Feature","geometry":{"type":"Point","coordinates":[-82.13162,29.37072]},"properties":{"kind":"field","sport":"baseball","lit":"untagged","p_lit":0.5,"fixtures":10.0,"name":null,"county":"12083"}},{"type":"Feature","geometry":{"type":"Point","coordinates":[-81.78417,29.34608]},"properties":{"kind":"court","sport":"tennis","lit":"untagged","p_lit":0.5,"fixtures":3.0,"name":null,"county":"12083"}},{"type":"Feature","geometry":{"type":"Point","coordinates":[-81.73945,29.35613]},"properties":{"kind":"court","sport":"pickleball","lit":"untagged","p_lit":0.5,"fixtures":3.0,"name":null,"county":"12083"}},{"type":"Feature","geometry":{"type":"Point","coordinates":[-81.73948,29.3562]},"properties":{"kind":"court","sport":"pickleball","lit":"untagged","p_lit":0.5,"fixtures":3.0,"name":null,"county":"12083"}},{"type":"Feature","geometry":{"type":"Point","coordinates":[-81.73942,29.35605]},"properties":{"kind":"court","sport":"pickleball","lit":"untagged","p_lit":0.5,"fixtures":3.0,"name":null,"county":"12083"}},{"type":"Feature","geometry":{"type":"Point","coordinates":[-81.73938,29.35598]},"properties":{"kind":"court","sport":"pickleball","lit":"untagged","p_lit":0.5,"fixtures":3.0,"name":null,"county":"12083"}},{"type":"Feature","geometry":{"type":"Point","coordinates":[-81.74113,29.36625]},"properties":{"kind":"court","sport":"tennis","lit":"untagged","p_lit":0.5,"fixtures":3.0,"name":null,"county":"12083"}},{"type":"Feature","geometry":{"type":"Point","coordinates":[-81.74106,29.366]},"properties":{"kind":"court","sport":"basketball","lit":"untagged","p_lit":0.5,"fixtures":3.0,"name":null,"county":"12083"}},{"type":"Feature","geometry":{"type":"Point","coordinates":[-81.73442,29.35764]},"properties":{"kind":"court","sport":"basketball","lit":"untagged","p_lit":0.5,"fixtures":3.0,"name":null,"county":"12083"}},{"type":"Feature","geometry":{"type":"Point","coordinates":[-82.1652,29.40809]},"properties":{"kind":"field","sport":"baseball","lit":"untagged","p_lit":0.5,"fixtures":10.0,"name":null,"county":"12083"}},{"type":"Feature","geometry":{"type":"Point","coordinates":[-82.12805,29.37769]},"properties":{"kind":"court","sport":"tennis","lit":"untagged","p_lit":0.5,"fixtures":3.0,"name":null,"county":"12083"}},{"type":"Feature","geometry":{"type":"Point","coordinates":[-82.12738,29.37775]},"properties":{"kind":"field","sport":"baseball","lit":"untagged","p_lit":0.5,"fixtures":10.0,"name":null,"county":"12083"}},{"type":"Feature","geometry":{"type":"Point","coordinates":[-81.95837,29.5164]},"properties":{"kind":"court","sport":"tennis","lit":"untagged","p_lit":0.5,"fixtures":3.0,"name":null,"county":"12107"}},{"type":"Feature","geometry":{"type":"Point","coordinates":[-81.95822,29.51641]},"properties":{"kind":"court","sport":"tennis","lit":"untagged","p_lit":0.5,"fixtures":3.0,"name":null,"county":"12107"}},{"type":"Feature","geometry":{"type":"Point","coordinates":[-81.95807,29.51643]},"properties":{"kind":"court","sport":"tennis","lit":"untagged","p_lit":0.5,"fixtures":3.0,"name":null,"county":"12107"}},{"type":"Feature","geometry":{"type":"Point","coordinates":[-81.95792,29.51644]},"properties":{"kind":"court","sport":"tennis","lit":"untagged","p_lit":0.5,"fixtures":3.0,"name":null,"county":"12107"}},{"type":"Feature","geometry":{"type":"Point","coordinates":[-81.95911,29.51693]},"properties":{"kind":"court","sport":"basketball","lit":"untagged","p_lit":0.5,"fixtures":3.0,"name":null,"county":"12107"}},{"type":"Feature","geometry":{"type":"Point","coordinates":[-82.16921,29.79265]},"properties":{"kind":"field","sport":"baseball","lit":"untagged","p_lit":0.5,"fixtures":10.0,"name":null,"county":"12001"}},{"type":"Feature","geometry":{"type":"Point","coordinates":[-82.16808,29.78979]},"properties":{"kind":"court","sport":"basketball","lit":"untagged","p_lit":0.5,"fixtures":3.0,"name":null,"county":"12001"}},{"type":"Feature","geometry":{"type":"Point","coordinates":[-82.03994,29.70959]},"properties":{"kind":"field","sport":"baseball","lit":"untagged","p_lit":0.5,"fixtures":10.0,"name":null,"county":"12107"}},{"type":"Feature","geometry":{"type":"Point","coordinates":[-82.03994,29.70885]},"properties":{"kind":"field","sport":"baseball","lit":"untagged","p_lit":0.5,"fixtures":10.0,"name":null,"county":"12107"}},{"type":"Feature","geometry":{"type":"Point","coordinates":[-82.04066,29.70716]},"properties":{"kind":"field","sport":"baseball","lit":"untagged","p_lit":0.5,"fixtures":10.0,"name":null,"county":"12107"}},{"type":"Feature","geometry":{"type":"Point","coordinates":[-82.05375,29.77398]},"properties":{"kind":"court","sport":"basketball","lit":"untagged","p_lit":0.5,"fixtures":3.0,"name":null,"county":"12007"}},{"type":"Feature","geometry":{"type":"Point","coordinates":[-82.04136,29.77997]},"properties":{"kind":"court","sport":"tennis","lit":"untagged","p_lit":0.5,"fixtures":3.0,"name":null,"county":"12019"}},{"type":"Feature","geometry":{"type":"Point","coordinates":[-82.04122,29.77989]},"properties":{"kind":"court","sport":"tennis","lit":"untagged","p_lit":0.5,"fixtures":3.0,"name":null,"county":"12019"}},{"type":"Feature","geometry":{"type":"Point","coordinates":[-82.04109,29.7798]},"properties":{"kind":"court","sport":"tennis","lit":"untagged","p_lit":0.5,"fixtures":3.0,"name":null,"county":"12019"}},{"type":"Feature","geometry":{"type":"Point","coordinates":[-82.02993,29.78078]},"properties":{"kind":"court","sport":"tennis","lit":"untagged","p_lit":0.5,"fixtures":3.0,"name":null,"county":"12019"}},{"type":"Feature","geometry":{"type":"Point","coordinates":[-82.02979,29.78082]},"properties":{"kind":"court","sport":"tennis","lit":"untagged","p_lit":0.5,"fixtures":3.0,"name":null,"county":"12019"}},{"type":"Feature","geometry":{"type":"Point","coordinates":[-82.02961,29.78087]},"properties":{"kind":"court","sport":"basketball","lit":"untagged","p_lit":0.5,"fixtures":3.0,"name":null,"county":"12019"}},{"type":"Feature","geometry":{"type":"Point","coordinates":[-81.98156,29.65535]},"properties":{"kind":"court","sport":"basketball","lit":"untagged","p_lit":0.5,"fixtures":3.0,"name":null,"county":"12107"}},{"type":"Feature","geometry":{"type":"Point","coordinates":[-81.89497,29.65444]},"properties":{"kind":"field","sport":"baseball","lit":"untagged","p_lit":0.5,"fixtures":10.0,"name":null,"county":"12107"}},{"type":"Feature","geometry":{"type":"Point","coordinates":[-81.89493,29.65353]},"properties":{"kind":"field","sport":"baseball","lit":"untagged","p_lit":0.5,"fixtures":10.0,"name":null,"county":"12107"}},{"type":"Feature","geometry":{"type":"Point","coordinates":[-81.89409,29.65435]},"properties":{"kind":"field","sport":"baseball","lit":"untagged","p_lit":0.5,"fixtures":10.0,"name":null,"county":"12107"}},{"type":"Feature","geometry":{"type":"Point","coordinates":[-81.8941,29.65353]},"properties":{"kind":"field","sport":"baseball","lit":"untagged","p_lit":0.5,"fixtures":10.0,"name":null,"county":"12107"}},{"type":"Feature","geometry":{"type":"Point","coordinates":[-81.89092,29.62343]},"properties":{"kind":"court","sport":"tennis","lit":"untagged","p_lit":0.5,"fixtures":3.0,"name":null,"county":"12107"}},{"type":"Feature","geometry":{"type":"Point","coordinates":[-81.89178,29.62361]},"properties":{"kind":"field","sport":"baseball","lit":"untagged","p_lit":0.5,"fixtures":10.0,"name":null,"county":"12107"}},{"type":"Feature","geometry":{"type":"Point","coordinates":[-81.99318,29.76255]},"properties":{"kind":"field","sport":"baseball","lit":"untagged","p_lit":0.5,"fixtures":10.0,"name":null,"county":"12019"}},{"type":"Feature","geometry":{"type":"Point","coordinates":[-81.99198,29.76371]},"properties":{"kind":"court","sport":"tennis","lit":"untagged","p_lit":0.5,"fixtures":3.0,"name":null,"county":"12019"}},{"type":"Feature","geometry":{"type":"Point","coordinates":[-81.99183,29.76372]},"properties":{"kind":"court","sport":"tennis","lit":"untagged","p_lit":0.5,"fixtures":3.0,"name":null,"county":"12019"}},{"type":"Feature","geometry":{"type":"Point","coordinates":[-81.95855,29.74675]},"properties":{"kind":"court","sport":"basketball","lit":"untagged","p_lit":0.5,"fixtures":3.0,"name":null,"county":"12019"}},{"type":"Feature","geometry":{"type":"Point","coordinates":[-81.84867,29.72545]},"properties":{"kind":"court","sport":"basketball","lit":"untagged","p_lit":0.5,"fixtures":3.0,"name":null,"county":"12107"}},{"type":"Feature","geometry":{"type":"Point","coordinates":[-81.84847,29.72545]},"properties":{"kind":"court","sport":"basketball","lit":"untagged","p_lit":0.5,"fixtures":3.0,"name":null,"county":"12107"}},{"type":"Feature","geometry":{"type":"Point","coordinates":[-81.84861,29.72511]},"properties":{"kind":"court","sport":"tennis","lit":"untagged","p_lit":0.5,"fixtures":3.0,"name":null,"county":"12107"}},{"type":"Feature","geometry":{"type":"Point","coordinates":[-81.84846,29.72511]},"properties":{"kind":"court","sport":"tennis","lit":"untagged","p_lit":0.5,"fixtures":3.0,"name":null,"county":"12107"}},{"type":"Feature","geometry":{"type":"Point","coordinates":[-81.8471,29.72445]},"properties":{"kind":"field","sport":"baseball","lit":"untagged","p_lit":0.5,"fixtures":10.0,"name":null,"county":"12107"}},{"type":"Feature","geometry":{"type":"Point","coordinates":[-81.61171,29.49846]},"properties":{"kind":"field","sport":"baseball","lit":"untagged","p_lit":0.5,"fixtures":10.0,"name":null,"county":"12107"}},{"type":"Feature","geometry":{"type":"Point","coordinates":[-81.61151,29.49885]},"properties":{"kind":"field","sport":"baseball","lit":"untagged","p_lit":0.5,"fixtures":10.0,"name":null,"county":"12107"}},{"type":"Feature","geometry":{"type":"Point","coordinates":[-81.61178,29.49962]},"properties":{"kind":"field","sport":"baseball","lit":"untagged","p_lit":0.5,"fixtures":10.0,"name":null,"county":"12107"}},{"type":"Feature","geometry":{"type":"Point","coordinates":[-81.51093,29.4279]},"properties":{"kind":"court","sport":"tennis","lit":"untagged","p_lit":0.5,"fixtures":3.0,"name":null,"county":"12107"}},{"type":"Feature","geometry":{"type":"Point","coordinates":[-81.51079,29.42798]},"properties":{"kind":"court","sport":"pickleball","lit":"untagged","p_lit":0.5,"fixtures":3.0,"name":null,"county":"12107"}},{"type":"Feature","geometry":{"type":"Point","coordinates":[-81.51079,29.42783]},"properties":{"kind":"court","sport":"pickleball","lit":"untagged","p_lit":0.5,"fixtures":3.0,"name":null,"county":"12107"}},{"type":"Feature","geometry":{"type":"Point","coordinates":[-81.51589,29.44218]},"properties":{"kind":"field","sport":"baseball","lit":"untagged","p_lit":0.5,"fixtures":10.0,"name":null,"county":"12107"}},{"type":"Feature","geometry":{"type":"Point","coordinates":[-81.51719,29.44238]},"properties":{"kind":"court","sport":"basketball","lit":"untagged","p_lit":0.5,"fixtures":3.0,"name":null,"county":"12107"}},{"type":"Feature","geometry":{"type":"Point","coordinates":[-81.70994,29.64698]},"properties":{"kind":"field","sport":"baseball","lit":"untagged","p_lit":0.5,"fixtures":10.0,"name":null,"county":"12107"}},{"type":"Feature","geometry":{"type":"Point","coordinates":[-81.70993,29.64624]},"properties":{"kind":"field","sport":"baseball","lit":"untagged","p_lit":0.5,"fixtures":10.0,"name":null,"county":"12107"}},{"type":"Feature","geometry":{"type":"Point","coordinates":[-81.70909,29.64699]},"properties":{"kind":"field","sport":"baseball","lit":"untagged","p_lit":0.5,"fixtures":10.0,"name":null,"county":"12107"}},{"type":"Feature","geometry":{"type":"Point","coordinates":[-81.70907,29.64624]},"properties":{"kind":"field","sport":"baseball","lit":"untagged","p_lit":0.5,"fixtures":10.0,"name":null,"county":"12107"}},{"type":"Feature","geometry":{"type":"Point","coordinates":[-81.7079,29.64712]},"properties":{"kind":"field","sport":"baseball","lit":"untagged","p_lit":0.5,"fixtures":10.0,"name":null,"county":"12107"}},{"type":"Feature","geometry":{"type":"Point","coordinates":[-81.70789,29.64606]},"properties":{"kind":"field","sport":"baseball","lit":"untagged","p_lit":0.5,"fixtures":10.0,"name":null,"county":"12107"}},{"type":"Feature","geometry":{"type":"Point","coordinates":[-81.64696,29.63882]},"properties":{"kind":"stadium","sport":"american_football","lit":"untagged","p_lit":1.0,"fixtures":60.0,"name":null,"county":"12107"}},{"type":"Feature","geometry":{"type":"Point","coordinates":[-81.64753,29.63661]},"properties":{"kind":"field","sport":"baseball","lit":"untagged","p_lit":0.5,"fixtures":10.0,"name":null,"county":"12107"}},{"type":"Feature","geometry":{"type":"Point","coordinates":[-81.64903,29.63658]},"properties":{"kind":"field","sport":"baseball","lit":"untagged","p_lit":0.5,"fixtures":10.0,"name":null,"county":"12107"}},{"type":"Feature","geometry":{"type":"Point","coordinates":[-81.58426,29.60183]},"properties":{"kind":"field","sport":"baseball","lit":"untagged","p_lit":0.5,"fixtures":10.0,"name":null,"county":"12107"}},{"type":"Feature","geometry":{"type":"Point","coordinates":[-81.68245,29.64506]},"properties":{"kind":"field","sport":"baseball","lit":"untagged","p_lit":0.5,"fixtures":10.0,"name":null,"county":"12107"}},{"type":"Feature","geometry":{"type":"Point","coordinates":[-81.68123,29.64585]},"properties":{"kind":"field","sport":"baseball","lit":"untagged","p_lit":0.5,"fixtures":10.0,"name":null,"county":"12107"}},{"type":"Feature","geometry":{"type":"Point","coordinates":[-81.66864,29.64234]},"properties":{"kind":"field","sport":"baseball","lit":"untagged","p_lit":0.5,"fixtures":10.0,"name":null,"county":"12107"}},{"type":"Feature","geometry":{"type":"Point","coordinates":[-81.66796,29.64383]},"properties":{"kind":"court","sport":"tennis","lit":"yes","p_lit":1.0,"fixtures":6.0,"name":null,"county":"12107"}},{"type":"Feature","geometry":{"type":"Point","coordinates":[-81.66781,29.64384]},"properties":{"kind":"court","sport":"tennis","lit":"yes","p_lit":1.0,"fixtures":6.0,"name":null,"county":"12107"}},{"type":"Feature","geometry":{"type":"Point","coordinates":[-81.66811,29.64383]},"properties":{"kind":"court","sport":"tennis","lit":"yes","p_lit":1.0,"fixtures":6.0,"name":null,"county":"12107"}},{"type":"Feature","geometry":{"type":"Point","coordinates":[-81.66827,29.64383]},"properties":{"kind":"court","sport":"tennis","lit":"yes","p_lit":1.0,"fixtures":6.0,"name":null,"county":"12107"}},{"type":"Feature","geometry":{"type":"Point","coordinates":[-81.66826,29.6435]},"properties":{"kind":"court","sport":"tennis","lit":"yes","p_lit":1.0,"fixtures":6.0,"name":null,"county":"12107"}},{"type":"Feature","geometry":{"type":"Point","coordinates":[-81.66811,29.6435]},"properties":{"kind":"court","sport":"tennis","lit":"yes","p_lit":1.0,"fixtures":6.0,"name":null,"county":"12107"}},{"type":"Feature","geometry":{"type":"Point","coordinates":[-81.66796,29.64351]},"properties":{"kind":"court","sport":"tennis","lit":"yes","p_lit":1.0,"fixtures":6.0,"name":null,"county":"12107"}},{"type":"Feature","geometry":{"type":"Point","coordinates":[-81.6678,29.64351]},"properties":{"kind":"court","sport":"tennis","lit":"yes","p_lit":1.0,"fixtures":6.0,"name":null,"county":"12107"}},{"type":"Feature","geometry":{"type":"Point","coordinates":[-81.66797,29.64392]},"properties":{"kind":"court","sport":"pickleball","lit":"yes","p_lit":1.0,"fixtures":6.0,"name":null,"county":"12107"}},{"type":"Feature","geometry":{"type":"Point","coordinates":[-81.66781,29.64392]},"properties":{"kind":"court","sport":"pickleball","lit":"yes","p_lit":1.0,"fixtures":6.0,"name":null,"county":"12107"}},{"type":"Feature","geometry":{"type":"Point","coordinates":[-81.66781,29.64376]},"properties":{"kind":"court","sport":"pickleball","lit":"yes","p_lit":1.0,"fixtures":6.0,"name":null,"county":"12107"}},{"type":"Feature","geometry":{"type":"Point","coordinates":[-81.66796,29.64375]},"properties":{"kind":"court","sport":"pickleball","lit":"yes","p_lit":1.0,"fixtures":6.0,"name":null,"county":"12107"}},{"type":"Feature","geometry":{"type":"Point","coordinates":[-81.66812,29.64392]},"properties":{"kind":"court","sport":"pickleball","lit":"yes","p_lit":1.0,"fixtures":6.0,"name":null,"county":"12107"}},{"type":"Feature","geometry":{"type":"Point","coordinates":[-81.66811,29.64375]},"properties":{"kind":"court","sport":"pickleball","lit":"yes","p_lit":1.0,"fixtures":6.0,"name":null,"county":"12107"}},{"type":"Feature","geometry":{"type":"Point","coordinates":[-81.66826,29.64375]},"properties":{"kind":"court","sport":"pickleball","lit":"yes","p_lit":1.0,"fixtures":6.0,"name":null,"county":"12107"}},{"type":"Feature","geometry":{"type":"Point","coordinates":[-81.66827,29.64391]},"properties":{"kind":"court","sport":"pickleball","lit":"yes","p_lit":1.0,"fixtures":6.0,"name":null,"county":"12107"}},{"type":"Feature","geometry":{"type":"Point","coordinates":[-81.66826,29.64342]},"properties":{"kind":"court","sport":"pickleball","lit":"yes","p_lit":1.0,"fixtures":6.0,"name":null,"county":"12107"}},{"type":"Feature","geometry":{"type":"Point","coordinates":[-81.66811,29.64342]},"properties":{"kind":"court","sport":"pickleball","lit":"yes","p_lit":1.0,"fixtures":6.0,"name":null,"county":"12107"}},{"type":"Feature","geometry":{"type":"Point","coordinates":[-81.66811,29.64358]},"properties":{"kind":"court","sport":"pickleball","lit":"yes","p_lit":1.0,"fixtures":6.0,"name":null,"county":"12107"}},{"type":"Feature","geometry":{"type":"Point","coordinates":[-81.66826,29.64358]},"properties":{"kind":"court","sport":"pickleball","lit":"yes","p_lit":1.0,"fixtures":6.0,"name":null,"county":"12107"}},{"type":"Feature","geometry":{"type":"Point","coordinates":[-81.66796,29.64359]},"properties":{"kind":"court","sport":"pickleball","lit":"yes","p_lit":1.0,"fixtures":6.0,"name":null,"county":"12107"}},{"type":"Feature","geometry":{"type":"Point","coordinates":[-81.66781,29.64359]},"properties":{"kind":"court","sport":"pickleball","lit":"yes","p_lit":1.0,"fixtures":6.0,"name":null,"county":"12107"}},{"type":"Feature","geometry":{"type":"Point","coordinates":[-81.6678,29.64342]},"properties":{"kind":"court","sport":"pickleball","lit":"yes","p_lit":1.0,"fixtures":6.0,"name":null,"county":"12107"}},{"type":"Feature","geometry":{"type":"Point","coordinates":[-81.66795,29.64342]},"properties":{"kind":"court","sport":"pickleball","lit":"yes","p_lit":1.0,"fixtures":6.0,"name":null,"county":"12107"}},{"type":"Feature","geometry":{"type":"Point","coordinates":[-81.65634,29.65036]},"properties":{"kind":"field","sport":"baseball","lit":"untagged","p_lit":0.5,"fixtures":10.0,"name":null,"county":"12107"}},{"type":"Feature","geometry":{"type":"Point","coordinates":[-81.6374,29.64597]},"properties":{"kind":"field","sport":"baseball","lit":"untagged","p_lit":0.5,"fixtures":10.0,"name":null,"county":"12107"}},{"type":"Feature","geometry":{"type":"Point","coordinates":[-81.6368,29.65509]},"properties":{"kind":"field","sport":"baseball","lit":"untagged","p_lit":0.5,"fixtures":10.0,"name":null,"county":"12107"}},{"type":"Feature","geometry":{"type":"Point","coordinates":[-81.66135,29.66549]},"properties":{"kind":"field","sport":"baseball","lit":"untagged","p_lit":0.5,"fixtures":10.0,"name":null,"county":"12107"}},{"type":"Feature","geometry":{"type":"Point","coordinates":[-81.6597,29.66591]},"properties":{"kind":"field","sport":"baseball","lit":"yes","p_lit":1.0,"fixtures":20.0,"name":null,"county":"12107"}},{"type":"Feature","geometry":{"type":"Point","coordinates":[-81.65899,29.66655]},"properties":{"kind":"field","sport":"baseball","lit":"yes","p_lit":1.0,"fixtures":20.0,"name":null,"county":"12107"}},{"type":"Feature","geometry":{"type":"Point","coordinates":[-81.65825,29.66594]},"properties":{"kind":"field","sport":"baseball","lit":"yes","p_lit":1.0,"fixtures":20.0,"name":null,"county":"12107"}},{"type":"Feature","geometry":{"type":"Point","coordinates":[-81.65712,29.66531]},"properties":{"kind":"court","sport":"tennis","lit":"untagged","p_lit":0.5,"fixtures":3.0,"name":null,"county":"12107"}},{"type":"Feature","geometry":{"type":"Point","coordinates":[-81.65697,29.66532]},"properties":{"kind":"court","sport":"tennis","lit":"untagged","p_lit":0.5,"fixtures":3.0,"name":null,"county":"12107"}},{"type":"Feature","geometry":{"type":"Point","coordinates":[-81.65682,29.66532]},"properties":{"kind":"court","sport":"tennis","lit":"untagged","p_lit":0.5,"fixtures":3.0,"name":null,"county":"12107"}},{"type":"Feature","geometry":{"type":"Point","coordinates":[-81.65713,29.66661]},"properties":{"kind":"field","sport":"soccer","lit":"untagged","p_lit":0.5,"fixtures":10.0,"name":null,"county":"12107"}},{"type":"Feature","geometry":{"type":"Point","coordinates":[-81.55074,29.71418]},"properties":{"kind":"court","sport":"tennis","lit":"untagged","p_lit":0.5,"fixtures":3.0,"name":null,"county":"12107"}},{"type":"Feature","geometry":{"type":"Point","coordinates":[-82.71475,29.81676]},"properties":{"kind":"field","sport":"baseball","lit":"untagged","p_lit":0.5,"fixtures":10.0,"name":null,"county":"12041"}},{"type":"Feature","geometry":{"type":"Point","coordinates":[-82.60943,29.83304]},"properties":{"kind":"court","sport":"basketball","lit":"untagged","p_lit":0.5,"fixtures":3.0,"name":null,"county":"12001"}},{"type":"Feature","geometry":{"type":"Point","coordinates":[-82.59598,29.83383]},"properties":{"kind":"field","sport":"baseball","lit":"yes","p_lit":1.0,"fixtures":20.0,"name":null,"county":"12001"}},{"type":"Feature","geometry":{"type":"Point","coordinates":[-82.59673,29.83348]},"properties":{"kind":"field","sport":"soccer","lit":"untagged","p_lit":0.5,"fixtures":10.0,"name":null,"county":"12001"}},{"type":"Feature","geometry":{"type":"Point","coordinates":[-82.59725,29.83339]},"properties":{"kind":"field","sport":"soccer","lit":"untagged","p_lit":0.5,"fixtures":10.0,"name":null,"county":"12001"}},{"type":"Feature","geometry":{"type":"Point","coordinates":[-82.59761,29.83392]},"properties":{"kind":"field","sport":"soccer","lit":"yes","p_lit":1.0,"fixtures":20.0,"name":null,"county":"12001"}},{"type":"Feature","geometry":{"type":"Point","coordinates":[-82.59666,29.83283]},"properties":{"kind":"field","sport":"baseball","lit":"untagged","p_lit":0.5,"fixtures":10.0,"name":null,"county":"12001"}},{"type":"Feature","geometry":{"type":"Point","coordinates":[-82.5969,29.83417]},"properties":{"kind":"court","sport":"basketball","lit":"untagged","p_lit":0.5,"fixtures":3.0,"name":null,"county":"12001"}},{"type":"Feature","geometry":{"type":"Point","coordinates":[-82.59689,29.83444]},"properties":{"kind":"court","sport":"tennis","lit":"yes","p_lit":1.0,"fixtures":6.0,"name":null,"county":"12001"}},{"type":"Feature","geometry":{"type":"Point","coordinates":[-82.59673,29.83436]},"properties":{"kind":"court","sport":"tennis","lit":"yes","p_lit":1.0,"fixtures":6.0,"name":null,"county":"12001"}},{"type":"Feature","geometry":{"type":"Point","coordinates":[-82.59655,29.83432]},"properties":{"kind":"court","sport":"basketball","lit":"yes","p_lit":1.0,"fixtures":6.0,"name":null,"county":"12001"}},{"type":"Feature","geometry":{"type":"Point","coordinates":[-82.52585,29.80607]},"properties":{"kind":"field","sport":"soccer","lit":"yes","p_lit":1.0,"fixtures":20.0,"name":null,"county":"12001"}},{"type":"Feature","geometry":{"type":"Point","coordinates":[-82.52512,29.80612]},"properties":{"kind":"court","sport":"tennis","lit":"untagged","p_lit":0.5,"fixtures":3.0,"name":null,"county":"12001"}},{"type":"Feature","geometry":{"type":"Point","coordinates":[-82.52496,29.80612]},"properties":{"kind":"court","sport":"tennis","lit":"untagged","p_lit":0.5,"fixtures":3.0,"name":null,"county":"12001"}},{"type":"Feature","geometry":{"type":"Point","coordinates":[-82.5248,29.80612]},"properties":{"kind":"court","sport":"tennis","lit":"untagged","p_lit":0.5,"fixtures":3.0,"name":null,"county":"12001"}},{"type":"Feature","geometry":{"type":"Point","coordinates":[-82.52352,29.80473]},"properties":{"kind":"field","sport":"baseball","lit":"untagged","p_lit":0.5,"fixtures":10.0,"name":null,"county":"12001"}},{"type":"Feature","geometry":{"type":"Point","coordinates":[-82.52493,29.80456]},"properties":{"kind":"field","sport":"baseball","lit":"untagged","p_lit":0.5,"fixtures":10.0,"name":null,"county":"12001"}},{"type":"Feature","geometry":{"type":"Point","coordinates":[-82.52484,29.80547]},"properties":{"kind":"field","sport":"american_football","lit":"untagged","p_lit":0.5,"fixtures":10.0,"name":null,"county":"12001"}},{"type":"Feature","geometry":{"type":"Point","coordinates":[-82.5259,29.80483]},"properties":{"kind":"field","sport":"american_football","lit":"untagged","p_lit":0.5,"fixtures":10.0,"name":null,"county":"12001"}},{"type":"Feature","geometry":{"type":"Point","coordinates":[-82.59045,29.8515]},"properties":{"kind":"court","sport":"basketball","lit":"untagged","p_lit":0.5,"fixtures":3.0,"name":null,"county":"12001"}},{"type":"Feature","geometry":{"type":"Point","coordinates":[-82.59161,29.84952]},"properties":{"kind":"field","sport":"baseball","lit":"untagged","p_lit":0.5,"fixtures":10.0,"name":null,"county":"12001"}},{"type":"Feature","geometry":{"type":"Point","coordinates":[-82.59068,29.85156]},"properties":{"kind":"court","sport":"basketball","lit":"untagged","p_lit":0.5,"fixtures":3.0,"name":null,"county":"12001"}},{"type":"Feature","geometry":{"type":"Point","coordinates":[-82.48684,29.79704]},"properties":{"kind":"court","sport":"basketball","lit":"untagged","p_lit":0.5,"fixtures":3.0,"name":null,"county":"12001"}},{"type":"Feature","geometry":{"type":"Point","coordinates":[-82.45364,29.88724]},"properties":{"kind":"court","sport":"basketball","lit":"untagged","p_lit":0.5,"fixtures":3.0,"name":null,"county":"12001"}},{"type":"Feature","geometry":{"type":"Point","coordinates":[-82.42348,29.92859]},"properties":{"kind":"court","sport":"tennis","lit":"untagged","p_lit":0.5,"fixtures":3.0,"name":null,"county":"12125"}},{"type":"Feature","geometry":{"type":"Point","coordinates":[-82.42332,29.92908]},"properties":{"kind":"field","sport":"baseball","lit":"untagged","p_lit":0.5,"fixtures":10.0,"name":null,"county":"12125"}},{"type":"Feature","geometry":{"type":"Point","coordinates":[-82.44315,29.95598]},"properties":{"kind":"field","sport":"baseball","lit":"untagged","p_lit":0.5,"fixtures":10.0,"name":null,"county":"12125"}},{"type":"Feature","geometry":{"type":"Point","coordinates":[-82.40432,29.84294]},"properties":{"kind":"court","sport":"basketball","lit":"untagged","p_lit":0.5,"fixtures":3.0,"name":null,"county":"12001"}},{"type":"Feature","geometry":{"type":"Point","coordinates":[-82.40418,29.84281]},"properties":{"kind":"court","sport":"tennis","lit":"untagged","p_lit":0.5,"fixtures":3.0,"name":null,"county":"12001"}},{"type":"Feature","geometry":{"type":"Point","coordinates":[-82.3334,29.82917]},"properties":{"kind":"field","sport":"baseball","lit":"untagged","p_lit":0.5,"fixtures":10.0,"name":null,"county":"12001"}},{"type":"Feature","geometry":{"type":"Point","coordinates":[-82.33267,29.82894]},"properties":{"kind":"court","sport":"basketball","lit":"untagged","p_lit":0.5,"fixtures":3.0,"name":null,"county":"12001"}},{"type":"Feature","geometry":{"type":"Point","coordinates":[-82.33639,29.88974]},"properties":{"kind":"court","sport":"tennis","lit":"untagged","p_lit":0.5,"fixtures":3.0,"name":null,"county":"12007"}},{"type":"Feature","geometry":{"type":"Point","coordinates":[-82.33592,29.88994]},"properties":{"kind":"field","sport":"baseball","lit":"untagged","p_lit":0.5,"fixtures":10.0,"name":null,"county":"12007"}},{"type":"Feature","geometry":{"type":"Point","coordinates":[-82.32872,29.8902]},"properties":{"kind":"field","sport":"baseball","lit":"untagged","p_lit":0.5,"fixtures":10.0,"name":null,"county":"12007"}},{"type":"Feature","geometry":{"type":"Point","coordinates":[-82.36743,29.99841]},"properties":{"kind":"field","sport":"baseball","lit":"untagged","p_lit":0.5,"fixtures":10.0,"name":null,"county":"12125"}},{"type":"Feature","geometry":{"type":"Point","coordinates":[-82.36858,29.99821]},"properties":{"kind":"field","sport":"baseball","lit":"untagged","p_lit":0.5,"fixtures":10.0,"name":null,"county":"12125"}},{"type":"Feature","geometry":{"type":"Point","coordinates":[-82.36729,29.99695]},"properties":{"kind":"field","sport":"baseball","lit":"untagged","p_lit":0.5,"fixtures":10.0,"name":null,"county":"12125"}},{"type":"Feature","geometry":{"type":"Point","coordinates":[-82.36628,29.99882]},"properties":{"kind":"field","sport":"baseball","lit":"untagged","p_lit":0.5,"fixtures":10.0,"name":null,"county":"12125"}},{"type":"Feature","geometry":{"type":"Point","coordinates":[-82.36718,29.9989]},"properties":{"kind":"field","sport":"baseball","lit":"untagged","p_lit":0.5,"fixtures":10.0,"name":null,"county":"12125"}},{"type":"Feature","geometry":{"type":"Point","coordinates":[-82.36957,29.99905]},"properties":{"kind":"field","sport":"baseball","lit":"untagged","p_lit":0.5,"fixtures":10.0,"name":null,"county":"12125"}},{"type":"Feature","geometry":{"type":"Point","coordinates":[-82.36834,29.99985]},"properties":{"kind":"field","sport":"baseball","lit":"untagged","p_lit":0.5,"fixtures":10.0,"name":null,"county":"12125"}},{"type":"Feature","geometry":{"type":"Point","coordinates":[-82.3674,29.99981]},"properties":{"kind":"field","sport":"baseball","lit":"untagged","p_lit":0.5,"fixtures":10.0,"name":null,"county":"12125"}},{"type":"Feature","geometry":{"type":"Point","coordinates":[-82.3663,29.99967]},"properties":{"kind":"field","sport":"baseball","lit":"untagged","p_lit":0.5,"fixtures":10.0,"name":null,"county":"12125"}},{"type":"Feature","geometry":{"type":"Point","coordinates":[-82.34101,30.01593]},"properties":{"kind":"field","sport":"baseball","lit":"untagged","p_lit":0.5,"fixtures":10.0,"name":null,"county":"12125"}},{"type":"Feature","geometry":{"type":"Point","coordinates":[-82.33458,30.01757]},"properties":{"kind":"field","sport":"baseball","lit":"untagged","p_lit":0.5,"fixtures":10.0,"name":null,"county":"12125"}},{"type":"Feature","geometry":{"type":"Point","coordinates":[-82.06768,29.83922]},"properties":{"kind":"court","sport":"basketball","lit":"untagged","p_lit":0.5,"fixtures":3.0,"name":null,"county":"12007"}},{"type":"Feature","geometry":{"type":"Point","coordinates":[-82.1813,29.90737]},"properties":{"kind":"field","sport":"baseball","lit":"untagged","p_lit":0.5,"fixtures":10.0,"name":null,"county":"12007"}},{"type":"Feature","geometry":{"type":"Point","coordinates":[-82.18048,29.90767]},"properties":{"kind":"court","sport":"basketball","lit":"untagged","p_lit":0.5,"fixtures":3.0,"name":null,"county":"12007"}},{"type":"Feature","geometry":{"type":"Point","coordinates":[-82.18055,29.90756]},"properties":{"kind":"court","sport":"basketball","lit":"untagged","p_lit":0.5,"fixtures":3.0,"name":null,"county":"12007"}},{"type":"Feature","geometry":{"type":"Point","coordinates":[-82.11766,29.92507]},"properties":{"kind":"court","sport":"basketball","lit":"untagged","p_lit":0.5,"fixtures":3.0,"name":null,"county":"12007"}},{"type":"Feature","geometry":{"type":"Point","coordinates":[-82.121,29.93787]},"properties":{"kind":"field","sport":"baseball","lit":"untagged","p_lit":0.5,"fixtures":10.0,"name":null,"county":"12007"}},{"type":"Feature","geometry":{"type":"Point","coordinates":[-82.12101,29.93688]},"properties":{"kind":"field","sport":"baseball","lit":"untagged","p_lit":0.5,"fixtures":10.0,"name":null,"county":"12007"}},{"type":"Feature","geometry":{"type":"Point","coordinates":[-82.11976,29.93786]},"properties":{"kind":"field","sport":"baseball","lit":"untagged","p_lit":0.5,"fixtures":10.0,"name":null,"county":"12007"}},{"type":"Feature","geometry":{"type":"Point","coordinates":[-82.11977,29.93687]},"properties":{"kind":"field","sport":"baseball","lit":"untagged","p_lit":0.5,"fixtures":10.0,"name":null,"county":"12007"}},{"type":"Feature","geometry":{"type":"Point","coordinates":[-82.11317,29.95048]},"properties":{"kind":"field","sport":"american_football","lit":"yes","p_lit":1.0,"fixtures":20.0,"name":null,"county":"12007"}},{"type":"Feature","geometry":{"type":"Point","coordinates":[-82.11221,29.95065]},"properties":{"kind":"court","sport":"tennis","lit":"untagged","p_lit":0.5,"fixtures":3.0,"name":null,"county":"12007"}},{"type":"Feature","geometry":{"type":"Point","coordinates":[-82.11208,29.95062]},"properties":{"kind":"court","sport":"tennis","lit":"untagged","p_lit":0.5,"fixtures":3.0,"name":null,"county":"12007"}},{"type":"Feature","geometry":{"type":"Point","coordinates":[-82.11194,29.95058]},"properties":{"kind":"court","sport":"tennis","lit":"untagged","p_lit":0.5,"fixtures":3.0,"name":null,"county":"12007"}},{"type":"Feature","geometry":{"type":"Point","coordinates":[-82.11181,29.95054]},"properties":{"kind":"court","sport":"tennis","lit":"untagged","p_lit":0.5,"fixtures":3.0,"name":null,"county":"12007"}},{"type":"Feature","geometry":{"type":"Point","coordinates":[-82.10137,29.94845]},"properties":{"kind":"field","sport":"baseball","lit":"untagged","p_lit":0.5,"fixtures":10.0,"name":null,"county":"12007"}},{"type":"Feature","geometry":{"type":"Point","coordinates":[-81.9957,29.81134]},"properties":{"kind":"court","sport":"tennis","lit":"untagged","p_lit":0.5,"fixtures":3.0,"name":null,"county":"12019"}},{"type":"Feature","geometry":{"type":"Point","coordinates":[-81.99549,29.81065]},"properties":{"kind":"court","sport":"basketball","lit":"untagged","p_lit":0.5,"fixtures":3.0,"name":null,"county":"12019"}},{"type":"Feature","geometry":{"type":"Point","coordinates":[-81.99561,29.81212]},"properties":{"kind":"field","sport":"american_football","lit":"untagged","p_lit":0.5,"fixtures":10.0,"name":null,"county":"12019"}},{"type":"Feature","geometry":{"type":"Point","coordinates":[-81.99656,29.81214]},"properties":{"kind":"field","sport":"american_football","lit":"untagged","p_lit":0.5,"fixtures":10.0,"name":null,"county":"12019"}},{"type":"Feature","geometry":{"type":"Point","coordinates":[-81.99444,29.81226]},"properties":{"kind":"field","sport":"baseball","lit":"untagged","p_lit":0.5,"fixtures":10.0,"name":null,"county":"12019"}},{"type":"Feature","geometry":{"type":"Point","coordinates":[-81.99439,29.80987]},"properties":{"kind":"field","sport":"baseball","lit":"untagged","p_lit":0.5,"fixtures":10.0,"name":null,"county":"12019"}},{"type":"Feature","geometry":{"type":"Point","coordinates":[-81.99337,29.80959]},"properties":{"kind":"field","sport":"baseball","lit":"untagged","p_lit":0.5,"fixtures":10.0,"name":null,"county":"12019"}},{"type":"Feature","geometry":{"type":"Point","coordinates":[-81.99336,29.81034]},"properties":{"kind":"field","sport":"baseball","lit":"untagged","p_lit":0.5,"fixtures":10.0,"name":null,"county":"12019"}},{"type":"Feature","geometry":{"type":"Point","coordinates":[-81.99477,29.81056]},"properties":{"kind":"field","sport":"baseball","lit":"untagged","p_lit":0.5,"fixtures":10.0,"name":null,"county":"12019"}},{"type":"Feature","geometry":{"type":"Point","coordinates":[-81.9942,29.8106]},"properties":{"kind":"field","sport":"baseball","lit":"untagged","p_lit":0.5,"fixtures":10.0,"name":null,"county":"12019"}},{"type":"Feature","geometry":{"type":"Point","coordinates":[-81.99326,29.8123]},"properties":{"kind":"field","sport":"baseball","lit":"untagged","p_lit":0.5,"fixtures":10.0,"name":null,"county":"12019"}},{"type":"Feature","geometry":{"type":"Point","coordinates":[-81.99326,29.81133]},"properties":{"kind":"field","sport":"baseball","lit":"untagged","p_lit":0.5,"fixtures":10.0,"name":null,"county":"12019"}},{"type":"Feature","geometry":{"type":"Point","coordinates":[-81.98854,29.97689]},"properties":{"kind":"field","sport":"baseball","lit":"untagged","p_lit":0.5,"fixtures":10.0,"name":null,"county":"12019"}},{"type":"Feature","geometry":{"type":"Point","coordinates":[-82.1861,30.05807]},"properties":{"kind":"court","sport":"multi","lit":"untagged","p_lit":0.5,"fixtures":3.0,"name":null,"county":"12007"}},{"type":"Feature","geometry":{"type":"Point","coordinates":[-82.18577,30.06057]},"properties":{"kind":"field","sport":"baseball","lit":"untagged","p_lit":0.5,"fixtures":10.0,"name":null,"county":"12007"}},{"type":"Feature","geometry":{"type":"Point","coordinates":[-82.18669,30.06036]},"properties":{"kind":"court","sport":"basketball","lit":"untagged","p_lit":0.5,"fixtures":3.0,"name":null,"county":"12007"}},{"type":"Feature","geometry":{"type":"Point","coordinates":[-82.1863,30.06091]},"properties":{"kind":"court","sport":"multi","lit":"untagged","p_lit":0.5,"fixtures":3.0,"name":null,"county":"12007"}},{"type":"Feature","geometry":{"type":"Point","coordinates":[-82.18653,30.05972]},"properties":{"kind":"court","sport":"multi","lit":"untagged","p_lit":0.5,"fixtures":3.0,"name":null,"county":"12007"}},{"type":"Feature","geometry":{"type":"Point","coordinates":[-82.18612,30.05937]},"properties":{"kind":"court","sport":"basketball","lit":"untagged","p_lit":0.5,"fixtures":3.0,"name":null,"county":"12007"}},{"type":"Feature","geometry":{"type":"Point","coordinates":[-82.18644,30.06025]},"properties":{"kind":"court","sport":"multi","lit":"untagged","p_lit":0.5,"fixtures":3.0,"name":null,"county":"12007"}},{"type":"Feature","geometry":{"type":"Point","coordinates":[-82.19347,30.06642]},"properties":{"kind":"court","sport":"basketball","lit":"untagged","p_lit":0.5,"fixtures":3.0,"name":null,"county":"12125"}},{"type":"Feature","geometry":{"type":"Point","coordinates":[-82.1925,30.06515]},"properties":{"kind":"field","sport":"baseball","lit":"untagged","p_lit":0.5,"fixtures":10.0,"name":null,"county":"12125"}},{"type":"Feature","geometry":{"type":"Point","coordinates":[-82.17699,30.06268]},"properties":{"kind":"court","sport":"basketball","lit":"untagged","p_lit":0.5,"fixtures":3.0,"name":null,"county":"12007"}},{"type":"Feature","geometry":{"type":"Point","coordinates":[-82.17682,30.06277]},"properties":{"kind":"court","sport":"basketball","lit":"untagged","p_lit":0.5,"fixtures":3.0,"name":null,"county":"12007"}},{"type":"Feature","geometry":{"type":"Point","coordinates":[-81.89372,30.05342]},"properties":{"kind":"court","sport":"basketball","lit":"untagged","p_lit":0.5,"fixtures":3.0,"name":null,"county":"12019"}},{"type":"Feature","geometry":{"type":"Point","coordinates":[-81.89374,30.05385]},"properties":{"kind":"court","sport":"tennis","lit":"untagged","p_lit":0.5,"fixtures":3.0,"name":null,"county":"12019"}},{"type":"Feature","geometry":{"type":"Point","coordinates":[-81.89325,30.053]},"properties":{"kind":"field","sport":"baseball","lit":"untagged","p_lit":0.5,"fixtures":10.0,"name":null,"county":"12019"}},{"type":"Feature","geometry":{"type":"Point","coordinates":[-81.89523,30.06247]},"properties":{"kind":"field","sport":"baseball","lit":"untagged","p_lit":0.5,"fixtures":10.0,"name":null,"county":"12019"}},{"type":"Feature","geometry":{"type":"Point","coordinates":[-81.89524,30.06154]},"properties":{"kind":"field","sport":"baseball","lit":"untagged","p_lit":0.5,"fixtures":10.0,"name":null,"county":"12019"}},{"type":"Feature","geometry":{"type":"Point","coordinates":[-81.89474,30.062]},"properties":{"kind":"field","sport":"baseball","lit":"untagged","p_lit":0.5,"fixtures":10.0,"name":null,"county":"12019"}},{"type":"Feature","geometry":{"type":"Point","coordinates":[-81.89703,30.06183]},"properties":{"kind":"field","sport":"baseball","lit":"untagged","p_lit":0.5,"fixtures":10.0,"name":null,"county":"12019"}},{"type":"Feature","geometry":{"type":"Point","coordinates":[-81.89727,30.06143]},"properties":{"kind":"field","sport":"baseball","lit":"untagged","p_lit":0.5,"fixtures":10.0,"name":null,"county":"12019"}},{"type":"Feature","geometry":{"type":"Point","coordinates":[-81.89558,30.062]},"properties":{"kind":"field","sport":"baseball","lit":"untagged","p_lit":0.5,"fixtures":10.0,"name":null,"county":"12019"}},{"type":"Feature","geometry":{"type":"Point","coordinates":[-81.89516,30.06071]},"properties":{"kind":"field","sport":"baseball","lit":"untagged","p_lit":0.5,"fixtures":10.0,"name":null,"county":"12019"}},{"type":"Feature","geometry":{"type":"Point","coordinates":[-81.89694,30.06237]},"properties":{"kind":"court","sport":"tennis","lit":"untagged","p_lit":0.5,"fixtures":3.0,"name":null,"county":"12019"}},{"type":"Feature","geometry":{"type":"Point","coordinates":[-81.8961,30.06081]},"properties":{"kind":"field","sport":"american_football","lit":"untagged","p_lit":0.5,"fixtures":10.0,"name":null,"county":"12019"}},{"type":"Feature","geometry":{"type":"Point","coordinates":[-81.89613,30.06201]},"properties":{"kind":"field","sport":"american_football","lit":"untagged","p_lit":0.5,"fixtures":10.0,"name":null,"county":"12019"}},{"type":"Feature","geometry":{"type":"Point","coordinates":[-81.8971,30.06237]},"properties":{"kind":"court","sport":"tennis","lit":"untagged","p_lit":0.5,"fixtures":3.0,"name":null,"county":"12019"}},{"type":"Feature","geometry":{"type":"Point","coordinates":[-81.79365,30.04735]},"properties":{"kind":"court","sport":"basketball","lit":"untagged","p_lit":0.5,"fixtures":3.0,"name":null,"county":"12019"}},{"type":"Feature","geometry":{"type":"Point","coordinates":[-81.79334,30.04779]},"properties":{"kind":"field","sport":"baseball","lit":"untagged","p_lit":0.5,"fixtures":10.0,"name":null,"county":"12019"}},{"type":"Feature","geometry":{"type":"Point","coordinates":[-81.79371,30.04798]},"properties":{"kind":"field","sport":"american_football","lit":"untagged","p_lit":0.5,"fixtures":10.0,"name":null,"county":"12019"}},{"type":"Feature","geometry":{"type":"Point","coordinates":[-81.79359,30.04676]},"properties":{"kind":"court","sport":"pickleball","lit":"untagged","p_lit":0.5,"fixtures":3.0,"name":null,"county":"12019"}},{"type":"Feature","geometry":{"type":"Point","coordinates":[-81.79348,30.04677]},"properties":{"kind":"court","sport":"pickleball","lit":"untagged","p_lit":0.5,"fixtures":3.0,"name":null,"county":"12019"}},{"type":"Feature","geometry":{"type":"Point","coordinates":[-81.79338,30.04677]},"properties":{"kind":"court","sport":"pickleball","lit":"untagged","p_lit":0.5,"fixtures":3.0,"name":null,"county":"12019"}},{"type":"Feature","geometry":{"type":"Point","coordinates":[-81.79338,30.04661]},"properties":{"kind":"court","sport":"pickleball","lit":"untagged","p_lit":0.5,"fixtures":3.0,"name":null,"county":"12019"}},{"type":"Feature","geometry":{"type":"Point","coordinates":[-81.79348,30.0466]},"properties":{"kind":"court","sport":"pickleball","lit":"untagged","p_lit":0.5,"fixtures":3.0,"name":null,"county":"12019"}},{"type":"Feature","geometry":{"type":"Point","coordinates":[-81.79358,30.0466]},"properties":{"kind":"court","sport":"pickleball","lit":"untagged","p_lit":0.5,"fixtures":3.0,"name":null,"county":"12019"}},{"type":"Feature","geometry":{"type":"Point","coordinates":[-81.79418,30.04734]},"properties":{"kind":"court","sport":"tennis","lit":"untagged","p_lit":0.5,"fixtures":3.0,"name":null,"county":"12019"}},{"type":"Feature","geometry":{"type":"Point","coordinates":[-81.79403,30.04734]},"properties":{"kind":"court","sport":"tennis","lit":"untagged","p_lit":0.5,"fixtures":3.0,"name":null,"county":"12019"}},{"type":"Feature","geometry":{"type":"Point","coordinates":[-81.86511,30.07004]},"properties":{"kind":"court","sport":"basketball","lit":"yes","p_lit":1.0,"fixtures":6.0,"name":null,"county":"12019"}},{"type":"Feature","geometry":{"type":"Point","coordinates":[-81.86447,30.06991]},"properties":{"kind":"field","sport":"baseball","lit":"untagged","p_lit":0.5,"fixtures":10.0,"name":null,"county":"12019"}},{"type":"Feature","geometry":{"type":"Point","coordinates":[-81.85342,30.06367]},"properties":{"kind":"court","sport":"tennis","lit":"untagged","p_lit":0.5,"fixtures":3.0,"name":null,"county":"12019"}},{"type":"Feature","geometry":{"type":"Point","coordinates":[-81.85328,30.06372]},"properties":{"kind":"court","sport":"tennis","lit":"untagged","p_lit":0.5,"fixtures":3.0,"name":null,"county":"12019"}},{"type":"Feature","geometry":{"type":"Point","coordinates":[-81.84934,30.08993]},"properties":{"kind":"field","sport":"american_football","lit":"untagged","p_lit":0.5,"fixtures":10.0,"name":null,"county":"12019"}},{"type":"Feature","geometry":{"type":"Point","coordinates":[-81.84983,30.08916]},"properties":{"kind":"court","sport":"tennis","lit":"untagged","p_lit":0.5,"fixtures":3.0,"name":null,"county":"12019"}},{"type":"Feature","geometry":{"type":"Point","coordinates":[-81.84968,30.08916]},"properties":{"kind":"court","sport":"tennis","lit":"untagged","p_lit":0.5,"fixtures":3.0,"name":null,"county":"12019"}},{"type":"Feature","geometry":{"type":"Point","coordinates":[-81.84952,30.08917]},"properties":{"kind":"court","sport":"tennis","lit":"untagged","p_lit":0.5,"fixtures":3.0,"name":null,"county":"12019"}},{"type":"Feature","geometry":{"type":"Point","coordinates":[-81.84933,30.08917]},"properties":{"kind":"court","sport":"tennis","lit":"untagged","p_lit":0.5,"fixtures":3.0,"name":null,"county":"12019"}},{"type":"Feature","geometry":{"type":"Point","coordinates":[-81.84918,30.08918]},"properties":{"kind":"court","sport":"tennis","lit":"untagged","p_lit":0.5,"fixtures":3.0,"name":null,"county":"12019"}},{"type":"Feature","geometry":{"type":"Point","coordinates":[-81.84903,30.08918]},"properties":{"kind":"court","sport":"tennis","lit":"untagged","p_lit":0.5,"fixtures":3.0,"name":null,"county":"12019"}},{"type":"Feature","geometry":{"type":"Point","coordinates":[-81.84821,30.09139]},"properties":{"kind":"field","sport":"baseball","lit":"untagged","p_lit":0.5,"fixtures":10.0,"name":null,"county":"12019"}},{"type":"Feature","geometry":{"type":"Point","coordinates":[-81.84908,30.09085]},"properties":{"kind":"court","sport":"basketball","lit":"untagged","p_lit":0.5,"fixtures":3.0,"name":null,"county":"12019"}},{"type":"Feature","geometry":{"type":"Point","coordinates":[-81.84914,30.09129]},"properties":{"kind":"field","sport":"baseball","lit":"untagged","p_lit":0.5,"fixtures":10.0,"name":null,"county":"12019"}},{"type":"Feature","geometry":{"type":"Point","coordinates":[-81.84699,30.11885]},"properties":{"kind":"court","sport":"basketball","lit":"untagged","p_lit":0.5,"fixtures":3.0,"name":null,"county":"12019"}},{"type":"Feature","geometry":{"type":"Point","coordinates":[-81.85333,30.13789]},"properties":{"kind":"court","sport":"basketball","lit":"untagged","p_lit":0.5,"fixtures":3.0,"name":null,"county":"12019"}},{"type":"Feature","geometry":{"type":"Point","coordinates":[-81.85319,30.13806]},"properties":{"kind":"court","sport":"tennis","lit":"untagged","p_lit":0.5,"fixtures":3.0,"name":null,"county":"12019"}},{"type":"Feature","geometry":{"type":"Point","coordinates":[-81.85306,30.13811]},"properties":{"kind":"court","sport":"tennis","lit":"untagged","p_lit":0.5,"fixtures":3.0,"name":null,"county":"12019"}},{"type":"Feature","geometry":{"type":"Point","coordinates":[-81.85041,30.16291]},"properties":{"kind":"court","sport":"pickleball","lit":"yes","p_lit":1.0,"fixtures":6.0,"name":null,"county":"12019"}},{"type":"Feature","geometry":{"type":"Point","coordinates":[-81.8505,30.16292]},"properties":{"kind":"court","sport":"pickleball","lit":"yes","p_lit":1.0,"fixtures":6.0,"name":null,"county":"12019"}},{"type":"Feature","geometry":{"type":"Point","coordinates":[-81.85102,30.16287]},"properties":{"kind":"court","sport":"tennis","lit":"yes","p_lit":1.0,"fixtures":6.0,"name":null,"county":"12019"}},{"type":"Feature","geometry":{"type":"Point","coordinates":[-81.85121,30.1629]},"properties":{"kind":"court","sport":"tennis","lit":"yes","p_lit":1.0,"fixtures":6.0,"name":null,"county":"12019"}},{"type":"Feature","geometry":{"type":"Point","coordinates":[-81.85029,30.16281]},"properties":{"kind":"court","sport":"tennis","lit":"yes","p_lit":1.0,"fixtures":6.0,"name":null,"county":"12019"}},{"type":"Feature","geometry":{"type":"Point","coordinates":[-81.85036,30.16247]},"properties":{"kind":"court","sport":"tennis","lit":"yes","p_lit":1.0,"fixtures":6.0,"name":null,"county":"12019"}},{"type":"Feature","geometry":{"type":"Point","coordinates":[-81.85054,30.1625]},"properties":{"kind":"court","sport":"tennis","lit":"yes","p_lit":1.0,"fixtures":6.0,"name":null,"county":"12019"}},{"type":"Feature","geometry":{"type":"Point","coordinates":[-81.85053,30.16276]},"properties":{"kind":"court","sport":"pickleball","lit":"yes","p_lit":1.0,"fixtures":6.0,"name":null,"county":"12019"}},{"type":"Feature","geometry":{"type":"Point","coordinates":[-81.85045,30.16275]},"properties":{"kind":"court","sport":"pickleball","lit":"yes","p_lit":1.0,"fixtures":6.0,"name":null,"county":"12019"}},{"type":"Feature","geometry":{"type":"Point","coordinates":[-81.85056,30.16213]},"properties":{"kind":"court","sport":"tennis","lit":"yes","p_lit":1.0,"fixtures":6.0,"name":null,"county":"12019"}},{"type":"Feature","geometry":{"type":"Point","coordinates":[-81.85074,30.16216]},"properties":{"kind":"court","sport":"tennis","lit":"yes","p_lit":1.0,"fixtures":6.0,"name":null,"county":"12019"}},{"type":"Feature","geometry":{"type":"Point","coordinates":[-81.85117,30.16219]},"properties":{"kind":"court","sport":"tennis","lit":"yes","p_lit":1.0,"fixtures":6.0,"name":null,"county":"12019"}},{"type":"Feature","geometry":{"type":"Point","coordinates":[-81.85135,30.16221]},"properties":{"kind":"court","sport":"tennis","lit":"yes","p_lit":1.0,"fixtures":6.0,"name":null,"county":"12019"}},{"type":"Feature","geometry":{"type":"Point","coordinates":[-81.85128,30.16256]},"properties":{"kind":"court","sport":"tennis","lit":"yes","p_lit":1.0,"fixtures":6.0,"name":null,"county":"12019"}},{"type":"Feature","geometry":{"type":"Point","coordinates":[-81.85109,30.16253]},"properties":{"kind":"court","sport":"tennis","lit":"yes","p_lit":1.0,"fixtures":6.0,"name":null,"county":"12019"}},{"type":"Feature","geometry":{"type":"Point","coordinates":[-81.81783,30.11239]},"properties":{"kind":"field","sport":"baseball","lit":"untagged","p_lit":0.5,"fixtures":10.0,"name":null,"county":"12019"}},{"type":"Feature","geometry":{"type":"Point","coordinates":[-81.79254,30.13418]},"properties":{"kind":"court","sport":"basketball","lit":"untagged","p_lit":0.5,"fixtures":3.0,"name":null,"county":"12019"}},{"type":"Feature","geometry":{"type":"Point","coordinates":[-81.82464,30.15465]},"properties":{"kind":"court","sport":"basketball","lit":"untagged","p_lit":0.5,"fixtures":3.0,"name":null,"county":"12019"}},{"type":"Feature","geometry":{"type":"Point","coordinates":[-81.8488,30.16911]},"properties":{"kind":"court","sport":"tennis","lit":"untagged","p_lit":0.5,"fixtures":3.0,"name":null,"county":"12019"}},{"type":"Feature","geometry":{"type":"Point","coordinates":[-81.84834,30.16917]},"properties":{"kind":"court","sport":"tennis","lit":"untagged","p_lit":0.5,"fixtures":3.0,"name":null,"county":"12019"}},{"type":"Feature","geometry":{"type":"Point","coordinates":[-81.84861,30.16916]},"properties":{"kind":"court","sport":"tennis","lit":"untagged","p_lit":0.5,"fixtures":3.0,"name":null,"county":"12019"}},{"type":"Feature","geometry":{"type":"Point","coordinates":[-81.8488,30.16871]},"properties":{"kind":"court","sport":"tennis","lit":"untagged","p_lit":0.5,"fixtures":3.0,"name":null,"county":"12019"}},{"type":"Feature","geometry":{"type":"Point","coordinates":[-81.84834,30.16866]},"properties":{"kind":"court","sport":"tennis","lit":"untagged","p_lit":0.5,"fixtures":3.0,"name":null,"county":"12019"}},{"type":"Feature","geometry":{"type":"Point","coordinates":[-81.84861,30.16866]},"properties":{"kind":"court","sport":"tennis","lit":"untagged","p_lit":0.5,"fixtures":3.0,"name":null,"county":"12019"}},{"type":"Feature","geometry":{"type":"Point","coordinates":[-81.84815,30.16875]},"properties":{"kind":"court","sport":"tennis","lit":"untagged","p_lit":0.5,"fixtures":3.0,"name":null,"county":"12019"}},{"type":"Feature","geometry":{"type":"Point","coordinates":[-81.84815,30.16907]},"properties":{"kind":"court","sport":"tennis","lit":"untagged","p_lit":0.5,"fixtures":3.0,"name":null,"county":"12019"}},{"type":"Feature","geometry":{"type":"Point","coordinates":[-81.84976,30.16955]},"properties":{"kind":"court","sport":"basketball","lit":"untagged","p_lit":0.5,"fixtures":3.0,"name":"Oakleaf Basketball Court","county":"12019"}},{"type":"Feature","geometry":{"type":"Point","coordinates":[-81.85053,30.17002]},"properties":{"kind":"field","sport":"baseball","lit":"untagged","p_lit":0.5,"fixtures":10.0,"name":null,"county":"12019"}},{"type":"Feature","geometry":{"type":"Point","coordinates":[-81.84963,30.17014]},"properties":{"kind":"field","sport":"baseball","lit":"untagged","p_lit":0.5,"fixtures":10.0,"name":null,"county":"12019"}},{"type":"Feature","geometry":{"type":"Point","coordinates":[-81.83467,30.16903]},"properties":{"kind":"court","sport":"tennis","lit":"untagged","p_lit":0.5,"fixtures":3.0,"name":null,"county":"12019"}},{"type":"Feature","geometry":{"type":"Point","coordinates":[-81.8345,30.16903]},"properties":{"kind":"court","sport":"tennis","lit":"untagged","p_lit":0.5,"fixtures":3.0,"name":null,"county":"12019"}},{"type":"Feature","geometry":{"type":"Point","coordinates":[-81.82954,30.16886]},"properties":{"kind":"field","sport":"baseball","lit":"untagged","p_lit":0.5,"fixtures":10.0,"name":null,"county":"12019"}},{"type":"Feature","geometry":{"type":"Point","coordinates":[-81.8345,30.16935]},"properties":{"kind":"court","sport":"tennis","lit":"untagged","p_lit":0.5,"fixtures":3.0,"name":null,"county":"12019"}},{"type":"Feature","geometry":{"type":"Point","coordinates":[-81.83468,30.16935]},"properties":{"kind":"court","sport":"tennis","lit":"untagged","p_lit":0.5,"fixtures":3.0,"name":null,"county":"12019"}},{"type":"Feature","geometry":{"type":"Point","coordinates":[-81.83002,30.16942]},"properties":{"kind":"field","sport":"baseball","lit":"untagged","p_lit":0.5,"fixtures":10.0,"name":null,"county":"12019"}},{"type":"Feature","geometry":{"type":"Point","coordinates":[-81.82902,30.16942]},"properties":{"kind":"field","sport":"baseball","lit":"untagged","p_lit":0.5,"fixtures":10.0,"name":null,"county":"12019"}},{"type":"Feature","geometry":{"type":"Point","coordinates":[-81.8384,30.17317]},"properties":{"kind":"field","sport":"baseball","lit":"untagged","p_lit":0.5,"fixtures":10.0,"name":null,"county":"12019"}},{"type":"Feature","geometry":{"type":"Point","coordinates":[-81.83725,30.17294]},"properties":{"kind":"field","sport":"baseball","lit":"untagged","p_lit":0.5,"fixtures":10.0,"name":null,"county":"12019"}},{"type":"Feature","geometry":{"type":"Point","coordinates":[-81.83688,30.17165]},"properties":{"kind":"field","sport":"baseball","lit":"untagged","p_lit":0.5,"fixtures":10.0,"name":null,"county":"12019"}},{"type":"Feature","geometry":{"type":"Point","coordinates":[-81.83572,30.17118]},"properties":{"kind":"field","sport":"baseball","lit":"untagged","p_lit":0.5,"fixtures":10.0,"name":null,"county":"12019"}},{"type":"Feature","geometry":{"type":"Point","coordinates":[-81.83524,30.17032]},"properties":{"kind":"court","sport":"basketball","lit":"untagged","p_lit":0.5,"fixtures":3.0,"name":null,"county":"12019"}},{"type":"Feature","geometry":{"type":"Point","coordinates":[-81.83505,30.17033]},"properties":{"kind":"court","sport":"basketball","lit":"untagged","p_lit":0.5,"fixtures":3.0,"name":null,"county":"12019"}},{"type":"Feature","geometry":{"type":"Point","coordinates":[-81.83524,30.17004]},"properties":{"kind":"court","sport":"basketball","lit":"untagged","p_lit":0.5,"fixtures":3.0,"name":null,"county":"12019"}},{"type":"Feature","geometry":{"type":"Point","coordinates":[-81.83505,30.17004]},"properties":{"kind":"court","sport":"basketball","lit":"untagged","p_lit":0.5,"fixtures":3.0,"name":null,"county":"12019"}},{"type":"Feature","geometry":{"type":"Point","coordinates":[-81.83771,30.17375]},"properties":{"kind":"court","sport":"tennis","lit":"untagged","p_lit":0.5,"fixtures":3.0,"name":null,"county":"12019"}},{"type":"Feature","geometry":{"type":"Point","coordinates":[-81.83754,30.17375]},"properties":{"kind":"court","sport":"tennis","lit":"untagged","p_lit":0.5,"fixtures":3.0,"name":null,"county":"12019"}},{"type":"Feature","geometry":{"type":"Point","coordinates":[-81.83801,30.17386]},"properties":{"kind":"court","sport":"basketball","lit":"untagged","p_lit":0.5,"fixtures":3.0,"name":null,"county":"12019"}},{"type":"Feature","geometry":{"type":"Point","coordinates":[-81.838,30.17367]},"properties":{"kind":"court","sport":"basketball","lit":"untagged","p_lit":0.5,"fixtures":3.0,"name":null,"county":"12019"}},{"type":"Feature","geometry":{"type":"Point","coordinates":[-81.82954,30.16984]},"properties":{"kind":"field","sport":"baseball","lit":"untagged","p_lit":0.5,"fixtures":10.0,"name":null,"county":"12019"}},{"type":"Feature","geometry":{"type":"Point","coordinates":[-81.83001,30.17112]},"properties":{"kind":"field","sport":"american_football","lit":"untagged","p_lit":0.5,"fixtures":10.0,"name":null,"county":"12019"}},{"type":"Feature","geometry":{"type":"Point","coordinates":[-81.82194,30.1816]},"properties":{"kind":"court","sport":"basketball","lit":"untagged","p_lit":0.5,"fixtures":3.0,"name":null,"county":"12019"}},{"type":"Feature","geometry":{"type":"Point","coordinates":[-81.82211,30.1816]},"properties":{"kind":"court","sport":"basketball","lit":"untagged","p_lit":0.5,"fixtures":3.0,"name":null,"county":"12019"}},{"type":"Feature","geometry":{"type":"Point","coordinates":[-81.82058,30.17842]},"properties":{"kind":"court","sport":"basketball","lit":"untagged","p_lit":0.5,"fixtures":3.0,"name":null,"county":"12019"}},{"type":"Feature","geometry":{"type":"Point","coordinates":[-81.82156,30.18152]},"properties":{"kind":"court","sport":"pickleball","lit":"untagged","p_lit":0.5,"fixtures":3.0,"name":null,"county":"12019"}},{"type":"Feature","geometry":{"type":"Point","coordinates":[-81.82157,30.18168]},"properties":{"kind":"court","sport":"pickleball","lit":"untagged","p_lit":0.5,"fixtures":3.0,"name":null,"county":"12019"}},{"type":"Feature","geometry":{"type":"Point","coordinates":[-81.82144,30.18168]},"properties":{"kind":"court","sport":"pickleball","lit":"untagged","p_lit":0.5,"fixtures":3.0,"name":null,"county":"12019"}},{"type":"Feature","geometry":{"type":"Point","coordinates":[-81.82144,30.18153]},"properties":{"kind":"court","sport":"pickleball","lit":"untagged","p_lit":0.5,"fixtures":3.0,"name":null,"county":"12019"}},{"type":"Feature","geometry":{"type":"Point","coordinates":[-81.82122,30.18169]},"properties":{"kind":"court","sport":"pickleball","lit":"untagged","p_lit":0.5,"fixtures":3.0,"name":null,"county":"12019"}},{"type":"Feature","geometry":{"type":"Point","coordinates":[-81.82122,30.18152]},"properties":{"kind":"court","sport":"pickleball","lit":"untagged","p_lit":0.5,"fixtures":3.0,"name":null,"county":"12019"}},{"type":"Feature","geometry":{"type":"Point","coordinates":[-81.82122,30.18161]},"properties":{"kind":"court","sport":"tennis","lit":"untagged","p_lit":0.5,"fixtures":3.0,"name":null,"county":"12019"}},{"type":"Feature","geometry":{"type":"Point","coordinates":[-81.82103,30.18161]},"properties":{"kind":"court","sport":"tennis","lit":"untagged","p_lit":0.5,"fixtures":3.0,"name":null,"county":"12019"}},{"type":"Feature","geometry":{"type":"Point","coordinates":[-81.82103,30.18169]},"properties":{"kind":"court","sport":"pickleball","lit":"untagged","p_lit":0.5,"fixtures":3.0,"name":null,"county":"12019"}},{"type":"Feature","geometry":{"type":"Point","coordinates":[-81.82103,30.18153]},"properties":{"kind":"court","sport":"pickleball","lit":"untagged","p_lit":0.5,"fixtures":3.0,"name":null,"county":"12019"}},{"type":"Feature","geometry":{"type":"Point","coordinates":[-81.82207,30.17889]},"properties":{"kind":"field","sport":"soccer","lit":"untagged","p_lit":0.5,"fixtures":10.0,"name":null,"county":"12019"}},{"type":"Feature","geometry":{"type":"Point","coordinates":[-81.82162,30.17834]},"properties":{"kind":"field","sport":"softball","lit":"untagged","p_lit":0.5,"fixtures":10.0,"name":null,"county":"12019"}},{"type":"Feature","geometry":{"type":"Point","coordinates":[-81.82169,30.18168]},"properties":{"kind":"court","sport":"pickleball","lit":"untagged","p_lit":0.5,"fixtures":3.0,"name":null,"county":"12019"}},{"type":"Feature","geometry":{"type":"Point","coordinates":[-81.82169,30.18152]},"properties":{"kind":"court","sport":"pickleball","lit":"untagged","p_lit":0.5,"fixtures":3.0,"name":null,"county":"12019"}},{"type":"Feature","geometry":{"type":"Point","coordinates":[-81.71103,29.98197]},"properties":{"kind":"field","sport":"baseball","lit":"untagged","p_lit":0.5,"fixtures":10.0,"name":null,"county":"12019"}},{"type":"Feature","geometry":{"type":"Point","coordinates":[-81.71093,29.98292]},"properties":{"kind":"field","sport":"baseball","lit":"untagged","p_lit":0.5,"fixtures":10.0,"name":null,"county":"12019"}},{"type":"Feature","geometry":{"type":"Point","coordinates":[-81.73028,30.00563]},"properties":{"kind":"court","sport":"tennis","lit":"untagged","p_lit":0.5,"fixtures":3.0,"name":null,"county":"12019"}},{"type":"Feature","geometry":{"type":"Point","coordinates":[-81.69126,29.98553]},"properties":{"kind":"field","sport":"baseball","lit":"untagged","p_lit":0.5,"fixtures":10.0,"name":null,"county":"12019"}},{"type":"Feature","geometry":{"type":"Point","coordinates":[-81.69141,29.99137]},"properties":{"kind":"field","sport":"baseball","lit":"untagged","p_lit":0.5,"fixtures":10.0,"name":null,"county":"12019"}},{"type":"Feature","geometry":{"type":"Point","coordinates":[-81.69164,29.98585]},"properties":{"kind":"field","sport":"baseball","lit":"untagged","p_lit":0.5,"fixtures":10.0,"name":null,"county":"12019"}},{"type":"Feature","geometry":{"type":"Point","coordinates":[-81.69073,29.98581]},"properties":{"kind":"field","sport":"baseball","lit":"untagged","p_lit":0.5,"fixtures":10.0,"name":null,"county":"12019"}},{"type":"Feature","geometry":{"type":"Point","coordinates":[-81.6912,29.98638]},"properties":{"kind":"field","sport":"baseball","lit":"untagged","p_lit":0.5,"fixtures":10.0,"name":null,"county":"12019"}},{"type":"Feature","geometry":{"type":"Point","coordinates":[-81.69199,29.98635]},"properties":{"kind":"field","sport":"baseball","lit":"untagged","p_lit":0.5,"fixtures":10.0,"name":null,"county":"12019"}},{"type":"Feature","geometry":{"type":"Point","coordinates":[-81.69235,29.99202]},"properties":{"kind":"field","sport":"baseball","lit":"untagged","p_lit":0.5,"fixtures":10.0,"name":null,"county":"12019"}},{"type":"Feature","geometry":{"type":"Point","coordinates":[-81.69801,29.99445]},"properties":{"kind":"field","sport":"baseball","lit":"untagged","p_lit":0.5,"fixtures":10.0,"name":null,"county":"12019"}},{"type":"Feature","geometry":{"type":"Point","coordinates":[-81.69788,29.99376]},"properties":{"kind":"court","sport":"tennis","lit":"untagged","p_lit":0.5,"fixtures":3.0,"name":null,"county":"12019"}},{"type":"Feature","geometry":{"type":"Point","coordinates":[-81.70856,29.99905]},"properties":{"kind":"court","sport":"tennis","lit":"untagged","p_lit":0.5,"fixtures":3.0,"name":null,"county":"12019"}},{"type":"Feature","geometry":{"type":"Point","coordinates":[-81.7087,29.999]},"properties":{"kind":"court","sport":"tennis","lit":"untagged","p_lit":0.5,"fixtures":3.0,"name":null,"county":"12019"}},{"type":"Feature","geometry":{"type":"Point","coordinates":[-81.70831,29.99914]},"properties":{"kind":"court","sport":"tennis","lit":"untagged","p_lit":0.5,"fixtures":3.0,"name":null,"county":"12019"}},{"type":"Feature","geometry":{"type":"Point","coordinates":[-81.70846,29.99946]},"properties":{"kind":"court","sport":"tennis","lit":"yes","p_lit":1.0,"fixtures":6.0,"name":null,"county":"12019"}},{"type":"Feature","geometry":{"type":"Point","coordinates":[-81.70832,29.99951]},"properties":{"kind":"court","sport":"tennis","lit":"yes","p_lit":1.0,"fixtures":6.0,"name":null,"county":"12019"}},{"type":"Feature","geometry":{"type":"Point","coordinates":[-81.70871,29.99937]},"properties":{"kind":"court","sport":"tennis","lit":"yes","p_lit":1.0,"fixtures":6.0,"name":null,"county":"12019"}},{"type":"Feature","geometry":{"type":"Point","coordinates":[-81.70886,29.99932]},"properties":{"kind":"court","sport":"tennis","lit":"yes","p_lit":1.0,"fixtures":6.0,"name":null,"county":"12019"}},{"type":"Feature","geometry":{"type":"Point","coordinates":[-81.76008,30.0506]},"properties":{"kind":"field","sport":"baseball","lit":"untagged","p_lit":0.5,"fixtures":10.0,"name":null,"county":"12019"}},{"type":"Feature","geometry":{"type":"Point","coordinates":[-81.75381,30.04693]},"properties":{"kind":"court","sport":"pickleball","lit":"untagged","p_lit":0.5,"fixtures":3.0,"name":null,"county":"12019"}},{"type":"Feature","geometry":{"type":"Point","coordinates":[-81.75391,30.04686]},"properties":{"kind":"court","sport":"pickleball","lit":"untagged","p_lit":0.5,"fixtures":3.0,"name":null,"county":"12019"}},{"type":"Feature","geometry":{"type":"Point","coordinates":[-81.76445,30.09971]},"properties":{"kind":"field","sport":"baseball","lit":"untagged","p_lit":0.5,"fixtures":10.0,"name":null,"county":"12019"}},{"type":"Feature","geometry":{"type":"Point","coordinates":[-81.76485,30.09892]},"properties":{"kind":"field","sport":"baseball","lit":"untagged","p_lit":0.5,"fixtures":10.0,"name":null,"county":"12019"}},{"type":"Feature","geometry":{"type":"Point","coordinates":[-81.76449,30.09809]},"properties":{"kind":"field","sport":"baseball","lit":"untagged","p_lit":0.5,"fixtures":10.0,"name":null,"county":"12019"}},{"type":"Feature","geometry":{"type":"Point","coordinates":[-81.76581,30.09965]},"properties":{"kind":"field","sport":"baseball","lit":"untagged","p_lit":0.5,"fixtures":10.0,"name":null,"county":"12019"}},{"type":"Feature","geometry":{"type":"Point","coordinates":[-81.7655,30.09966]},"properties":{"kind":"court","sport":"tennis","lit":"untagged","p_lit":0.5,"fixtures":3.0,"name":null,"county":"12019"}},{"type":"Feature","geometry":{"type":"Point","coordinates":[-81.76535,30.09966]},"properties":{"kind":"court","sport":"tennis","lit":"untagged","p_lit":0.5,"fixtures":3.0,"name":null,"county":"12019"}},{"type":"Feature","geometry":{"type":"Point","coordinates":[-81.74501,30.10183]},"properties":{"kind":"court","sport":"tennis","lit":"untagged","p_lit":0.5,"fixtures":3.0,"name":null,"county":"12019"}},{"type":"Feature","geometry":{"type":"Point","coordinates":[-81.71307,30.08951]},"properties":{"kind":"field","sport":"baseball","lit":"untagged","p_lit":0.5,"fixtures":10.0,"name":null,"county":"12019"}},{"type":"Feature","geometry":{"type":"Point","coordinates":[-81.71164,30.08978]},"properties":{"kind":"field","sport":"baseball","lit":"untagged","p_lit":0.5,"fixtures":10.0,"name":null,"county":"12019"}},{"type":"Feature","geometry":{"type":"Point","coordinates":[-81.71166,30.08863]},"properties":{"kind":"court","sport":"tennis","lit":"untagged","p_lit":0.5,"fixtures":3.0,"name":null,"county":"12019"}},{"type":"Feature","geometry":{"type":"Point","coordinates":[-81.71151,30.08863]},"properties":{"kind":"court","sport":"tennis","lit":"untagged","p_lit":0.5,"fixtures":3.0,"name":null,"county":"12019"}},{"type":"Feature","geometry":{"type":"Point","coordinates":[-81.71136,30.08863]},"properties":{"kind":"court","sport":"tennis","lit":"untagged","p_lit":0.5,"fixtures":3.0,"name":null,"county":"12019"}},{"type":"Feature","geometry":{"type":"Point","coordinates":[-81.71166,30.08896]},"properties":{"kind":"court","sport":"tennis","lit":"untagged","p_lit":0.5,"fixtures":3.0,"name":null,"county":"12019"}},{"type":"Feature","geometry":{"type":"Point","coordinates":[-81.71151,30.08896]},"properties":{"kind":"court","sport":"tennis","lit":"untagged","p_lit":0.5,"fixtures":3.0,"name":null,"county":"12019"}},{"type":"Feature","geometry":{"type":"Point","coordinates":[-81.71136,30.08896]},"properties":{"kind":"court","sport":"tennis","lit":"untagged","p_lit":0.5,"fixtures":3.0,"name":null,"county":"12019"}},{"type":"Feature","geometry":{"type":"Point","coordinates":[-81.71166,30.08871]},"properties":{"kind":"court","sport":"pickleball","lit":"untagged","p_lit":0.5,"fixtures":3.0,"name":null,"county":"12019"}},{"type":"Feature","geometry":{"type":"Point","coordinates":[-81.71166,30.08855]},"properties":{"kind":"court","sport":"pickleball","lit":"untagged","p_lit":0.5,"fixtures":3.0,"name":null,"county":"12019"}},{"type":"Feature","geometry":{"type":"Point","coordinates":[-81.71151,30.08855]},"properties":{"kind":"court","sport":"pickleball","lit":"untagged","p_lit":0.5,"fixtures":3.0,"name":null,"county":"12019"}},{"type":"Feature","geometry":{"type":"Point","coordinates":[-81.71136,30.08855]},"properties":{"kind":"court","sport":"pickleball","lit":"untagged","p_lit":0.5,"fixtures":3.0,"name":null,"county":"12019"}},{"type":"Feature","geometry":{"type":"Point","coordinates":[-81.71136,30.08871]},"properties":{"kind":"court","sport":"pickleball","lit":"untagged","p_lit":0.5,"fixtures":3.0,"name":null,"county":"12019"}},{"type":"Feature","geometry":{"type":"Point","coordinates":[-81.71003,30.08816]},"properties":{"kind":"field","sport":"soccer","lit":"yes","p_lit":1.0,"fixtures":20.0,"name":null,"county":"12019"}},{"type":"Feature","geometry":{"type":"Point","coordinates":[-81.78397,30.12499]},"properties":{"kind":"field","sport":"baseball","lit":"untagged","p_lit":0.5,"fixtures":10.0,"name":null,"county":"12019"}},{"type":"Feature","geometry":{"type":"Point","coordinates":[-81.7834,30.12505]},"properties":{"kind":"field","sport":"baseball","lit":"untagged","p_lit":0.5,"fixtures":10.0,"name":null,"county":"12019"}},{"type":"Feature","geometry":{"type":"Point","coordinates":[-81.78411,30.12581]},"properties":{"kind":"field","sport":"baseball","lit":"untagged","p_lit":0.5,"fixtures":10.0,"name":null,"county":"12019"}},{"type":"Feature","geometry":{"type":"Point","coordinates":[-81.78329,30.12593]},"properties":{"kind":"court","sport":"tennis","lit":"untagged","p_lit":0.5,"fixtures":3.0,"name":null,"county":"12019"}},{"type":"Feature","geometry":{"type":"Point","coordinates":[-81.78314,30.12592]},"properties":{"kind":"court","sport":"tennis","lit":"untagged","p_lit":0.5,"fixtures":3.0,"name":null,"county":"12019"}},{"type":"Feature","geometry":{"type":"Point","coordinates":[-81.78212,30.1254]},"properties":{"kind":"court","sport":"basketball","lit":"untagged","p_lit":0.5,"fixtures":3.0,"name":null,"county":"12019"}},{"type":"Feature","geometry":{"type":"Point","coordinates":[-81.78257,30.12506]},"properties":{"kind":"field","sport":"baseball","lit":"untagged","p_lit":0.5,"fixtures":10.0,"name":null,"county":"12019"}},{"type":"Feature","geometry":{"type":"Point","coordinates":[-81.78254,30.12585]},"properties":{"kind":"field","sport":"baseball","lit":"untagged","p_lit":0.5,"fixtures":10.0,"name":null,"county":"12019"}},{"type":"Feature","geometry":{"type":"Point","coordinates":[-81.72679,30.11547]},"properties":{"kind":"field","sport":"soccer","lit":"yes","p_lit":1.0,"fixtures":20.0,"name":"Field 17","county":"12019"}},{"type":"Feature","geometry":{"type":"Point","coordinates":[-81.72585,30.11547]},"properties":{"kind":"field","sport":"soccer","lit":"yes","p_lit":1.0,"fixtures":20.0,"name":"Field 16","county":"12019"}},{"type":"Feature","geometry":{"type":"Point","coordinates":[-81.72461,30.11549]},"properties":{"kind":"field","sport":"soccer","lit":"yes","p_lit":1.0,"fixtures":20.0,"name":"Field 1 5","county":"12019"}},{"type":"Feature","geometry":{"type":"Point","coordinates":[-81.72477,30.11622]},"properties":{"kind":"field","sport":"soccer","lit":"untagged","p_lit":0.5,"fixtures":10.0,"name":"Field 6","county":"12019"}},{"type":"Feature","geometry":{"type":"Point","coordinates":[-81.72476,30.11655]},"properties":{"kind":"field","sport":"soccer","lit":"untagged","p_lit":0.5,"fixtures":10.0,"name":"Field 5","county":"12019"}},{"type":"Feature","geometry":{"type":"Point","coordinates":[-81.72356,30.11582]},"properties":{"kind":"field","sport":"soccer","lit":"yes","p_lit":1.0,"fixtures":20.0,"name":"Field 12","county":"12019"}},{"type":"Feature","geometry":{"type":"Point","coordinates":[-81.72359,30.11533]},"properties":{"kind":"field","sport":"soccer","lit":"yes","p_lit":1.0,"fixtures":20.0,"name":"Field 14","county":"12019"}},{"type":"Feature","geometry":{"type":"Point","coordinates":[-81.72307,30.11522]},"properties":{"kind":"field","sport":"soccer","lit":"yes","p_lit":1.0,"fixtures":20.0,"name":"The Marshmallow","county":"12019"}},{"type":"Feature","geometry":{"type":"Point","coordinates":[-81.72239,30.11639]},"properties":{"kind":"field","sport":"soccer","lit":"untagged","p_lit":0.5,"fixtures":10.0,"name":"Field 8","county":"12019"}},{"type":"Feature","geometry":{"type":"Point","coordinates":[-81.72235,30.11588]},"properties":{"kind":"field","sport":"soccer","lit":"yes","p_lit":1.0,"fixtures":20.0,"name":"Field 9","county":"12019"}},{"type":"Feature","geometry":{"type":"Point","coordinates":[-81.72237,30.11553]},"properties":{"kind":"field","sport":"soccer","lit":"yes","p_lit":1.0,"fixtures":20.0,"name":"Field 10","county":"12019"}},{"type":"Feature","geometry":{"type":"Point","coordinates":[-81.72238,30.11517]},"properties":{"kind":"field","sport":"soccer","lit":"yes","p_lit":1.0,"fixtures":20.0,"name":"Field 11","county":"12019"}},{"type":"Feature","geometry":{"type":"Point","coordinates":[-81.72727,30.15209]},"properties":{"kind":"court","sport":"basketball","lit":"untagged","p_lit":0.5,"fixtures":3.0,"name":null,"county":"12019"}},{"type":"Feature","geometry":{"type":"Point","coordinates":[-81.76743,30.16903]},"properties":{"kind":"court","sport":"tennis","lit":"yes","p_lit":1.0,"fixtures":6.0,"name":null,"county":"12019"}},{"type":"Feature","geometry":{"type":"Point","coordinates":[-81.76762,30.16899]},"properties":{"kind":"court","sport":"tennis","lit":"yes","p_lit":1.0,"fixtures":6.0,"name":null,"county":"12019"}},{"type":"Feature","geometry":{"type":"Point","coordinates":[-81.76689,30.16918]},"properties":{"kind":"court","sport":"tennis","lit":"yes","p_lit":1.0,"fixtures":6.0,"name":null,"county":"12019"}},{"type":"Feature","geometry":{"type":"Point","coordinates":[-81.76707,30.16913]},"properties":{"kind":"court","sport":"tennis","lit":"yes","p_lit":1.0,"fixtures":6.0,"name":null,"county":"12019"}},{"type":"Feature","geometry":{"type":"Point","coordinates":[-81.7669,30.16878]},"properties":{"kind":"court","sport":"tennis","lit":"yes","p_lit":1.0,"fixtures":6.0,"name":null,"county":"12019"}},{"type":"Feature","geometry":{"type":"Point","coordinates":[-81.76708,30.16874]},"properties":{"kind":"court","sport":"tennis","lit":"yes","p_lit":1.0,"fixtures":6.0,"name":null,"county":"12019"}},{"type":"Feature","geometry":{"type":"Point","coordinates":[-81.76731,30.16867]},"properties":{"kind":"court","sport":"tennis","lit":"yes","p_lit":1.0,"fixtures":6.0,"name":null,"county":"12019"}},{"type":"Feature","geometry":{"type":"Point","coordinates":[-81.76749,30.16863]},"properties":{"kind":"court","sport":"tennis","lit":"yes","p_lit":1.0,"fixtures":6.0,"name":null,"county":"12019"}},{"type":"Feature","geometry":{"type":"Point","coordinates":[-81.74612,30.17776]},"properties":{"kind":"court","sport":"tennis","lit":"untagged","p_lit":0.5,"fixtures":3.0,"name":null,"county":"12019"}},{"type":"Feature","geometry":{"type":"Point","coordinates":[-81.72554,30.16782]},"properties":{"kind":"field","sport":"soccer","lit":"untagged","p_lit":0.5,"fixtures":10.0,"name":null,"county":"12019"}},{"type":"Feature","geometry":{"type":"Point","coordinates":[-81.73136,30.17592]},"properties":{"kind":"field","sport":"american_football","lit":"untagged","p_lit":0.5,"fixtures":10.0,"name":null,"county":"12019"}},{"type":"Feature","geometry":{"type":"Point","coordinates":[-81.72614,30.1692]},"properties":{"kind":"field","sport":"baseball","lit":"untagged","p_lit":0.5,"fixtures":10.0,"name":null,"county":"12019"}},{"type":"Feature","geometry":{"type":"Point","coordinates":[-81.72747,30.17012]},"properties":{"kind":"field","sport":"baseball","lit":"untagged","p_lit":0.5,"fixtures":10.0,"name":null,"county":"12019"}},{"type":"Feature","geometry":{"type":"Point","coordinates":[-81.7315,30.17757]},"properties":{"kind":"field","sport":"baseball","lit":"untagged","p_lit":0.5,"fixtures":10.0,"name":null,"county":"12019"}},{"type":"Feature","geometry":{"type":"Point","coordinates":[-81.7318,30.17637]},"properties":{"kind":"field","sport":"baseball","lit":"untagged","p_lit":0.5,"fixtures":10.0,"name":null,"county":"12019"}},{"type":"Feature","geometry":{"type":"Point","coordinates":[-81.73173,30.17681]},"properties":{"kind":"field","sport":"baseball","lit":"untagged","p_lit":0.5,"fixtures":10.0,"name":null,"county":"12019"}},{"type":"Feature","geometry":{"type":"Point","coordinates":[-81.73109,30.17684]},"properties":{"kind":"field","sport":"baseball","lit":"untagged","p_lit":0.5,"fixtures":10.0,"name":null,"county":"12019"}},{"type":"Feature","geometry":{"type":"Point","coordinates":[-81.73154,30.17822]},"properties":{"kind":"field","sport":"baseball","lit":"untagged","p_lit":0.5,"fixtures":10.0,"name":null,"county":"12019"}},{"type":"Feature","geometry":{"type":"Point","coordinates":[-81.72806,30.18343]},"properties":{"kind":"court","sport":"tennis","lit":"untagged","p_lit":0.5,"fixtures":3.0,"name":null,"county":"12019"}},{"type":"Feature","geometry":{"type":"Point","coordinates":[-81.71863,30.18574]},"properties":{"kind":"court","sport":"tennis","lit":"untagged","p_lit":0.5,"fixtures":3.0,"name":null,"county":"12019"}},{"type":"Feature","geometry":{"type":"Point","coordinates":[-81.7156,30.18602]},"properties":{"kind":"court","sport":"tennis","lit":"untagged","p_lit":0.5,"fixtures":3.0,"name":null,"county":"12019"}},{"type":"Feature","geometry":{"type":"Point","coordinates":[-81.69953,30.18747]},"properties":{"kind":"court","sport":"tennis","lit":"untagged","p_lit":0.5,"fixtures":3.0,"name":null,"county":"12019"}},{"type":"Feature","geometry":{"type":"Point","coordinates":[-82.36488,29.63861]},"properties":{"kind":"stadium","sport":"softball","lit":"untagged","p_lit":1.0,"fixtures":60.0,"name":"Katie Seashole Pressly Stadium","county":"12001"}},{"type":"Feature","geometry":{"type":"Point","coordinates":[-82.36349,29.63662]},"properties":{"kind":"stadium","sport":"baseball","lit":"yes","p_lit":1.0,"fixtures":60.0,"name":"Condron Family Ballpark","county":"12001"}},{"type":"Feature","geometry":{"type":"Point","coordinates":[-82.36338,29.63672]},"properties":{"kind":"field","sport":"baseball","lit":"untagged","p_lit":0.5,"fixtures":10.0,"name":"Alfred A. McKethan Field","county":"12001"}},{"type":"Feature","geometry":{"type":"Point","coordinates":[-82.35455,29.64935]},"properties":{"kind":"track","sport":"running","lit":"yes","p_lit":1.0,"fixtures":12.0,"name":"Percy Beard Track","county":"12001"}}]}