{"type":"FeatureCollection","features":[{"type":"Feature","geometry":{"type":"Point","coordinates":[-82.324039,29.651814]},"properties":{"id":"sankofa-hilliard-nunn","title":"Sankofa","artist":"George Gadson","year":2023,"status":"existing","setting":"outdoor","type":"figure","material":"mixed","height":2.5,"width":1.0,"dims_estimated":true,"bearing":180,"bearing_estimated":true,"lit":false,"provenance":"county","scale":"medium","owner":"Alachua County","address":"12 SE 1st St, Gainesville, FL 32601","location_note":"West Lawn of the Alachua County Administration Building (corner of University Ave and Main St), on the site left empty when a Confederate statue was removed in 2017","budget":75000,"budget_note":"County call-to-artists budget $75,000 (2022). WCJB (May 2022) reported a $50,000 project cost within a $75,000 estimated total; WUFT (Dec 2021) reported the budget raised from $38,000 to $100,000 with an anonymous donor match. Final contract amount not found.","artist_local":false,"source_url":"https://alachuacounty.us/news/Article/pages/Sankofa-Statue-Honoring-Dr-Nunn-Unveiled.aspx","notes":"Unveiled Juneteenth, June 19, 2023; honors Dr. Patricia Hilliard-Nunn. Depicts the Sankofa bird. Artist is from Broward County (George Gadson Studios, Hollywood FL). Material and height not stated in sources (the call required durable, vandal-resistant materials on an existing 12x12 ft concrete slab). Type 'figure' because it is a statue of an animal (the Sankofa bird).","located_by":"Census geocoder: 12 SE 1ST ST, GAINESVILLE, FL, 32601","in_city":true}},{"type":"Feature","geometry":{"type":"Point","coordinates":[-82.395189,29.626395]},"properties":{"id":"bounce-sports-events-center","title":"Bounce","artist":"Jenn Garrett","year":2023,"status":"existing","setting":"outdoor","type":"sculpture","material":"steel","height":3.0,"width":2.0,"dims_estimated":true,"bearing":180,"bearing_estimated":true,"lit":false,"provenance":"county","scale":"medium","owner":"Alachua County","address":"4870 Celebration Pointe Ave, Gainesville, FL 32608","location_note":"On Celebration Pointe Ave at the Alachua County Sports & Events Center","budget":55000,"budget_note":"Call-to-artists budget ($55,000) as listed on the County Arts Council's Monochronicle page; final contract amount not found.","artist_local":true,"source_url":"https://alachuacounty.us/news/Article/Pages/Bounce-Sculpture-Installation-Coming-Thursday-.aspx","notes":"Installed Thursday, Sept 28, 2023; commissioned June 2022 through the County's Art in Public Places program. About one ton; arcing forms topped with stainless-steel basketballs, volleyballs, cheer pompoms and pickleballs at roughly three times actual size (one basketball is 36 in). Stainless steel with colorful finishes. Fabricated with Boone Welding, JWM Engineering and Viking Construction. Height not published. ZIP 32608 is from the OSM address of the Sports & Events Center (Monochronicle lists 'Celebration Pointe Drive, 32607').","located_by":"OpenStreetMap search for the address: Alachua County Sports and Events Center, 4870, Celebration Point Avenue, Celebration Pointe, Gainesville, Alachua County, Florida, 32608, United States","in_city":false}},{"type":"Feature","geometry":{"type":"Point","coordinates":[-82.449838,29.630655]},"properties":{"id":"acfr-station-80-firefighter","title":"Statue Honoring Alachua County Firefighters","artist":"Steven Whyte","year":2024,"status":"existing","setting":"outdoor","type":"figure","material":"bronze","height":2.5,"width":1.0,"dims_estimated":true,"bearing":180,"bearing_estimated":true,"lit":false,"provenance":"county","scale":"medium","owner":"Alachua County","address":"10180 SW 24th Ave, Gainesville, FL","location_note":"Grounds of Alachua County Fire Rescue Station 80","budget":65000,"budget_note":"Call-to-artists budget of $65,000 per sculpture (two bronze sculptures, Stations 21 and 80); final contract amount not found.","artist_local":false,"source_url":"https://alachuacounty.us/news/article/pages/Public-Works-Installs-New-Statue-Honoring-Alachua-County-Firefighters.aspx","notes":"The County's release (week of July 19, 2024) gives NO formal title; the title here is taken from the release headline. It describes 'a young female firefighter ready for duty' honoring County firefighters and the County's commitment to diversity. 'Lady Firefighter' is an informal name; the County does not use it in its release, and no approved source used it. Artist is from Carmel, California. Installed by Public Works Road & Bridge Division. The 2023 call listed Station #80 at 12825 NW US Hwy 441, Alachua and Station #21 at 10404 SW 24th Ave; the 2024 release puts Station 80 at 10180 SW 24th Ave, which is used here (no ZIP given in the source). A reader comment on Alachua Chronicle says a male counterpart was planned for Station 21; not verified. Height not published.","located_by":"Census geocoder: 10180 SW 24TH AVE, GAINESVILLE, FL, 32607","in_city":false}},{"type":"Feature","geometry":{"type":"Point","coordinates":[-82.326216,29.650229]},"properties":{"id":"lady-justice-public-defender","title":"Lady Justice","artist":"James Gabbert","year":2019,"status":"existing","setting":"outdoor","type":"figure","material":"bronze","height":2.5,"width":1.0,"dims_estimated":true,"bearing":180,"bearing_estimated":true,"lit":false,"provenance":"county","scale":"medium","owner":"Alachua County","address":"151 SW 2nd Ave, Gainesville, FL 32601","location_note":"Outside the Public Defender's Office","budget":null,"budget_note":null,"artist_local":null,"source_url":"https://www.visitgainesville.com/blog/lady-justice-public-art-in-gainesville-and-alachua-county/","notes":"Selected 2018, unveiled June 19, 2019. Lost-wax cast bronze of a seated, cross-legged figure holding scales as dishes in each hand, no blindfold, sheathed sword inscribed 'For the Defense'; pedestal carries an MLK quote. Source is Visit Gainesville (the county tourism agency); owner recorded as Alachua County Commission / Public Defender's Office.","located_by":"Census geocoder: 151 SW 2ND AVE, GAINESVILLE, FL, 32601","in_city":true}},{"type":"Feature","geometry":{"type":"Point","coordinates":[-82.325041,29.649487]},"properties":{"id":"justice-for-all-court-complex","title":"Justice for All","artist":"David Allan Clark","year":null,"status":"planned","setting":"outdoor","type":"figure","material":"bronze","height":2.5,"width":1.0,"dims_estimated":true,"bearing":180,"bearing_estimated":true,"lit":false,"provenance":"county","scale":"medium","owner":"Alachua County","address":"220 S Main St, Gainesville, FL 32601","location_note":"Outdoor plaza of the new Alachua County court complex, a civil courthouse addition on the south side of the criminal courthouse on S Main St (address is the criminal courthouse site)","budget":100000,"budget_note":"WCJB: $100,000 covering design, materials and installation.","artist_local":null,"source_url":"https://www.wcjb.com/2025/05/13/new-sculpture-symbolizing-justice-grace-downtown-gainesvilles-future-court-complex/","notes":"Selected unanimously by the County Commission on May 13, 2025. A take on Lady Justice with scales. Expected to be installed when the court complex opens in 2026; installation was NOT confirmed by any source found, so status is planned. Artist described as 'nationally recognized'; hometown not stated.","located_by":"Census geocoder: 220 S MAIN ST, GAINESVILLE, FL, 32601","in_city":true}},{"type":"Feature","geometry":{"type":"Point","coordinates":[-82.395189,29.626395]},"properties":{"id":"sports-events-center-silhouettes","title":"Sports-themed silhouettes (Sports & Events Center east wall)","artist":"Gus and Lina Fine Art","year":2023,"status":"existing","setting":"outdoor","type":"wall","material":"mixed","height":4.27,"width":20.0,"dims_estimated":true,"bearing":90,"bearing_estimated":false,"lit":false,"provenance":"county","scale":"large","owner":"Alachua County","address":"4870 Celebration Pointe Ave, Gainesville, FL 32608","location_note":"Exterior east wall of the Alachua County Sports & Events Center","budget":20000,"budget_note":"Call-to-artists budget for the 'High Sports Themed Silhouettes Installation' ($20,000); final amount not found.","artist_local":null,"source_url":"https://www.wuft.org/2023-06-12/alachua-county-sports-events-center-hosts-grand-opening-and-open-house","notes":"WUFT (June 2023 grand opening): '14-foot sports-themed decals by Gus and Lina Fine Art' showing pickleball, basketball, cheer, track and field, baseball and volleyball. Described as decals, so material is not one of the coded types (left null). Title is descriptive, not official. Height 14 ft from the source; total length not published. Lighting not stated.","located_by":"OpenStreetMap search for the address: Alachua County Sports and Events Center, 4870, Celebration Point Avenue, Celebration Pointe, Gainesville, Alachua County, Florida, 32608, United States","in_city":false}},{"type":"Feature","geometry":{"type":"Point","coordinates":[-82.321072,29.643856]},"properties":{"id":"heart-wall-depot-park","title":"HeART Wall","artist":"Sarah Hinds","year":2024,"status":"existing","setting":"outdoor","type":"wall","material":"mosaic","height":2.4,"width":63.4,"dims_estimated":true,"bearing":180,"bearing_estimated":true,"lit":false,"provenance":"partner","scale":"landmark","owner":null,"address":"874 SE 4th St, Gainesville, FL 32601","location_note":"Across the street from Depot Park, downtown Gainesville (WCJB); UF Health Arts in Medicine gives 874 SE 4th St, which is Depot Park's own address. The specific wall and its owner are not named in any source found.","budget":null,"budget_note":null,"artist_local":true,"source_url":"https://artsinmedicine.ufhealth.org/programs/community-programs-2/visual-art/heartwall/","notes":"Community-engaged mosaic mural of 2,500+ glass-tile mosaic hearts made Nov 2023 to May 2024 (WCJB says 3,000+); ribbon cutting July 27, 2024. Funded by One Nation One Project via UF Health Shands Arts in Medicine; AIM also lists the City of Gainesville, Florida Division of Arts and Culture, Alachua County School Board, GRU, Children's Miracle Network, Arts for Everybody, CROM and UF Health Facilities as partners. Collaborators Jennifer Kuhns and Cherie Bosela. Length 208 ft per AIM and WUFT (WCJB says about 250 ft); height not published. Facing direction unknown because the wall is not identified.","located_by":"Census geocoder: 874 4TH ST, GAINESVILLE, FL, 32601","in_city":true}},{"type":"Feature","geometry":{"type":"Point","coordinates":[-82.330821,29.657942]},"properties":{"id":"common-light-gpd-fence","title":"Common Light","artist":"Sarah Hinds","year":null,"status":"planned","setting":"outdoor","type":"fence","material":"mixed","height":1.52,"width":3.05,"dims_estimated":false,"bearing":180,"bearing_estimated":true,"lit":false,"provenance":"municipal","scale":"small","owner":"City of Gainesville","address":"721 NW 6th St, Gainesville, FL 32601","location_note":"Fence section between the new GPD Property & Evidence Building (SW corner of NW 6th St and NW 8th Ave, next to the GPD administration building) and the adjacent 6th Street Rails-to-Trails multi-use path; separates a GPD parking area from the trail","budget":100000,"budget_note":"WCJB: $100,000 total, with $80,000 to the selected artist and $20,000 kept in the Art in Public Places Trust Fund for maintenance. The City's call (Feb 2026) gave an $80,000 all-inclusive artist budget.","artist_local":true,"source_url":"https://www.gainesvillefl.gov/News-articles/GPD-Public-Art-Fencing-Project-selection","notes":"Selection announced Aug 7, 2026, after Art in Public Places Trust review with GPD and design-team input; 1,162 community members took part in the exhibition and survey. Circular forms evoking citrus slices, bicycle wheels, train wheels and sunlight. Size 5 ft by 10 ft; height 5 ft and width 10 ft is an assumption (the source does not say which is which). Unveiling expected mid-2027 after the building is completed. Address 721 NW 6th St is from the City's call to artists. Funded under the 1989 ordinance (1% of construction, capped at $100,000). Materials not specified.","located_by":"Census geocoder: 721 NW 6TH ST, GAINESVILLE, FL, 32601","in_city":true}},{"type":"Feature","geometry":{"type":"Point","coordinates":[-82.325085,29.656905]},"properties":{"id":"al-black-highwaymen-mural","title":"Florida Highwaymen landscape mural","artist":"Al Black","year":2022,"status":"removed","setting":"outdoor","type":"mural","material":"acrylic_mural","height":2.44,"width":9.75,"dims_estimated":false,"bearing":180,"bearing_estimated":true,"lit":false,"provenance":"municipal","scale":"medium","owner":"City of Gainesville","address":"602 N Main St, Gainesville, FL 32601","location_note":"Corner of N Main St and NE 6th Ave (former location)","budget":null,"budget_note":null,"artist_local":null,"source_url":"https://www.gainesvillefl.gov/News-articles/Highwaymen-mural-restoration","notes":"Commissioned by the City in 2022 through 352walls; painted Aug 23-25, 2022 with regional muralist Fabian Sanchez. Painted on panels, 8 ft by 32 ft (Gainesville Sun, Aug 19, 2022, via Yahoo syndication), so it can be moved. REMOVED from this site in July 2026 (last public viewing July 12, 2026) for professional restoration after about four years outdoors; the City plans to reinstall it at a new, more sheltered permanent location that has not been named. No formal title found. Paint type not stated.","located_by":"Census geocoder: 602 N MAIN ST, GAINESVILLE, FL, 32601","in_city":true}},{"type":"Feature","geometry":{"type":"Point","coordinates":[-82.372567,29.715755]},"properties":{"id":"tonic-of-wildness-northside-park","title":"The Tonic of Wildness","artist":"Ernesto Maranje","year":2021,"status":"existing","setting":"outdoor","type":"mural","material":"acrylic_mural","height":6.0,"width":10.0,"dims_estimated":true,"bearing":180,"bearing_estimated":true,"lit":false,"provenance":"municipal","scale":"large","owner":"City of Gainesville","address":"5701 NW 34th Blvd, Gainesville, FL 32653","location_note":"Northside Park, on the racquetball court wall (the artist worked the wall's windows into the design)","budget":null,"budget_note":null,"artist_local":false,"source_url":"https://www.mainstreetdailynews.com/local-living/world-famous-artist-completes-mural-at-gainesville-park_id_10659c58-67d2-11eb-a4bb-ff3f64b88fe7","notes":"Completed Jan 30, 2021 after five days of painting. A wild horse running through foliage, inspired by Paynes Prairie. Funded jointly by the City's Wild Spaces & Public Places program and the Art in Public Places Trust, created through the 352walls project. Artist is a Miami native. Details are from the Mainstreet article as indexed by search (the page refuses automated fetches). Park address from search results for the City park page. Wall size and orientation not published; status not re-checked since 2021.","located_by":"Census geocoder: 5701 NW 34TH TER, GAINESVILLE, FL, 32653","in_city":true}},{"type":"Feature","geometry":{"type":"Point","coordinates":[-82.310989,29.65825]},"properties":{"id":"edward-the-eagle-reserve-park","title":"Edward the Eagle","artist":"John Andrews","year":2019,"status":"existing","setting":"outdoor","type":"figure","material":"mixed","height":2.5,"width":1.0,"dims_estimated":true,"bearing":180,"bearing_estimated":true,"lit":false,"provenance":"municipal","scale":"medium","owner":"City of Gainesville","address":null,"location_note":"Reserve Park, NE 8th Ave","budget":null,"budget_note":null,"artist_local":true,"source_url":"https://www.wcjb.com/content/news/Local-artist-creates-sculpture-on-display-at-soon-to-be-Reserve-Park-565458852.html","notes":"WCJB, Nov 25, 2019: the City partnered with local welder-sculptor John Andrews; about 400 lb, made entirely of recycled metals, roughly five months' work. Reserve Park was then under construction (opening expected early 2020). Material is recycled scrap metal, not a single coded type (left null). Height not published; status not re-checked.","located_by":"approximate, OpenStreetMap place search: Reserve Park, Gainesville, Alachua County, Florida, United States","in_city":true}},{"type":"Feature","geometry":{"type":"Point","coordinates":[-82.333108,29.659483]},"properties":{"id":"social-justice-murals-oakview-park","title":"Gainesville Social Justice Mural Project panels (Oakview Park)","artist":"Thomas Berdugo; Jenna Horner","year":2020,"status":"removed","setting":"outdoor","type":"mural","material":"acrylic_mural","height":6.0,"width":10.0,"dims_estimated":true,"bearing":180,"bearing_estimated":true,"lit":false,"provenance":"municipal","scale":"large","owner":"City of Gainesville","address":"810 NW 8th Ave, Gainesville, FL 32601","location_note":"Oakview Park; murals painted on plywood panels fixed to wooden posts","budget":null,"budget_note":"Underwritten by the fund marking the City's 150th anniversary of incorporation; amount not published.","artist_local":null,"source_url":"https://www.yahoo.com/news/vandals-spray-paint-over-national-210610163.html","notes":"Part of the City's 352walls Community Artist Program (12 artist teams, painting began Dec 5, 2020), which helped earn second place in the National League of Cities Cultural Diversity Award. Intended as temporary. Vandalized in April 2022; the Gainesville Sun (Apr 11, 2022, via Yahoo syndication) reported that the painted-over panels 'have since been taken down', hence status removed. Panels at the MLK Multipurpose Center, Porters Community Center and Possum Creek Skate Park are not listed because their current status could not be confirmed.","located_by":"Census geocoder: 810 NW 8TH AVE, GAINESVILLE, FL, 32601","in_city":true}},{"type":"Feature","geometry":{"type":"Point","coordinates":[-82.394524,29.659647]},"properties":{"id":"social-justice-murals-cofrin-park","title":"Gainesville Social Justice Mural Project panels (Cofrin Nature Park)","artist":"Robert Ponzio; Mimi Stocker; Lauren Donnellan","year":2020,"status":"removed","setting":"outdoor","type":"mural","material":"acrylic_mural","height":6.0,"width":10.0,"dims_estimated":true,"bearing":180,"bearing_estimated":true,"lit":false,"provenance":"municipal","scale":"large","owner":"City of Gainesville","address":"4810 NW 8th Ave, Gainesville, FL 32605","location_note":"Cofrin Nature Park; plywood panels on wooden posts","budget":null,"budget_note":"Underwritten by the City's 150th-anniversary fund; amount not published.","artist_local":null,"source_url":"https://www.yahoo.com/news/vandals-spray-paint-over-national-210610163.html","notes":"WCJB lists Robert Ponzio and Mimi Stocker at Cofrin. The Gainesville Sun lists a Patricia Hilliard-Nunn panel by Mimi Stocker and Lauren Donnellan and a Rosa Parks / Constitution panel by Robert Ponzio with Oak Hall students; both were vandalized in Nov 2021. Status 'removed' is an INFERENCE from the Sun's statement that the painted-over panels were taken down; not separately confirmed for Cofrin. OSM has an unnamed tourism=artwork 'installation' node in Cofrin Nature Park (node 9429812809) whose identity is unknown.","located_by":"Census geocoder: 4810 NW 8TH AVE, GAINESVILLE, FL, 32605","in_city":true}},{"type":"Feature","geometry":{"type":"Point","coordinates":[-82.325183,29.651119]},"properties":{"id":"bik-ismo-chrome-gator-the-bull","title":"Chrome Gator (352walls mural by Bik Ismo)","artist":"Bik Ismo (Joshua Santos Rivera)","year":2018,"status":"existing","setting":"outdoor","type":"mural","material":"acrylic_mural","height":6.0,"width":10.0,"dims_estimated":true,"bearing":270,"bearing_estimated":false,"lit":false,"provenance":"municipal","scale":"large","owner":null,"address":"18 SW 1st Ave, Gainesville, FL 32601","location_note":"West wall of The Bull, downtown","budget":null,"budget_note":null,"artist_local":false,"source_url":"https://www.wcjb.com/content/news/New-mural-being-created-in-Downtown-Gainesville-501098501.html","notes":"WCJB (Nov 22, 2018): a photorealistic chrome alligator by a Puerto Rican artist, sponsored by the City of Gainesville in the 4th year of 352walls, which the City described as 'a changing gallery' where murals are periodically replaced. Coded municipal because it was City-sponsored. Title is descriptive. Status not re-checked since 2018. The 2015 352walls mural by Axel Void was also reported at The Bull, but only by a source not used here, so it is not listed.","located_by":"Census geocoder: 18 SW 1ST AVE, GAINESVILLE, FL, 32601","in_city":true}},{"type":"Feature","geometry":{"type":"Point","coordinates":[-82.337807,29.64665]},"properties":{"id":"rejoined-university-heights","title":"Rejoined","artist":"Brad Smith","year":2009,"status":"existing","setting":"outdoor","type":"sculpture","material":"mixed","height":3.0,"width":2.0,"dims_estimated":true,"bearing":180,"bearing_estimated":true,"lit":false,"provenance":"cra","scale":"medium","owner":null,"address":null,"location_note":"Between SW 13th Street and Norman Hall, at the UF campus edge, as a gateway between UF and the University Heights neighborhood","budget":null,"budget_note":null,"artist_local":true,"source_url":"https://archive.news.ufl.edu/articles/2009/03/artwork-connects-campus-and-gainesville.html","notes":"UF News, March 4, 2009: funded by the (then) Gainesville Community Redevelopment Agency and coordinated by the City's Art in Public Places Trust. A split column joined by three stainless-steel bars, partly built from material salvaged from the old downtown Federal Building (so material is mixed stainless steel and salvaged stone/masonry, left null). Artist was a UF School of Art and Art History sculpture lab specialist. Exact install date and current status not verified since 2009; it is not mapped in OSM.","located_by":"approximate, OpenStreetMap place search: Norman Hall, 1221, Southwest 5th Avenue, Gainesville, Alachua County, Florida, 32611, United States","in_city":true}},{"type":"Feature","geometry":{"type":"Point","coordinates":[-82.326655,29.651922]},"properties":{"id":"352walls-2501-university-ave","title":"352walls mural by 2501","artist":"2501 (Jacopo Ceccarelli)","year":2015,"status":"existing","setting":"outdoor","type":"mural","material":"acrylic_mural","height":6.0,"width":10.0,"dims_estimated":true,"bearing":180,"bearing_estimated":true,"lit":false,"provenance":"partner","scale":"large","owner":null,"address":"201 W University Ave, Gainesville, FL 32601","location_note":"Building at the SW corner of W University Ave and SW 2nd St (home of the :08 Seconds bar, managed by Nautilus Realty); the mural wraps the corner","budget":null,"budget_note":"Artist honorarium $2,000 (Business Report of North Central Florida); total project value not published.","artist_local":false,"source_url":"https://brncf.com/352walls-painting-the-town-with-murals/","notes":"Preview mural for 352walls, painted June 2015 by an Italian muralist. It wraps the building corner facing the intersection, which by the building's position at the SW corner means the north (University Ave) and east (SW 2nd St) faces; inferred, not stated, so facade_bearing is null. Status not re-checked; 352walls murals were described as temporary.","located_by":"Census geocoder: 201 W UNIVERSITY AVE, GAINESVILLE, FL, 32601","in_city":true}},{"type":"Feature","geometry":{"type":"Point","coordinates":[-82.325066,29.652207]},"properties":{"id":"352walls-pastel-the-top","title":"352walls mural by Pastel","artist":"Pastel","year":2015,"status":"existing","setting":"outdoor","type":"mural","material":"acrylic_mural","height":6.0,"width":10.0,"dims_estimated":true,"bearing":180,"bearing_estimated":true,"lit":false,"provenance":"partner","scale":"large","owner":null,"address":"30 N Main St, Gainesville, FL 32601","location_note":"The Top restaurant, downtown; two-part mural","budget":null,"budget_note":null,"artist_local":false,"source_url":"https://www.wuft.org/news/2015/12/16/352walls-project-adds-culture-and-inspiration-to-city/","notes":"Argentine artist, Nov 2015 international phase of 352walls. The address is The Top's address from OpenStreetMap, not from the source. A title ('Main Pollution') appears only in a source not used here. Which wall is not stated; status not re-checked.","located_by":"Census geocoder: 30 N MAIN ST, GAINESVILLE, FL, 32601","in_city":true}},{"type":"Feature","geometry":{"type":"Point","coordinates":[-82.325164,29.651005]},"properties":{"id":"352walls-franco-fasoli-shadow-health","title":"352walls mural by Franco Fasoli (JAZ)","artist":"Franco Fasoli (JAZ)","year":2015,"status":"existing","setting":"outdoor","type":"mural","material":"acrylic_mural","height":6.0,"width":10.0,"dims_estimated":true,"bearing":180,"bearing_estimated":true,"lit":false,"provenance":"partner","scale":"large","owner":null,"address":"15 SW 1st Ave, Gainesville, FL 32601","location_note":"Shadow Health building, SW 1st Ave","budget":null,"budget_note":null,"artist_local":false,"source_url":"https://guidetogreatergainesville.com/gainesville-352walls/","notes":"Buenos Aires artist; a 'three-step deconstruction' mural (Arrested Motion recap). Wall side not stated; status not re-checked.","located_by":"Census geocoder: 15 SW 1ST AVE, GAINESVILLE, FL, 32601","in_city":true}},{"type":"Feature","geometry":{"type":"Point","coordinates":[-82.326035,29.651108]},"properties":{"id":"352walls-leo-looseys","title":"352walls mural by L.E.O.","artist":"L.E.O.","year":2015,"status":"existing","setting":"outdoor","type":"mural","material":"acrylic_mural","height":6.0,"width":10.0,"dims_estimated":true,"bearing":180,"bearing_estimated":true,"lit":false,"provenance":"partner","scale":"large","owner":null,"address":"120 SW 1st Ave, Gainesville, FL 32601","location_note":"Loosey's bar, SW 1st Ave","budget":null,"budget_note":null,"artist_local":false,"source_url":"https://guidetogreatergainesville.com/gainesville-352walls/","notes":"Miami-based artist, 352walls 2015. Wall side not stated; status not re-checked.","located_by":"Census geocoder: 120 SW 1ST AVE, GAINESVILLE, FL, 32601","in_city":true}},{"type":"Feature","geometry":{"type":"Point","coordinates":[-82.327835,29.651112]},"properties":{"id":"352walls-evoca1-garage-south","title":"352walls mural by Evoca1","artist":"Evoca1","year":2015,"status":"existing","setting":"outdoor","type":"mural","material":"acrylic_mural","height":6.0,"width":10.0,"dims_estimated":true,"bearing":180,"bearing_estimated":false,"lit":false,"provenance":"partner","scale":"large","owner":"City of Gainesville","address":"105 SW 3rd St, Gainesville, FL 32601","location_note":"South wall of the downtown parking garage","budget":null,"budget_note":null,"artist_local":false,"source_url":"https://guidetogreatergainesville.com/gainesville-352walls/","notes":"Dominican-born, Miami-based artist; WUFT places the work in his 'Through The Perils Of Our Youth' series (about childhood and letting go). Garage ownership by the City is an assumption (it is described only as the 'Downtown Parking Garage'). Status not re-checked.","located_by":"Census geocoder: 105 SW 3RD ST, GAINESVILLE, FL, 32601","in_city":true}},{"type":"Feature","geometry":{"type":"Point","coordinates":[-82.327835,29.651112]},"properties":{"id":"352walls-gaia-garage-north","title":"What Are the Aesthetics of Reinvestment","artist":"Gaia","year":2015,"status":"existing","setting":"outdoor","type":"mural","material":"acrylic_mural","height":6.0,"width":10.0,"dims_estimated":true,"bearing":0,"bearing_estimated":false,"lit":false,"provenance":"partner","scale":"large","owner":"City of Gainesville","address":"105 SW 3rd St, Gainesville, FL 32601","location_note":"North wall of the downtown parking garage","budget":null,"budget_note":null,"artist_local":false,"source_url":"https://guidetogreatergainesville.com/gainesville-352walls/","notes":"Baltimore-based artist, 352walls 2015; a portrait-based mural. Title from the Arrested Motion recap. Garage ownership by the City is an assumption (see the Evoca1 entry). Status not re-checked.","located_by":"Census geocoder: 105 SW 3RD ST, GAINESVILLE, FL, 32601","in_city":true}},{"type":"Feature","geometry":{"type":"Point","coordinates":[-82.325982,29.651108]},"properties":{"id":"352walls-interesni-kazki-market-street-pub","title":"352walls mural by Interesni Kazki","artist":"Interesni Kazki (AEC & Waone)","year":2016,"status":"existing","setting":"outdoor","type":"mural","material":"acrylic_mural","height":6.0,"width":10.0,"dims_estimated":true,"bearing":180,"bearing_estimated":true,"lit":false,"provenance":"partner","scale":"large","owner":null,"address":"112 SW 1st Ave, Gainesville, FL 32601","location_note":"Market Street Pub, SW 1st Ave","budget":null,"budget_note":null,"artist_local":false,"source_url":"https://guidetogreatergainesville.com/gainesville-352walls/","notes":"Ukrainian duo; phase two of 352walls, scheduled to begin Jan 11 (2016) per WUFT. Arrested Motion describes a two-piece mural. Year 2016 is inferred from that schedule. Status not re-checked.","located_by":"Census geocoder: 112 SW 1ST AVE, GAINESVILLE, FL, 32601","in_city":true}},{"type":"Feature","geometry":{"type":"Point","coordinates":[-82.32483,29.65194]},"properties":{"id":"352walls-add-fuel-main-university","title":"352walls work by Add Fuel","artist":"Add Fuel (Diogo Machado)","year":2015,"status":"existing","setting":"outdoor","type":"mural","material":"acrylic_mural","height":6.0,"width":10.0,"dims_estimated":true,"bearing":180,"bearing_estimated":true,"lit":false,"provenance":"partner","scale":"large","owner":null,"address":null,"location_note":"Corner of Main St and W University Ave","budget":null,"budget_note":null,"artist_local":false,"source_url":"https://guidetogreatergainesville.com/gainesville-352walls/","notes":"Portuguese artist; work inspired by Portuguese tile patterns (Arrested Motion). A secondary blog describes the Add Fuel piece as painted on a GRU utility box; if so the type would be 'functional'. Not confirmed, so coded as mural. Status not re-checked.","located_by":"source coordinates","in_city":true}},{"type":"Feature","geometry":{"type":"Point","coordinates":[-82.326975,29.661063]},"properties":{"id":"gaia-poetics-grove-street","title":"Poetics","artist":"Gaia","year":2017,"status":"existing","setting":"outdoor","type":"mural","material":"acrylic_mural","height":6.0,"width":10.0,"dims_estimated":true,"bearing":180,"bearing_estimated":true,"lit":false,"provenance":"partner","scale":"large","owner":null,"address":"231 NW 10th Ave, Gainesville, FL 32601","location_note":"Grove Street neighborhood","budget":null,"budget_note":"Monochronicle lists the project 'from $15,000'; not confirmed as the actual cost.","artist_local":false,"source_url":"https://monochronicle.com/property/vr-mural-painting/","notes":"Painted Feb/March 2017 for Changeville (Gainesville's social change festival), curated by Iryna Kanishcheva (Monochronicle). Portraits of educator and civil rights leader Wilhelmina Johnson and poet Jack Kerouac in a magnolia/azalea frame, painted alongside a parallel VR (Tilt Brush) work. Monochronicle labels it a 'temporary installation'. No news-outlet source found. Status not re-checked.","located_by":"Census geocoder: 231 NW 10TH AVE, GAINESVILLE, FL, 32601","in_city":true}},{"type":"Feature","geometry":{"type":"Point","coordinates":[-82.325062,29.6518]},"properties":{"id":"bo-diddley-mural-jeks","title":"Bo Diddley mural","artist":"JEKS","year":2022,"status":"existing","setting":"outdoor","type":"mural","material":"acrylic_mural","height":6.0,"width":10.0,"dims_estimated":true,"bearing":180,"bearing_estimated":true,"lit":false,"provenance":"partner","scale":"large","owner":"Bosshardt Realty","address":"16 S Main St, Gainesville, FL 32601","location_note":"Corrugated-metal section of the second-floor facade of Bosshardt Realty's downtown office","budget":null,"budget_note":null,"artist_local":false,"source_url":"https://alachuachronicle.com/bo-diddley-mural-comes-to-downtown-gainesville-curator-iryna-kanishcheva-of-monochronicle-teams-up-with-mural-artist-jeks/","notes":"Painted Nov 3-10, 2022, unveiled Nov 9, 2022. Two profiles and two portraits of Bo Diddley with his rectangular guitar. Artist from Greensboro, NC. Funded with support from the State of Florida Division of Arts and Culture and the Florida Council on Arts and Culture; curated by Monochronicle. Bosshardt Realty is described as supporting the work as building owner. Painted on corrugated metal (paint type not stated). Facade direction not stated.","located_by":"Census geocoder: 16 S MAIN ST, GAINESVILLE, FL, 32601","in_city":true}},{"type":"Feature","geometry":{"type":"Point","coordinates":[-82.37943,29.623326]},"properties":{"id":"leon-keer-anamorphic-gator-butler-plaza","title":"Anamorphic gator toy mural","artist":"Leon Keer","year":2020,"status":"existing","setting":"outdoor","type":"mural","material":"acrylic_mural","height":6.0,"width":10.0,"dims_estimated":true,"bearing":0,"bearing_estimated":false,"lit":false,"provenance":"private","scale":"large","owner":null,"address":null,"location_note":"North wall of the Jo-Ann Fabric store, Butler Plaza","budget":null,"budget_note":null,"artist_local":false,"source_url":"https://www.wcjb.com/content/news/Dutch-artist-finishes-anamorphic-mural-in-Gainesville-568043251.html","notes":"Completed by Feb 20, 2020; a 3D (anamorphic) gator toy by a Dutch artist. Sponsor not stated, so coded private (it is on a private shopping-center wall). Jo-Ann Fabric closed its stores nationally in 2025 (general knowledge, not from the source); the mural's current status was not checked.","located_by":"approximate, OpenStreetMap place search: Butler Plaza, Gainesville, Alachua County, Florida, United States","in_city":true}},{"type":"Feature","geometry":{"type":"Point","coordinates":[-82.479069,29.656546]},"properties":{"id":"ghf-america-250-eagle","title":"America 250 eagle sculpture","artist":"Glen Purdy","year":2026,"status":"existing","setting":"outdoor","type":"figure","material":"mixed","height":2.5,"width":7.32,"dims_estimated":true,"bearing":180,"bearing_estimated":true,"lit":true,"provenance":"private","scale":"medium","owner":"Gainesville Health & Fitness","address":null,"location_note":"In front of the main Gainesville Health & Fitness gym on W Newberry Rd","budget":null,"budget_note":null,"artist_local":true,"source_url":"https://www.wcjb.com/2026/07/01/eagle-sculpture-unveiled-gainesville-health-fitness-celebrate-america-250/","notes":"Unveiled July 1, 2026; TEMPORARY, on display through the end of 2026. Built of 1-inch PVC pipe with LED lighting (lit: true); about 1,200 lb with a 24-ft wingspan (width_m is the wingspan). Holds nine dog tags honoring Alachua County soldiers killed in Iraq and Afghanistan. The artist is a longtime GHF employee. Street number not verified.","located_by":"approximate, OpenStreetMap place search: Gainesville Health and Fitness, 4820, West Newberry Road, Gainesville, Alachua County, Florida, 32607, United States","in_city":false}},{"type":"Feature","geometry":{"type":"Point","coordinates":[-82.34432,29.64796]},"properties":{"id":"osm-alachua-french-fries","title":"Alachua","artist":"John Henry","year":1987,"status":"existing","setting":"outdoor","type":"sculpture","material":"painted_steel","height":9.75,"width":2.0,"dims_estimated":true,"bearing":180,"bearing_estimated":true,"lit":true,"provenance":"uf","scale":"large","owner":"University of Florida","address":null,"location_note":"UF main campus near Marston Science Library and the Reitz Union North Lawn","budget":null,"budget_note":null,"artist_local":null,"source_url":"https://www.openstreetmap.org/node/1637323042","notes":"Known informally as 'The French Fries' (OSM name; official_name 'Alachua'). OSM material=aluminium, colour=yellow; coded painted_steel as the nearest type (painted metal). Height 9.75 m and lit=yes from OSM tags. Also listed in UF's Art in State Buildings collection on the Public Art Archive (1988; merged with that record, see extra_sources).","located_by":"source coordinates","in_city":true}},{"type":"Feature","geometry":{"type":"Point","coordinates":[-82.34946,29.6447]},"properties":{"id":"osm-moses-physics","title":"Moses","artist":"John T. Young","year":1998,"status":"existing","setting":"outdoor","type":"sculpture","material":"steel","height":3.0,"width":2.0,"dims_estimated":true,"bearing":180,"bearing_estimated":true,"lit":false,"provenance":"uf","scale":"medium","owner":"University of Florida","address":null,"location_note":"UF campus near Phelps Lab and Reitz Ravine Woods (physics area)","budget":null,"budget_note":null,"artist_local":null,"source_url":"https://www.openstreetmap.org/node/4249725551","notes":"OSM artwork_type=installation, material=steel, start_date 1998. The Public Art Archive lists it at the Physics Building in UF's Art in State Buildings collection, made mainly of granite with steel (merged with that record, see extra_sources).","located_by":"source coordinates","in_city":true}},{"type":"Feature","geometry":{"type":"Point","coordinates":[-82.34377,29.64906]},"properties":{"id":"osm-turlington-rock","title":"Turlington Rock","artist":"Dr. James Eades","year":1984,"status":"existing","setting":"outdoor","type":"sculpture","material":"stone","height":3.0,"width":2.0,"dims_estimated":true,"bearing":180,"bearing_estimated":true,"lit":false,"provenance":"uf","scale":"medium","owner":"University of Florida","address":null,"location_note":"Near Turlington Hall, Rolfs Hall and Century Tower","budget":null,"budget_note":null,"artist_local":null,"source_url":"https://www.openstreetmap.org/node/4741925737","notes":"Known informally as 'The Potato' (OSM name; official_name 'Turlington Rock'). A roughly 10-ton stone on a pedestal, operated by the UF Department of Geological Sciences (OSM). OSM credits 'Dr. James Eades' in artist_name; he is better read as the person who placed it than as a sculptor (inference). Height 3 m from OSM.","located_by":"source coordinates","in_city":true}},{"type":"Feature","geometry":{"type":"Point","coordinates":[-82.34936,29.65229]},"properties":{"id":"osm-albert-and-alberta","title":"Albert & Alberta","artist":null,"year":null,"status":"existing","setting":"outdoor","type":"figure","material":"bronze","height":2.0,"width":1.0,"dims_estimated":true,"bearing":180,"bearing_estimated":true,"lit":true,"provenance":"uf","scale":"medium","owner":null,"address":null,"location_note":"Near Emerson Alumni Hall and the stadium lawn","budget":null,"budget_note":null,"artist_local":null,"source_url":"https://www.openstreetmap.org/node/4742232841","notes":"Bronze alligator mascot statues on a pedestal; OSM height 2 m, lit=yes, facing direction 180. Artist and year not tagged.","located_by":"source coordinates","in_city":true}},{"type":"Feature","geometry":{"type":"Point","coordinates":[-82.34206,29.65041]},"properties":{"id":"osm-albert-murphree-statue","title":"Albert A. Murphree","artist":"Paul Manship","year":1946,"status":"existing","setting":"outdoor","type":"figure","material":"mixed","height":2.5,"width":1.0,"dims_estimated":true,"bearing":180,"bearing_estimated":true,"lit":false,"provenance":"uf","scale":"medium","owner":"University of Florida","address":null,"location_note":"Near Plaza of the Americas, by Smathers Library, Peabody Hall and Criser Hall","budget":null,"budget_note":null,"artist_local":false,"source_url":"https://www.openstreetmap.org/node/5145535993","notes":"Memorial statue of UF's 2nd president (1909-1927). OSM has no material tag (probably bronze, but unverified). Paul Manship was not a Gainesville artist.","located_by":"source coordinates","in_city":true}},{"type":"Feature","geometry":{"type":"Point","coordinates":[-82.35001,29.65012]},"properties":{"id":"osm-heisman-tebow","title":"Tim Tebow (2007)","artist":"W. Stanley \"Sandy\" Proctor","year":2011,"status":"existing","setting":"outdoor","type":"figure","material":"bronze","height":2.5,"width":1.0,"dims_estimated":true,"bearing":180,"bearing_estimated":true,"lit":true,"provenance":"uf","scale":"medium","owner":null,"address":null,"location_note":"Heisman Trophy statues on the west side of Ben Hill Griffin Stadium","budget":null,"budget_note":null,"artist_local":false,"source_url":"https://www.openstreetmap.org/node/7984819935","notes":"One of three Heisman winner statues dedicated April 9, 2011 (OSM start_date). OSM: bronze, 2.5 m, lit=yes, faces 270. Probably owned by the University Athletic Association, which operates the stadium (not tagged).","located_by":"source coordinates","in_city":true}},{"type":"Feature","geometry":{"type":"Point","coordinates":[-82.35002,29.65008]},"properties":{"id":"osm-heisman-spurrier","title":"Steve Spurrier (1966)","artist":"W. Stanley \"Sandy\" Proctor","year":2011,"status":"existing","setting":"outdoor","type":"figure","material":"bronze","height":2.5,"width":1.0,"dims_estimated":true,"bearing":180,"bearing_estimated":true,"lit":true,"provenance":"uf","scale":"medium","owner":null,"address":null,"location_note":"Heisman Trophy statues on the west side of Ben Hill Griffin Stadium","budget":null,"budget_note":null,"artist_local":false,"source_url":"https://www.openstreetmap.org/node/7984819936","notes":"Heisman statue series, dedicated April 9, 2011 (OSM). Bronze, 2.5 m, lit=yes, faces 270.","located_by":"source coordinates","in_city":true}},{"type":"Feature","geometry":{"type":"Point","coordinates":[-82.35002,29.65004]},"properties":{"id":"osm-heisman-wuerffel","title":"Danny Wuerffel (1996)","artist":"W. Stanley \"Sandy\" Proctor","year":2011,"status":"existing","setting":"outdoor","type":"figure","material":"bronze","height":2.5,"width":1.0,"dims_estimated":true,"bearing":180,"bearing_estimated":true,"lit":true,"provenance":"uf","scale":"medium","owner":null,"address":null,"location_note":"Heisman Trophy statues on the west side of Ben Hill Griffin Stadium","budget":null,"budget_note":null,"artist_local":false,"source_url":"https://www.openstreetmap.org/node/7984819937","notes":"Heisman statue series, dedicated April 9, 2011 (OSM). Bronze, 2.5 m, lit=yes, faces 270.","located_by":"source coordinates","in_city":true}},{"type":"Feature","geometry":{"type":"Point","coordinates":[-82.3496,29.6488]},"properties":{"id":"osm-bull-gator","title":"Bull Gator","artist":null,"year":2008,"status":"existing","setting":"outdoor","type":"figure","material":"bronze","height":2.5,"width":1.0,"dims_estimated":true,"bearing":180,"bearing_estimated":true,"lit":true,"provenance":"uf","scale":"medium","owner":null,"address":null,"location_note":"Southwest of Ben Hill Griffin Stadium, near Weil Hall and the Engineering Clock Tower","budget":null,"budget_note":null,"artist_local":null,"source_url":"https://www.openstreetmap.org/node/7984819939","notes":"Bronze alligator on a pedestal; OSM start_date 2008, lit=yes, faces 230. Artist not tagged. A second, unnamed bronze alligator near the Courtyard of Champions (OSM node 7984819938) is not listed separately.","located_by":"source coordinates","in_city":true}},{"type":"Feature","geometry":{"type":"Point","coordinates":[-82.34049,29.65154]},"properties":{"id":"osm-gator-ubiquity","title":"Gator Ubiquity","artist":"Chris Williams","year":2015,"status":"existing","setting":"outdoor","type":"figure","material":"bronze","height":2.5,"width":1.0,"dims_estimated":true,"bearing":180,"bearing_estimated":true,"lit":false,"provenance":"uf","scale":"medium","owner":"University of Florida","address":null,"location_note":"Warrington College of Business, by Heavener, Bryan and Matherly halls; on a pedestal on a brick surface","budget":null,"budget_note":null,"artist_local":null,"source_url":"https://www.openstreetmap.org/node/8015328511","notes":"Bronze alligator (OSM sculpture=animal, start_date 2015).","located_by":"source coordinates","in_city":true}},{"type":"Feature","geometry":{"type":"Point","coordinates":[-82.35616,29.64556]},"properties":{"id":"osm-alpha-gator-statue","title":"Alpha Gator Statue","artist":"Jeff \"Gator\" Wilson","year":null,"status":"existing","setting":"outdoor","type":"figure","material":"bronze","height":2.5,"width":1.0,"dims_estimated":true,"bearing":180,"bearing_estimated":true,"lit":false,"provenance":"uf","scale":"medium","owner":null,"address":null,"location_note":"Fraternity Row (UF-operated area per OSM), near Museum Road","budget":null,"budget_note":null,"artist_local":null,"source_url":"https://www.openstreetmap.org/node/13689440538","notes":"Coded uf because it stands in the UF-operated Fraternity Row area; it may belong to a fraternity chapter rather than the University (not verified).","located_by":"source coordinates","in_city":true}},{"type":"Feature","geometry":{"type":"Point","coordinates":[-82.35507,29.64504]},"properties":{"id":"osm-lion-statue-fraternity-row","title":"Lion Statue","artist":null,"year":null,"status":"existing","setting":"outdoor","type":"figure","material":"stone","height":2.5,"width":1.0,"dims_estimated":true,"bearing":180,"bearing_estimated":true,"lit":false,"provenance":"uf","scale":"medium","owner":null,"address":null,"location_note":"Fraternity Row near Museum Road and Woodlawn Drive, by the Lake Alice Conservation Area","budget":null,"budget_note":null,"artist_local":null,"source_url":"https://www.openstreetmap.org/node/4270695539","notes":"Stone lion on a pedestal, facing 180 (OSM). Coded uf by location; likely associated with a fraternity house (not verified).","located_by":"source coordinates","in_city":true}},{"type":"Feature","geometry":{"type":"Point","coordinates":[-82.37226,29.64591]},"properties":{"id":"osm-34th-street-wall","title":"34th Street Wall","artist":null,"year":1979,"status":"existing","setting":"outdoor","type":"wall","material":"concrete","height":2.4,"width":341.4,"dims_estimated":true,"bearing":270,"bearing_estimated":false,"lit":false,"provenance":"partner","scale":"landmark","owner":"State of Florida (FDOT)","address":null,"location_note":"Retaining wall along SW 34th St (SR 121) beside the UF golf course","budget":null,"budget_note":null,"artist_local":null,"source_url":"https://www.openstreetmap.org/way/387038734","notes":"OSM tags it as artwork_type=street_art. A 1,120-ft poured-concrete retaining wall built by FDOT in 1979 (Wikipedia) that serves as a community graffiti board; repainted constantly. No provenance category fits (state-owned, not commissioned), so provenance is null. It carries the Tom Petty memorial mural first painted in Oct 2017 by Steve Blake Harrison; it was accidentally painted over in Feb 2026 and repainted. facade_bearing 270 (west) is an INFERENCE from the golf course lying east of SW 34th St. Lon/lat are the OSM way's center.","located_by":"source coordinates","in_city":true}},{"type":"Feature","geometry":{"type":"Point","coordinates":[-82.32292,29.65225]},"properties":{"id":"osm-mlk-memorial-garden","title":"Dr. Martin Luther King Jr.","artist":null,"year":null,"status":"existing","setting":"outdoor","type":"sculpture","material":"mixed","height":3.0,"width":2.0,"dims_estimated":true,"bearing":180,"bearing_estimated":true,"lit":false,"provenance":"partner","scale":"medium","owner":null,"address":null,"location_note":"Dr. Martin Luther King Jr. Memorial Garden, E University Ave near NE 1st Ave, downtown","budget":null,"budget_note":null,"artist_local":null,"source_url":"https://www.openstreetmap.org/node/10186157872","notes":"Known from OSM tags only (artwork_type=sculpture). Secondary web listings (not cited) describe a 1988 memorial garden next to the City Hall annex with a monument and a bronze relief portrait of Dr. King. Artist, material, owner and provenance could not be confirmed from an approved source, so provenance is null.","located_by":"source coordinates","in_city":true}},{"type":"Feature","geometry":{"type":"Point","coordinates":[-82.319527,29.659225]},"properties":{"id":"paa-28c663f4","title":"Urban Metal Organic","artist":"James Millikan Lasley","year":2012,"status":"existing","setting":"outdoor","type":"sculpture","material":"steel","height":3.0,"width":2.0,"dims_estimated":true,"bearing":180,"bearing_estimated":true,"lit":false,"provenance":"private","scale":"medium","owner":"Marilyn A. Wall Foundation","address":"516 NE 8th Avenue, Gainesville, FL 32601","location_note":"516 NE 8th Avenue","budget":null,"budget_note":null,"artist_local":null,"source_url":"https://www.publicartarchive.org/art/Urban-Metal-Organic/28c663f4","notes":"Setting: the record places it on a sidewalk.","located_by":"Public Art Archive coordinates","in_city":true}},{"type":"Feature","geometry":{"type":"Point","coordinates":[-82.324993,29.64959]},"properties":{"id":"paa-83fb349c","title":"Scales of Hammurabi","artist":"Jack Archibald","year":2001,"status":"existing","setting":"indoor","type":"mural","material":"glass","height":3.96,"width":12.19,"dims_estimated":false,"bearing":180,"bearing_estimated":true,"lit":false,"provenance":"county","scale":"large","owner":"Alachua County","address":"220 South Main Street, Gainesville, FL 32601","location_note":"Alachua County Criminal Justice Center","budget":null,"budget_note":null,"artist_local":null,"source_url":"https://www.publicartarchive.org/art/Scales-of-Hammurabi/83fb349c","notes":"Setting: in the main lobby (per the record). Dimensions as stated in the record.","located_by":"Public Art Archive coordinates","in_city":true}},{"type":"Feature","geometry":{"type":"Point","coordinates":[-82.351831,29.631345]},"properties":{"id":"paa-8383f9f0","title":"Flash Point","artist":"Steven Oakley","year":1988,"status":"existing","setting":"unverified","type":"sculpture","material":"painted_steel","height":3.0,"width":2.0,"dims_estimated":true,"bearing":180,"bearing_estimated":true,"lit":false,"provenance":"uf","scale":"medium","owner":"University of Florida's Art in State Buildings Program","address":"2250 Shealy Dr, Gainesville, FL 32608","location_note":"Animal Sciences Building","budget":null,"budget_note":null,"artist_local":null,"source_url":"https://www.publicartarchive.org/art/Flash-Point/8383f9f0","notes":"Setting: not stated in the record (unverified).","located_by":"Public Art Archive coordinates","in_city":true}},{"type":"Feature","geometry":{"type":"Point","coordinates":[-82.351527,29.63162]},"properties":{"id":"paa-93a2b61b","title":"Some Were Quite Blind","artist":"Carol K. Brown","year":1987,"status":"existing","setting":"unverified","type":"sculpture","material":"steel","height":3.0,"width":2.0,"dims_estimated":true,"bearing":180,"bearing_estimated":true,"lit":false,"provenance":"uf","scale":"medium","owner":"University of Florida's Art in State Buildings Program","address":"2250 Shealy Dr, Gainesville, FL 32608","location_note":"Animal Sciences Building","budget":null,"budget_note":null,"artist_local":null,"source_url":"https://www.publicartarchive.org/art/Some-Were-Quite-Blind/93a2b61b","notes":"Setting: not stated in the record (unverified).","located_by":"Public Art Archive coordinates","in_city":true}},{"type":"Feature","geometry":{"type":"Point","coordinates":[-82.351403,29.630931]},"properties":{"id":"paa-34e5d77e","title":"Wind Totem","artist":"Steven Oakley","year":1988,"status":"existing","setting":"unverified","type":"sculpture","material":"steel","height":3.0,"width":2.0,"dims_estimated":true,"bearing":180,"bearing_estimated":true,"lit":false,"provenance":"uf","scale":"medium","owner":"University of Florida's Art in State Buildings Program","address":"2250 Shealy Dr, Gainesville, FL 32608","location_note":"Animal Sciences Building","budget":null,"budget_note":null,"artist_local":null,"source_url":"https://www.publicartarchive.org/art/Wind-Totem/34e5d77e","notes":"Setting: not stated in the record (unverified).","located_by":"Public Art Archive coordinates","in_city":true}},{"type":"Feature","geometry":{"type":"Point","coordinates":[-82.344022,29.64677]},"properties":{"id":"paa-08f1c4cf","title":"Schooling Fish","artist":"Gar Waterman","year":2000,"status":"existing","setting":"unverified","type":"sculpture","material":"steel","height":3.0,"width":2.0,"dims_estimated":true,"bearing":180,"bearing_estimated":true,"lit":false,"provenance":"uf","scale":"medium","owner":"University of Florida's Art in State Buildings Program","address":"586 Newell Dr, Gainesville, FL 32603","location_note":"Aquatic Products Lab","budget":null,"budget_note":null,"artist_local":null,"source_url":"https://www.publicartarchive.org/art/Schooling-Fish/08f1c4cf","notes":"Setting: not stated in the record (unverified).","located_by":"Public Art Archive coordinates","in_city":true}},{"type":"Feature","geometry":{"type":"Point","coordinates":[-82.363679,29.642198]},"properties":{"id":"paa-7128b0ad","title":"Door Pulls","artist":"Tony Shipp","year":2000,"status":"existing","setting":"unverified","type":"functional","material":"steel","height":1.5,"width":1.5,"dims_estimated":true,"bearing":180,"bearing_estimated":true,"lit":false,"provenance":"uf","scale":"small","owner":"University of Florida's Art in State Buildings Program","address":"982 Museum Rd, Gainesville, FL 32603","location_note":"Baughman Meditation Center","budget":null,"budget_note":null,"artist_local":null,"source_url":"https://www.publicartarchive.org/art/Door-Pulls/7128b0ad","notes":"Setting: not stated in the record (unverified).","located_by":"Public Art Archive coordinates","in_city":true}},{"type":"Feature","geometry":{"type":"Point","coordinates":[-82.345919,29.640708]},"properties":{"id":"paa-5566719c","title":"Collocation 13 (NATURE)","artist":"Mickey Smith","year":2009,"status":"existing","setting":"indoor","type":"mural","material":"mixed","height":1.5,"width":2.0,"dims_estimated":true,"bearing":180,"bearing_estimated":true,"lit":false,"provenance":"uf","scale":"small","owner":"University of Florida's Art in State Buildings Program","address":"1275 Center Dr, Gainesville, FL 32611","location_note":"Biomedical Sciences","budget":null,"budget_note":null,"artist_local":null,"source_url":"https://www.publicartarchive.org/art/Collocation-13-NATURE-/5566719c","notes":"Setting: a painting, print, photograph, drawing, textile or stained glass.","located_by":"Public Art Archive coordinates","in_city":true}},{"type":"Feature","geometry":{"type":"Point","coordinates":[-82.347981,29.645057]},"properties":{"id":"paa-8992207e","title":"Biplane","artist":"Tim Prentice","year":2003,"status":"existing","setting":"indoor","type":"sculpture","material":"steel","height":3.0,"width":2.0,"dims_estimated":true,"bearing":180,"bearing_estimated":true,"lit":false,"provenance":"uf","scale":"medium","owner":"University of Florida's Art in State Buildings Program","address":"1900 Museum Rd, Gainesville, FL 32603","location_note":"Bookstore Welcome Center and Garage XII","budget":null,"budget_note":null,"artist_local":null,"source_url":"https://www.publicartarchive.org/art/Biplane/8992207e","notes":"Setting: suspended inside the building (per the record).","located_by":"Public Art Archive coordinates","in_city":true}},{"type":"Feature","geometry":{"type":"Point","coordinates":[-82.358389,29.650149]},"properties":{"id":"paa-7c8d14e1","title":"Cause and Effect","artist":"Steven Oakley","year":1987,"status":"existing","setting":"outdoor","type":"sculpture","material":"bronze","height":3.0,"width":2.0,"dims_estimated":true,"bearing":180,"bearing_estimated":true,"lit":false,"provenance":"uf","scale":"medium","owner":"University of Florida's Art in State Buildings Program","address":"351 Village Dr, Gainesville, FL 32603","location_note":"Bruton-Geer Hall","budget":null,"budget_note":null,"artist_local":null,"source_url":"https://www.publicartarchive.org/art/Cause-and-Effect/7c8d14e1","notes":"Setting: the record calls it an outdoor sculpture.","located_by":"Public Art Archive coordinates","in_city":true}},{"type":"Feature","geometry":{"type":"Point","coordinates":[-82.350466,29.634035]},"properties":{"id":"paa-1e55ff4f","title":"Pattern System Marking","artist":"Stuart Keeler","year":2010,"status":"existing","setting":"indoor","type":"mural","material":"mixed","height":1.5,"width":2.0,"dims_estimated":true,"bearing":180,"bearing_estimated":true,"lit":false,"provenance":"uf","scale":"small","owner":"University of Florida's Art in State Buildings Program","address":"2089 SW 16th Ave, Gainesville, FL 32608","location_note":"CERC","budget":null,"budget_note":null,"artist_local":null,"source_url":"https://www.publicartarchive.org/art/Pattern-System-Marking/1e55ff4f","notes":"Setting: suspended from a ceiling (per the record).","located_by":"Public Art Archive coordinates","in_city":true}},{"type":"Feature","geometry":{"type":"Point","coordinates":[-82.35211,29.638183]},"properties":{"id":"paa-0ab15467","title":"DNA","artist":"Tom Otterness","year":2007,"status":"existing","setting":"unverified","type":"sculpture","material":"bronze","height":3.0,"width":2.0,"dims_estimated":true,"bearing":180,"bearing_estimated":true,"lit":false,"provenance":"uf","scale":"medium","owner":"University of Florida's Art in State Buildings Program","address":"2033 Mowry Rd, Gainesville, FL 32610","location_note":"Cancer/Genetics Research","budget":null,"budget_note":null,"artist_local":null,"source_url":"https://www.publicartarchive.org/art/DNA/0ab15467","notes":"Setting: not stated in the record (unverified).","located_by":"Public Art Archive coordinates","in_city":true}},{"type":"Feature","geometry":{"type":"Point","coordinates":[-82.343763,29.650714]},"properties":{"id":"paa-99bcbe07","title":"Squares & Square","artist":"Charles Fager","year":1989,"status":"existing","setting":"unverified","type":"mural","material":"mosaic","height":1.5,"width":2.0,"dims_estimated":true,"bearing":180,"bearing_estimated":true,"lit":false,"provenance":"uf","scale":"small","owner":"University of Florida's Art in State Buildings Program","address":"125 Buckman Dr, Gainesville, FL 32611","location_note":"Chemistry Laboratory","budget":null,"budget_note":null,"artist_local":null,"source_url":"https://www.publicartarchive.org/art/Squares-Square/99bcbe07","notes":"Setting: not stated in the record (unverified).","located_by":"Public Art Archive coordinates","in_city":true}},{"type":"Feature","geometry":{"type":"Point","coordinates":[-82.346893,29.646155]},"properties":{"id":"paa-d4b474dd","title":"Harp of Color","artist":"Shan Shan Sheng","year":2003,"status":"existing","setting":"indoor","type":"sculpture","material":"glass","height":3.0,"width":2.0,"dims_estimated":true,"bearing":180,"bearing_estimated":true,"lit":false,"provenance":"uf","scale":"medium","owner":"University of Florida's Art in State Buildings Program","address":"1800 McCarty Dr, Gainesville, FL 32603","location_note":"Constans Theatre","budget":null,"budget_note":null,"artist_local":null,"source_url":"https://www.publicartarchive.org/art/Harp-of-Color/d4b474dd","notes":"Setting: suspended from the theatre ceiling (per the record).","located_by":"Public Art Archive coordinates","in_city":true}},{"type":"Feature","geometry":{"type":"Point","coordinates":[-82.369431,29.642527]},"properties":{"id":"paa-b0e82fcc","title":"Florida Planet Series: Site Horizon","artist":"Georgina Holt","year":1992,"status":"existing","setting":"unverified","type":"mural","material":"mosaic","height":1.5,"width":2.0,"dims_estimated":true,"bearing":180,"bearing_estimated":true,"lit":false,"provenance":"uf","scale":"small","owner":"University of Florida's Art in State Buildings Program","address":"3190 Radio Rd, Gainesville, FL 32611","location_note":"Counseling And Wellness","budget":null,"budget_note":null,"artist_local":null,"source_url":"https://www.publicartarchive.org/art/Florida-Planet-Series-Site-Horizon/b0e82fcc","notes":"Setting: not stated in the record (unverified).","located_by":"Public Art Archive coordinates","in_city":true}},{"type":"Feature","geometry":{"type":"Point","coordinates":[-82.369431,29.642527]},"properties":{"id":"paa-fc29bc16","title":"Multiverses","artist":"Carol J. Prusa","year":2008,"status":"existing","setting":"indoor","type":"mural","material":"mixed","height":1.5,"width":2.0,"dims_estimated":true,"bearing":180,"bearing_estimated":true,"lit":false,"provenance":"uf","scale":"small","owner":"University of Florida's Art in State Buildings Program","address":"3190 Radio Rd, Gainesville, FL 32611","location_note":"Counseling And Wellness","budget":null,"budget_note":null,"artist_local":null,"source_url":"https://www.publicartarchive.org/art/Multiverses/fc29bc16","notes":"Setting: a painting, print, photograph, drawing, textile or stained glass.","located_by":"Public Art Archive coordinates","in_city":true}},{"type":"Feature","geometry":{"type":"Point","coordinates":[-82.369431,29.642527]},"properties":{"id":"paa-8b063785","title":"One Continent-One Humanity","artist":"Salma Arastu","year":2009,"status":"existing","setting":"indoor","type":"mural","material":"acrylic_mural","height":1.5,"width":2.0,"dims_estimated":true,"bearing":180,"bearing_estimated":true,"lit":false,"provenance":"uf","scale":"small","owner":"University of Florida's Art in State Buildings Program","address":"3190 Radio Rd, Gainesville, FL 32611","location_note":"Counseling And Wellness","budget":null,"budget_note":null,"artist_local":null,"source_url":"https://www.publicartarchive.org/art/One-Continent-One-Humanity/8b063785","notes":"Setting: a painting, print, photograph, drawing, textile or stained glass.","located_by":"Public Art Archive coordinates","in_city":true}},{"type":"Feature","geometry":{"type":"Point","coordinates":[-82.369431,29.642527]},"properties":{"id":"paa-14e430f9","title":"Spillway","artist":"Lyda Toy","year":null,"status":"existing","setting":"indoor","type":"mural","material":"mixed","height":1.5,"width":2.0,"dims_estimated":true,"bearing":180,"bearing_estimated":true,"lit":false,"provenance":"uf","scale":"small","owner":"University of Florida's Art in State Buildings Program","address":"3190 Radio Rd, Gainesville, FL 32611","location_note":"Counseling And Wellness","budget":null,"budget_note":null,"artist_local":null,"source_url":"https://www.publicartarchive.org/art/Spillway/14e430f9","notes":"Setting: a painting, print, photograph, drawing, textile or stained glass.","located_by":"Public Art Archive coordinates","in_city":true}},{"type":"Feature","geometry":{"type":"Point","coordinates":[-82.369431,29.642527]},"properties":{"id":"paa-1e33be38","title":"Underwater","artist":"Susanne Clawson","year":2008,"status":"existing","setting":"indoor","type":"mural","material":"mosaic","height":1.5,"width":2.0,"dims_estimated":true,"bearing":180,"bearing_estimated":true,"lit":false,"provenance":"uf","scale":"small","owner":"University of Florida's Art in State Buildings Program","address":"3190 Radio Rd, Gainesville, FL 32611","location_note":"Counseling And Wellness","budget":null,"budget_note":null,"artist_local":null,"source_url":"https://www.publicartarchive.org/art/Underwater/1e33be38","notes":"Setting: a painting, print, photograph, drawing, textile or stained glass.","located_by":"Public Art Archive coordinates","in_city":true}},{"type":"Feature","geometry":{"type":"Point","coordinates":[-82.344085,29.649995]},"properties":{"id":"paa-2df68229","title":"Light Abacus 3","artist":"Dale Eldred","year":1990,"status":"off_view","setting":"unverified","type":"sculpture","material":"glass","height":3.0,"width":2.0,"dims_estimated":true,"bearing":180,"bearing_estimated":true,"lit":false,"provenance":"uf","scale":"medium","owner":"University of Florida's Art in State Buildings Program","address":"1478 Union Rd, Gainesville, FL 32611","location_note":"Criser Hall","budget":null,"budget_note":null,"artist_local":null,"source_url":"https://www.publicartarchive.org/art/Light-Abacus-3/2df68229","notes":"The archive marks it off view (not on public display). Setting: not stated in the record (unverified).","located_by":"Public Art Archive coordinates","in_city":true}},{"type":"Feature","geometry":{"type":"Point","coordinates":[-82.347742,29.642275]},"properties":{"id":"paa-99c2e041","title":"Touch the Sky","artist":"Robert J. Sindorf","year":1998,"status":"existing","setting":"unverified","type":"sculpture","material":"stone","height":3.0,"width":2.0,"dims_estimated":true,"bearing":180,"bearing_estimated":true,"lit":false,"provenance":"uf","scale":"medium","owner":"University of Florida's Art in State Buildings Program","address":"1064 Center Dr, Gainesville, FL 32611","location_note":"Engineering Building","budget":null,"budget_note":null,"artist_local":null,"source_url":"https://www.publicartarchive.org/art/Touch-the-Sky/99c2e041","notes":"Setting: not stated in the record (unverified).","located_by":"Public Art Archive coordinates","in_city":true}},{"type":"Feature","geometry":{"type":"Point","coordinates":[-82.366488,29.634685]},"properties":{"id":"paa-d7347658","title":"Radiant Will O' the Wisp","artist":"Barbara Neijina","year":1990,"status":"existing","setting":"outdoor","type":"sculpture","material":"painted_steel","height":3.0,"width":2.0,"dims_estimated":true,"bearing":180,"bearing_estimated":true,"lit":false,"provenance":"uf","scale":"medium","owner":"University of Florida's Art in State Buildings Program","address":"1881 Natural Area Dr, Gainesville, FL 32611","location_note":"Entomology-Nematology Building","budget":null,"budget_note":null,"artist_local":null,"source_url":"https://www.publicartarchive.org/art/Radiant-Will-O-the-Wisp/d7347658","notes":"Setting: a sculptural pavilion with seating; outdoors inferred.","located_by":"Public Art Archive coordinates","in_city":true}},{"type":"Feature","geometry":{"type":"Point","coordinates":[-82.340832,29.648192]},"properties":{"id":"paa-c96f934c","title":"By Reef and Trail","artist":"Paul Fullerton","year":1987,"status":"existing","setting":"outdoor","type":"sculpture","material":"steel","height":3.0,"width":2.0,"dims_estimated":true,"bearing":180,"bearing_estimated":true,"lit":false,"provenance":"uf","scale":"medium","owner":"University of Florida's Art in State Buildings Program","address":"1389 Stadium Rd, Gainesville, FL 32611","location_note":"Fine Arts A","budget":null,"budget_note":null,"artist_local":null,"source_url":"https://www.publicartarchive.org/art/By-Reef-and-Trail/c96f934c","notes":"Setting: mapped outdoors in OpenStreetMap (node 13684845071, 26 m away).","located_by":"Public Art Archive coordinates","in_city":true}},{"type":"Feature","geometry":{"type":"Point","coordinates":[-82.323189,29.652639]},"properties":{"id":"paa-7ed5ab4d","title":"A Parallel Place: Ode to Foucault","artist":"Julia Morrisroe","year":2019,"status":"existing","setting":"outdoor","type":"wall","material":"acrylic_mural","height":0.1,"width":20.0,"dims_estimated":true,"bearing":180,"bearing_estimated":true,"lit":false,"provenance":"municipal","scale":"large","owner":"City of Gainesville","address":"200 E University Ave, Gainesville, FL , Gainesville, FL 32601","location_note":"Gainesville City Hall","budget":null,"budget_note":null,"artist_local":null,"source_url":"https://www.publicartarchive.org/art/A-Parallel-Place-Ode-to-Foucault/7ed5ab4d","notes":"Setting: painted in two reflecting pools in front of City Hall (per the record); drawn as a low flat work.","located_by":"Public Art Archive coordinates","in_city":true}},{"type":"Feature","geometry":{"type":"Point","coordinates":[-82.314205,29.696995]},"properties":{"id":"paa-038b6362","title":"Elemental Energy","artist":"Michele R Gutlove - Design Studio G+H","year":2011,"status":"existing","setting":"indoor","type":"sculpture","material":"steel","height":3.0,"width":2.0,"dims_estimated":true,"bearing":180,"bearing_estimated":true,"lit":false,"provenance":"municipal","scale":"medium","owner":"Gainesville Regional Utilities","address":"4747 North Main Street, Gainesville, FL 32609","location_note":"Gainesville Regional Utilities","budget":null,"budget_note":null,"artist_local":null,"source_url":"https://www.publicartarchive.org/art/Elemental-Energy/038b6362","notes":"Setting: in the lobby of the fire training center (per the record).","located_by":"Public Art Archive coordinates","in_city":true}},{"type":"Feature","geometry":{"type":"Point","coordinates":[-82.354593,29.708717]},"properties":{"id":"paa-3f1f38ce","title":"The Giving Tree","artist":"Leslie Tharp","year":2012,"status":"existing","setting":"outdoor","type":"functional","material":"painted_steel","height":1.5,"width":1.5,"dims_estimated":true,"bearing":180,"bearing_estimated":true,"lit":false,"provenance":"municipal","scale":"small","owner":"City of Gainesville","address":"5701 N.W. 34th Street, Gainesville, FL 32653","location_note":"Gainesville Senior Recreation Center","budget":null,"budget_note":null,"artist_local":null,"source_url":"https://www.publicartarchive.org/art/The-Giving-Tree/3f1f38ce","notes":"Setting: the record lists it as outdoor sculpture on a sidewalk.","located_by":"Public Art Archive coordinates","in_city":true}},{"type":"Feature","geometry":{"type":"Point","coordinates":[-82.349886,29.648002]},"properties":{"id":"paa-99cdb47a","title":"Rotated Superimposition","artist":"Kenneth F. von Roenn, Jr.","year":1998,"status":"existing","setting":"indoor","type":"mural","material":"glass","height":1.5,"width":2.0,"dims_estimated":true,"bearing":180,"bearing_estimated":true,"lit":false,"provenance":"uf","scale":"small","owner":"University of Florida's Art in State Buildings Program","address":"2021 Stadium Rd, Gainesville, FL 32608","location_note":"Gator Corner Dining Center","budget":null,"budget_note":null,"artist_local":null,"source_url":"https://www.publicartarchive.org/art/Rotated-Superimposition/99cdb47a","notes":"Setting: stained glass above interior windows.","located_by":"Public Art Archive coordinates","in_city":true}},{"type":"Feature","geometry":{"type":"Point","coordinates":[-82.340174,29.650709]},"properties":{"id":"paa-25515efa","title":"Double Scroll","artist":"Lynn Newcomb","year":2003,"status":"existing","setting":"unverified","type":"sculpture","material":"steel","height":3.0,"width":2.0,"dims_estimated":true,"bearing":180,"bearing_estimated":true,"lit":false,"provenance":"uf","scale":"medium","owner":"University of Florida's Art in State Buildings Program","address":"1368 Union Rd, Gainesville, FL 32611","location_note":"Gerson Hall","budget":null,"budget_note":null,"artist_local":null,"source_url":"https://www.publicartarchive.org/art/Double-Scroll/25515efa","notes":"Setting: not stated in the record (unverified).","located_by":"Public Art Archive coordinates","in_city":true}},{"type":"Feature","geometry":{"type":"Point","coordinates":[-82.365753,29.634657]},"properties":{"id":"paa-5785cad7","title":"Wonders of the Hive","artist":"Michelle K. Rogers","year":2019,"status":"existing","setting":"indoor","type":"mural","material":"mixed","height":1.5,"width":2.0,"dims_estimated":true,"bearing":180,"bearing_estimated":true,"lit":false,"provenance":"uf","scale":"small","owner":"University of Florida's Art in State Buildings Program","address":"1881 Natural Area Dr, Gainesville, FL 32611","location_note":"HBREL","budget":null,"budget_note":null,"artist_local":null,"source_url":"https://www.publicartarchive.org/art/Wonders-of-the-Hive/5785cad7","notes":"Setting: a painting, print, photograph, drawing, textile or stained glass.","located_by":"Public Art Archive coordinates","in_city":true}},{"type":"Feature","geometry":{"type":"Point","coordinates":[-82.369824,29.636717]},"properties":{"id":"paa-4ba21265","title":"Floater #5","artist":"Robert Mueller","year":1997,"status":"existing","setting":"indoor","type":"mural","material":"mixed","height":1.5,"width":2.0,"dims_estimated":true,"bearing":180,"bearing_estimated":true,"lit":false,"provenance":"uf","scale":"small","owner":"University of Florida's Art in State Buildings Program","address":"3259 Hull Rd, Gainesville, FL 32608","location_note":"Harn Museum Of Art","budget":null,"budget_note":null,"artist_local":null,"source_url":"https://www.publicartarchive.org/art/Floater-5/4ba21265","notes":"Setting: a painting, print, photograph, drawing, textile or stained glass.","located_by":"Public Art Archive coordinates","in_city":true}},{"type":"Feature","geometry":{"type":"Point","coordinates":[-82.369824,29.636717]},"properties":{"id":"paa-bc6561af","title":"Fragmented Reflections","artist":"James Piercey","year":1991,"status":"existing","setting":"outdoor","type":"wall","material":"stone","height":0.1,"width":20.0,"dims_estimated":true,"bearing":180,"bearing_estimated":true,"lit":false,"provenance":"uf","scale":"large","owner":"University of Florida's Art in State Buildings Program","address":"3259 Hull Rd, Gainesville, FL 32608","location_note":"Harn Museum Of Art","budget":null,"budget_note":null,"artist_local":null,"source_url":"https://www.publicartarchive.org/art/Fragmented-Reflections/bc6561af","notes":"Setting: in the shallow pools at the museum entrance (per the record); drawn as a low flat work.","located_by":"Public Art Archive coordinates","in_city":true}},{"type":"Feature","geometry":{"type":"Point","coordinates":[-82.369824,29.636717]},"properties":{"id":"paa-31d0f39d","title":"Meditation","artist":"Robert Mueller","year":1997,"status":"existing","setting":"indoor","type":"mural","material":"mixed","height":1.5,"width":2.0,"dims_estimated":true,"bearing":180,"bearing_estimated":true,"lit":false,"provenance":"uf","scale":"small","owner":"University of Florida's Art in State Buildings Program","address":"3259 Hull Rd, Gainesville, FL 32608","location_note":"Harn Museum Of Art","budget":null,"budget_note":null,"artist_local":null,"source_url":"https://www.publicartarchive.org/art/Meditation/31d0f39d","notes":"Setting: a painting, print, photograph, drawing, textile or stained glass.","located_by":"Public Art Archive coordinates","in_city":true}},{"type":"Feature","geometry":{"type":"Point","coordinates":[-82.369824,29.636717]},"properties":{"id":"paa-9b54ca84","title":"Shade # 7","artist":"Robert Mueller","year":1997,"status":"existing","setting":"indoor","type":"mural","material":"mixed","height":1.5,"width":2.0,"dims_estimated":true,"bearing":180,"bearing_estimated":true,"lit":false,"provenance":"uf","scale":"small","owner":"University of Florida's Art in State Buildings Program","address":"3259 Hull Rd, Gainesville, FL 32608","location_note":"Harn Museum Of Art","budget":null,"budget_note":null,"artist_local":null,"source_url":"https://www.publicartarchive.org/art/Shade-7/9b54ca84","notes":"Setting: a painting, print, photograph, drawing, textile or stained glass.","located_by":"Public Art Archive coordinates","in_city":true}},{"type":"Feature","geometry":{"type":"Point","coordinates":[-82.369824,29.636717]},"properties":{"id":"paa-7923f76b","title":"Shades #4","artist":"Robert Mueller","year":1997,"status":"existing","setting":"indoor","type":"mural","material":"mixed","height":1.5,"width":2.0,"dims_estimated":true,"bearing":180,"bearing_estimated":true,"lit":false,"provenance":"uf","scale":"small","owner":"University of Florida's Art in State Buildings Program","address":"3259 Hull Rd, Gainesville, FL 32608","location_note":"Harn Museum Of Art","budget":null,"budget_note":null,"artist_local":null,"source_url":"https://www.publicartarchive.org/art/Shades-4/7923f76b","notes":"Setting: a painting, print, photograph, drawing, textile or stained glass.","located_by":"Public Art Archive coordinates","in_city":true}},{"type":"Feature","geometry":{"type":"Point","coordinates":[-82.370774,29.636863]},"properties":{"id":"paa-79aa7eae","title":"Tile and Sphere Installation","artist":"Masamichi Yoshikawa","year":2012,"status":"existing","setting":"outdoor","type":"sculpture","material":"mosaic","height":3.0,"width":2.0,"dims_estimated":true,"bearing":180,"bearing_estimated":true,"lit":false,"provenance":"uf","scale":"medium","owner":"University of Florida's Art in State Buildings Program","address":"3259 Hull Rd, Gainesville, FL 32608","location_note":"Harn Museum Of Art","budget":null,"budget_note":null,"artist_local":null,"source_url":"https://www.publicartarchive.org/art/Tile-and-Sphere-Installation/79aa7eae","notes":"Setting: on a knoll behind the museum (per the record).","located_by":"Public Art Archive coordinates","in_city":true}},{"type":"Feature","geometry":{"type":"Point","coordinates":[-82.345148,29.641521]},"properties":{"id":"paa-34537922","title":"Balance","artist":"Kathleen Meehan, Howard Meehan","year":2003,"status":"existing","setting":"unverified","type":"sculpture","material":"steel","height":5.49,"width":2.0,"dims_estimated":true,"bearing":180,"bearing_estimated":true,"lit":false,"provenance":"uf","scale":"large","owner":"University of Florida's Art in State Buildings Program","address":"1225 Center Dr, Gainesville, FL 32603","location_note":"Health Professions, Nursing, and Pharmacy","budget":null,"budget_note":null,"artist_local":null,"source_url":"https://www.publicartarchive.org/art/Balance/34537922","notes":"Setting: not stated in the record (unverified). Dimensions as stated in the record.","located_by":"Public Art Archive coordinates","in_city":true}},{"type":"Feature","geometry":{"type":"Point","coordinates":[-82.358406,29.6499]},"properties":{"id":"paa-bae7bbda","title":"Separation of Powers: The Jurist","artist":"Jim Cole","year":2005,"status":"existing","setting":"unverified","type":"functional","material":"concrete","height":1.5,"width":1.5,"dims_estimated":true,"bearing":180,"bearing_estimated":true,"lit":false,"provenance":"uf","scale":"small","owner":"University of Florida's Art in State Buildings Program","address":"309 Village Dr, Gainesville, FL 32603","location_note":"Holland Law Center","budget":null,"budget_note":null,"artist_local":null,"source_url":"https://www.publicartarchive.org/art/Separation-of-Powers-The-Jurist/bae7bbda","notes":"Setting: not stated in the record (unverified).","located_by":"Public Art Archive coordinates","in_city":true}},{"type":"Feature","geometry":{"type":"Point","coordinates":[-82.35932,29.649518]},"properties":{"id":"paa-7b7e2bc1","title":"Separation of Powers: The Legislature","artist":"Jim Cole","year":2005,"status":"existing","setting":"unverified","type":"functional","material":"concrete","height":1.5,"width":1.5,"dims_estimated":true,"bearing":180,"bearing_estimated":true,"lit":false,"provenance":"uf","scale":"small","owner":"University of Florida's Art in State Buildings Program","address":"309 Village Dr, Gainesville, FL 32603","location_note":"Holland Law Center","budget":null,"budget_note":null,"artist_local":null,"source_url":"https://www.publicartarchive.org/art/Separation-of-Powers-The-Legislature/7b7e2bc1","notes":"Setting: not stated in the record (unverified).","located_by":"Public Art Archive coordinates","in_city":true}},{"type":"Feature","geometry":{"type":"Point","coordinates":[-82.358848,29.649655]},"properties":{"id":"paa-d330bb4e","title":"Separation of Powers: The Lobbyist","artist":"Jim Cole","year":2005,"status":"existing","setting":"unverified","type":"functional","material":"concrete","height":1.5,"width":1.5,"dims_estimated":true,"bearing":180,"bearing_estimated":true,"lit":false,"provenance":"uf","scale":"small","owner":"University of Florida's Art in State Buildings Program","address":"309 Village Dr, Gainesville, FL 32603","location_note":"Holland Law Center","budget":null,"budget_note":null,"artist_local":null,"source_url":"https://www.publicartarchive.org/art/Separation-of-Powers-The-Lobbyist/d330bb4e","notes":"Setting: not stated in the record (unverified).","located_by":"Public Art Archive coordinates","in_city":true}},{"type":"Feature","geometry":{"type":"Point","coordinates":[-82.359248,29.649439]},"properties":{"id":"paa-6c0773b5","title":"Separation of Powers: The President","artist":"Jim Cole","year":2005,"status":"existing","setting":"unverified","type":"functional","material":"concrete","height":1.5,"width":1.5,"dims_estimated":true,"bearing":180,"bearing_estimated":true,"lit":false,"provenance":"uf","scale":"small","owner":"University of Florida's Art in State Buildings Program","address":"309 Village Dr, Gainesville, FL 32603","location_note":"Holland Law Center","budget":null,"budget_note":null,"artist_local":null,"source_url":"https://www.publicartarchive.org/art/Separation-of-Powers-The-President/6c0773b5","notes":"Setting: not stated in the record (unverified).","located_by":"Public Art Archive coordinates","in_city":true}},{"type":"Feature","geometry":{"type":"Point","coordinates":[-82.340707,29.650467]},"properties":{"id":"paa-34f7920b","title":"Flotilla","artist":"Nobuho Nagasawa","year":2010,"status":"existing","setting":"unverified","type":"sculpture","material":"digital","height":3.0,"width":2.0,"dims_estimated":true,"bearing":180,"bearing_estimated":true,"lit":true,"provenance":"uf","scale":"medium","owner":"University of Florida's Art in State Buildings Program","address":"1404 Union Rd, Gainesville, FL 32603","location_note":"Hough Hall","budget":null,"budget_note":null,"artist_local":null,"source_url":"https://www.publicartarchive.org/art/Flotilla/34f7920b","notes":"Setting: not stated in the record (unverified).","located_by":"Public Art Archive coordinates","in_city":true}},{"type":"Feature","geometry":{"type":"Point","coordinates":[-82.342171,29.652324]},"properties":{"id":"paa-5465f5b4","title":"Dedication","artist":"Moses X Ball","year":2023,"status":"existing","setting":"unverified","type":"mural","material":"acrylic_mural","height":1.5,"width":2.0,"dims_estimated":true,"bearing":180,"bearing_estimated":true,"lit":false,"provenance":"uf","scale":"small","owner":"University of Florida's Art in State Buildings Program","address":"1510 W University Ave, Gainesville, FL 32603","location_note":"Institute of Black Culture","budget":null,"budget_note":null,"artist_local":null,"source_url":"https://www.publicartarchive.org/art/Dedication/5465f5b4","notes":"Setting: not stated in the record (unverified).","located_by":"Public Art Archive coordinates","in_city":true}},{"type":"Feature","geometry":{"type":"Point","coordinates":[-82.341915,29.652483]},"properties":{"id":"paa-82f27806","title":"Abuelita","artist":"Ernesto Maranje","year":2021,"status":"existing","setting":"outdoor","type":"mural","material":"acrylic_mural","height":6.0,"width":10.0,"dims_estimated":true,"bearing":180,"bearing_estimated":true,"lit":false,"provenance":"uf","scale":"large","owner":"University of Florida's Art in State Buildings Program","address":"1504 W University Ave, Gainesville, FL 32603","location_note":"La Casita","budget":null,"budget_note":null,"artist_local":null,"source_url":"https://www.publicartarchive.org/art/Abuelita/82f27806","notes":"Setting: a multistory mural on La Casita; exterior wall inferred.","located_by":"Public Art Archive coordinates","in_city":true}},{"type":"Feature","geometry":{"type":"Point","coordinates":[-82.359266,29.648892]},"properties":{"id":"paa-3d5d63b8","title":"Barcas","artist":"Connie Lloveras","year":2007,"status":"existing","setting":"indoor","type":"mural","material":"mixed","height":1.5,"width":2.0,"dims_estimated":true,"bearing":180,"bearing_estimated":true,"lit":false,"provenance":"uf","scale":"small","owner":"University of Florida's Art in State Buildings Program","address":"411 Village Dr, Gainesville, FL 32611","location_note":"Levin Advocacy Ctr","budget":null,"budget_note":null,"artist_local":null,"source_url":"https://www.publicartarchive.org/art/Barcas/3d5d63b8","notes":"Setting: a painting, print, photograph, drawing, textile or stained glass.","located_by":"Public Art Archive coordinates","in_city":true}},{"type":"Feature","geometry":{"type":"Point","coordinates":[-82.359267,29.648923]},"properties":{"id":"paa-6a22e78c","title":"Boat and Two Structural Forms","artist":"Connie Lloveras","year":2005,"status":"existing","setting":"indoor","type":"mural","material":"mixed","height":1.5,"width":2.0,"dims_estimated":true,"bearing":180,"bearing_estimated":true,"lit":false,"provenance":"uf","scale":"small","owner":"University of Florida's Art in State Buildings Program","address":"411 Village Dr, Gainesville, FL 32611","location_note":"Levin Advocacy Ctr","budget":null,"budget_note":null,"artist_local":null,"source_url":"https://www.publicartarchive.org/art/Boat-and-Two-Structural-Forms/6a22e78c","notes":"Setting: a painting, print, photograph, drawing, textile or stained glass.","located_by":"Public Art Archive coordinates","in_city":true}},{"type":"Feature","geometry":{"type":"Point","coordinates":[-82.34304,29.651157]},"properties":{"id":"paa-cd1e9dbd","title":"Circuits, Signs and Place","artist":"Richard Heipp","year":2006,"status":"existing","setting":"indoor","type":"sculpture","material":"painted_steel","height":3.0,"width":2.0,"dims_estimated":true,"bearing":180,"bearing_estimated":true,"lit":false,"provenance":"uf","scale":"medium","owner":"University of Florida's Art in State Buildings Program","address":"1545 W University Ave, Gainesville, FL 32611","location_note":"Library West","budget":null,"budget_note":null,"artist_local":null,"source_url":"https://www.publicartarchive.org/art/Circuits-Signs-and-Place/cd1e9dbd","notes":"Setting: part of a 'curiosity cabinet' series with paintings; indoors inferred.","located_by":"Public Art Archive coordinates","in_city":true}},{"type":"Feature","geometry":{"type":"Point","coordinates":[-82.343007,29.651157]},"properties":{"id":"paa-ef41101b","title":"Circuits, Signs and Place","artist":"Richard Heipp","year":2006,"status":"existing","setting":"indoor","type":"mural","material":"acrylic_mural","height":1.5,"width":2.0,"dims_estimated":true,"bearing":180,"bearing_estimated":true,"lit":false,"provenance":"uf","scale":"small","owner":"University of Florida's Art in State Buildings Program","address":"1545 W University Ave, Gainesville, FL 32611","location_note":"Library West","budget":null,"budget_note":null,"artist_local":null,"source_url":"https://www.publicartarchive.org/art/Circuits-Signs-and-Place/ef41101b","notes":"Setting: a painting, print, photograph, drawing, textile or stained glass.","located_by":"Public Art Archive coordinates","in_city":true}},{"type":"Feature","geometry":{"type":"Point","coordinates":[-82.343007,29.651157]},"properties":{"id":"paa-c510ba82","title":"Circuits, Signs and Place","artist":"Richard Heipp","year":2006,"status":"existing","setting":"indoor","type":"sculpture","material":"painted_steel","height":3.0,"width":2.0,"dims_estimated":true,"bearing":180,"bearing_estimated":true,"lit":false,"provenance":"uf","scale":"medium","owner":"University of Florida's Art in State Buildings Program","address":"1545 W University Ave, Gainesville, FL 32611","location_note":"Library West","budget":null,"budget_note":null,"artist_local":null,"source_url":"https://www.publicartarchive.org/art/Circuits-Signs-and-Place/c510ba82","notes":"Setting: part of a 'curiosity cabinet' series with paintings; indoors inferred.","located_by":"Public Art Archive coordinates","in_city":true}},{"type":"Feature","geometry":{"type":"Point","coordinates":[-82.342964,29.651157]},"properties":{"id":"paa-0800029f","title":"Circuits, Signs and Place","artist":"Richard Heipp","year":2006,"status":"existing","setting":"indoor","type":"sculpture","material":"painted_steel","height":3.0,"width":2.0,"dims_estimated":true,"bearing":180,"bearing_estimated":true,"lit":false,"provenance":"uf","scale":"medium","owner":"University of Florida's Art in State Buildings Program","address":"1545 W University Ave, Gainesville, FL 32611","location_note":"Library West","budget":null,"budget_note":null,"artist_local":null,"source_url":"https://www.publicartarchive.org/art/Circuits-Signs-and-Place/0800029f","notes":"Setting: part of a 'curiosity cabinet' series with paintings; indoors inferred.","located_by":"Public Art Archive coordinates","in_city":true}},{"type":"Feature","geometry":{"type":"Point","coordinates":[-82.342909,29.651191]},"properties":{"id":"paa-c5b9c56b","title":"Circuits, Signs and Place","artist":"Richard Heipp","year":2006,"status":"existing","setting":"indoor","type":"sculpture","material":"painted_steel","height":3.0,"width":2.0,"dims_estimated":true,"bearing":180,"bearing_estimated":true,"lit":false,"provenance":"uf","scale":"medium","owner":"University of Florida's Art in State Buildings Program","address":"1545 W University Ave, Gainesville, FL 32611","location_note":"Library West","budget":null,"budget_note":null,"artist_local":null,"source_url":"https://www.publicartarchive.org/art/Circuits-Signs-and-Place/c5b9c56b","notes":"Setting: part of a 'curiosity cabinet' series with paintings; indoors inferred.","located_by":"Public Art Archive coordinates","in_city":true}},{"type":"Feature","geometry":{"type":"Point","coordinates":[-82.347844,29.644134]},"properties":{"id":"paa-29abc23e","title":"Circuit Board","artist":"Windy Chien","year":2023,"status":"existing","setting":"indoor","type":"sculpture","material":"mixed","height":3.0,"width":2.0,"dims_estimated":true,"bearing":180,"bearing_estimated":true,"lit":false,"provenance":"uf","scale":"medium","owner":"University of Florida's Art in State Buildings Program","address":"1889 Museum Rd, Gainesville, FL 32606","location_note":"Malachowsky Hall for Data Science & Information Technology","budget":null,"budget_note":null,"artist_local":null,"source_url":"https://www.publicartarchive.org/art/Circuit-Board/29abc23e","notes":"Setting: knotted cord.","located_by":"Public Art Archive coordinates","in_city":true}},{"type":"Feature","geometry":{"type":"Point","coordinates":[-82.343479,29.641835]},"properties":{"id":"paa-ba10df65","title":"Synapse","artist":"Ray King","year":2000,"status":"existing","setting":"unverified","type":"sculpture","material":"glass","height":3.0,"width":2.0,"dims_estimated":true,"bearing":180,"bearing_estimated":true,"lit":true,"provenance":"uf","scale":"medium","owner":"University of Florida's Art in State Buildings Program","address":"1149 Newell Dr, Gainesville, FL 32610","location_note":"McKnight Brain Institute","budget":null,"budget_note":null,"artist_local":null,"source_url":"https://www.publicartarchive.org/art/Synapse/ba10df65","notes":"Setting: not stated in the record (unverified).","located_by":"Public Art Archive coordinates","in_city":true}},{"type":"Feature","geometry":{"type":"Point","coordinates":[-82.370608,29.636446]},"properties":{"id":"paa-ffec4f55","title":"Wings, Petals, and Leaves","artist":"Robert Stout, Stephanie Jurs, Twin Dolphin Mosaics","year":2004,"status":"existing","setting":"outdoor","type":"wall","material":"mosaic","height":0.05,"width":3.05,"dims_estimated":false,"bearing":180,"bearing_estimated":true,"lit":false,"provenance":"uf","scale":"small","owner":"University of Florida's Art in State Buildings Program","address":"3215 Hull Rd, Gainesville, FL 32608","location_note":"Mcguire Ctr For Lepidoptera Res","budget":null,"budget_note":null,"artist_local":null,"source_url":"https://www.publicartarchive.org/art/Wings-Petals-and-Leaves/ffec4f55","notes":"Setting: four pavement mosaics set in the walkways (per the record); drawn as a low flat work.","located_by":"Public Art Archive coordinates","in_city":true}},{"type":"Feature","geometry":{"type":"Point","coordinates":[-82.363768,29.639965]},"properties":{"id":"paa-116d0101","title":"Untitled","artist":"Kenneth F. von Roenn, Jr.","year":1997,"status":"existing","setting":"indoor","type":"mural","material":"glass","height":1.5,"width":2.0,"dims_estimated":true,"bearing":180,"bearing_estimated":true,"lit":false,"provenance":"uf","scale":"small","owner":"University of Florida's Art in State Buildings Program","address":"1355 Museum Dr, Gainesville, FL 32603","location_note":"Microbiology/Cell Science","budget":null,"budget_note":null,"artist_local":null,"source_url":"https://www.publicartarchive.org/art/Untitled/116d0101","notes":"Setting: stained glass.","located_by":"Public Art Archive coordinates","in_city":true}},{"type":"Feature","geometry":{"type":"Point","coordinates":[-82.346289,29.642587]},"properties":{"id":"paa-7668763c","title":"Incubator","artist":"Carol J. Prusa","year":2008,"status":"existing","setting":"indoor","type":"sculpture","material":"steel","height":3.0,"width":2.0,"dims_estimated":true,"bearing":180,"bearing_estimated":true,"lit":false,"provenance":"uf","scale":"medium","owner":"University of Florida's Art in State Buildings Program","address":"1041 Center Dr, Gainesville, FL 32611","location_note":"Nanoscale Research","budget":null,"budget_note":null,"artist_local":null,"source_url":"https://www.publicartarchive.org/art/Incubator/7668763c","notes":"Setting: silverpoint and graphite on acrylic domes.","located_by":"Public Art Archive coordinates","in_city":true}},{"type":"Feature","geometry":{"type":"Point","coordinates":[-82.346335,29.642584]},"properties":{"id":"paa-2b90bd7a","title":"Nanotube Fullerenes","artist":"Robert Stout, Stephanie Jurs","year":2008,"status":"existing","setting":"unverified","type":"wall","material":"mosaic","height":0.05,"width":20.0,"dims_estimated":true,"bearing":180,"bearing_estimated":true,"lit":false,"provenance":"uf","scale":"large","owner":"University of Florida's Art in State Buildings Program","address":"1041 Center Dr, Gainesville, FL 32611","location_note":"Nanoscale Research","budget":null,"budget_note":null,"artist_local":null,"source_url":"https://www.publicartarchive.org/art/Nanotube-Fullerenes/2b90bd7a","notes":"Setting: not stated in the record (unverified).","located_by":"Public Art Archive coordinates","in_city":true}},{"type":"Feature","geometry":{"type":"Point","coordinates":[-82.345156,29.648816]},"properties":{"id":"paa-0dc4db54","title":"Connections","artist":"Carol May, Tim Watkins","year":2017,"status":"existing","setting":"outdoor","type":"sculpture","material":"steel","height":3.0,"width":2.0,"dims_estimated":true,"bearing":180,"bearing_estimated":true,"lit":false,"provenance":"uf","scale":"medium","owner":"University of Florida's Art in State Buildings Program","address":"1700 Stadium Rd, Gainesville, FL 32603","location_note":"Newell Hall","budget":null,"budget_note":null,"artist_local":null,"source_url":"https://www.publicartarchive.org/art/Connections/0dc4db54","notes":"Setting: mapped outdoors in OpenStreetMap (node 9273544758).","located_by":"Public Art Archive coordinates","in_city":true}},{"type":"Feature","geometry":{"type":"Point","coordinates":[-82.338258,29.646579]},"properties":{"id":"paa-42361775","title":"CURIOSIDAD","artist":"Don Rimx","year":2020,"status":"existing","setting":"indoor","type":"mural","material":"acrylic_mural","height":1.5,"width":2.0,"dims_estimated":true,"bearing":180,"bearing_estimated":true,"lit":false,"provenance":"uf","scale":"small","owner":"University of Florida's Art in State Buildings Program","address":"1221 SW 5th Ave, Gainesville, FL 32601","location_note":"Norman Hall","budget":null,"budget_note":null,"artist_local":null,"source_url":"https://www.publicartarchive.org/art/CURIOSIDAD/42361775","notes":"Setting: the record calls it an interior mural.","located_by":"Public Art Archive coordinates","in_city":true}},{"type":"Feature","geometry":{"type":"Point","coordinates":[-82.334163,29.6399]},"properties":{"id":"paa-0dd450a6","title":"Garden of Knowledge","artist":"B\u00e9atrice Coron","year":2020,"status":"existing","setting":"unverified","type":"sculpture","material":"steel","height":3.0,"width":2.0,"dims_estimated":true,"bearing":180,"bearing_estimated":true,"lit":false,"provenance":"uf","scale":"medium","owner":"University of Florida's Art in State Buildings Program","address":"1080 SW 11th St, Gainesville, FL 32601","location_note":"PK Yonge Middle and High School Expansion","budget":null,"budget_note":null,"artist_local":null,"source_url":"https://www.publicartarchive.org/art/Garden-of-Knowledge/0dd450a6","notes":"Setting: not stated in the record (unverified).","located_by":"Public Art Archive coordinates","in_city":true}},{"type":"Feature","geometry":{"type":"Point","coordinates":[-82.347672,29.64155]},"properties":{"id":"paa-bb1e8a4c","title":"What Do We Know? How Do We Know?","artist":"John Catteral","year":1998,"status":"existing","setting":"indoor","type":"sculpture","material":"mixed","height":3.0,"width":2.0,"dims_estimated":true,"bearing":180,"bearing_estimated":true,"lit":false,"provenance":"uf","scale":"medium","owner":"University of Florida's Art in State Buildings Program","address":"1180 Center Dr, Gainesville, FL 32603","location_note":"Particle Science & Technology","budget":null,"budget_note":null,"artist_local":null,"source_url":"https://www.publicartarchive.org/art/What-Do-We-Know-How-Do-We-Know-/bb1e8a4c","notes":"Setting: a mixed-media construction with inkjet prints.","located_by":"Public Art Archive coordinates","in_city":true}},{"type":"Feature","geometry":{"type":"Point","coordinates":[-82.352112,29.637501]},"properties":{"id":"paa-1de3371f","title":"Flux","artist":"Kenneth F. von Roenn, Jr.","year":2010,"status":"existing","setting":"indoor","type":"sculpture","material":"glass","height":3.0,"width":2.0,"dims_estimated":true,"bearing":180,"bearing_estimated":true,"lit":false,"provenance":"uf","scale":"medium","owner":"University of Florida's Art in State Buildings Program","address":"2055 Mowry Rd, Gainesville, FL 32610","location_note":"Pathogens","budget":null,"budget_note":null,"artist_local":null,"source_url":"https://www.publicartarchive.org/art/Flux/1de3371f","notes":"Setting: suspended from a ceiling (per the record).","located_by":"Public Art Archive coordinates","in_city":true}},{"type":"Feature","geometry":{"type":"Point","coordinates":[-82.344241,29.650126]},"properties":{"id":"paa-8b93b783","title":"Light Abacus 2","artist":"Dale Eldred","year":1990,"status":"existing","setting":"unverified","type":"sculpture","material":"glass","height":3.0,"width":2.0,"dims_estimated":true,"bearing":180,"bearing_estimated":true,"lit":false,"provenance":"uf","scale":"medium","owner":"University of Florida's Art in State Buildings Program","address":"1500 Union Rd, Gainesville, FL 32611","location_note":"Peabody Hall","budget":null,"budget_note":null,"artist_local":null,"source_url":"https://www.publicartarchive.org/art/Light-Abacus-2/8b93b783","notes":"Setting: not stated in the record (unverified).","located_by":"Public Art Archive coordinates","in_city":true}},{"type":"Feature","geometry":{"type":"Point","coordinates":[-82.335426,29.640567]},"properties":{"id":"paa-ec10c84d","title":"2 & 3 Part Inventions","artist":"Charles Partin","year":2003,"status":"existing","setting":"outdoor","type":"mural","material":"concrete","height":6.0,"width":10.0,"dims_estimated":true,"bearing":180,"bearing_estimated":true,"lit":false,"provenance":"uf","scale":"large","owner":"University of Florida's Art in State Buildings Program","address":"1080 SW 11th St, Gainesville, FL 32601","location_note":"Pk Performing Arts Center","budget":null,"budget_note":null,"artist_local":null,"source_url":"https://www.publicartarchive.org/art/2-3-Part-Inventions/ec10c84d","notes":"Setting: brickwork above a building entrance (per the record).","located_by":"Public Art Archive coordinates","in_city":true}},{"type":"Feature","geometry":{"type":"Point","coordinates":[-82.335426,29.640567]},"properties":{"id":"paa-14132082","title":"Moondance","artist":"Charles Strain","year":2003,"status":"existing","setting":"unverified","type":"figure","material":"bronze","height":2.5,"width":1.0,"dims_estimated":true,"bearing":180,"bearing_estimated":true,"lit":false,"provenance":"uf","scale":"medium","owner":"University of Florida's Art in State Buildings Program","address":"1080 SW 11th St, Gainesville, FL 32601","location_note":"Pk Performing Arts Center","budget":null,"budget_note":null,"artist_local":null,"source_url":"https://www.publicartarchive.org/art/Moondance/14132082","notes":"Setting: not stated in the record (unverified).","located_by":"Public Art Archive coordinates","in_city":true}},{"type":"Feature","geometry":{"type":"Point","coordinates":[-82.369853,29.635809]},"properties":{"id":"paa-87269435","title":"Rana Wall: A Celebration of Frogs","artist":"Gar Waterman","year":1996,"status":"existing","setting":"unverified","type":"wall","material":"bronze","height":3.05,"width":9.14,"dims_estimated":false,"bearing":180,"bearing_estimated":true,"lit":false,"provenance":"uf","scale":"medium","owner":"University of Florida's Art in State Buildings Program","address":"3215 Hull Rd, Gainesville, FL 32611","location_note":"Powell Hall (FLMNH)","budget":null,"budget_note":null,"artist_local":null,"source_url":"https://www.publicartarchive.org/art/Rana-Wall-A-Celebration-of-Frogs/87269435","notes":"Setting: not stated in the record (unverified). Dimensions as stated in the record.","located_by":"Public Art Archive coordinates","in_city":true}},{"type":"Feature","geometry":{"type":"Point","coordinates":[-82.34524,29.649462]},"properties":{"id":"paa-e503bd4a","title":"A Sacred Land","artist":"Molly Mabe","year":2008,"status":"existing","setting":"indoor","type":"mural","material":"mixed","height":1.5,"width":2.0,"dims_estimated":true,"bearing":180,"bearing_estimated":true,"lit":false,"provenance":"uf","scale":"small","owner":"University of Florida's Art in State Buildings Program","address":"296 Buckman Dr, Gainesville, FL 32611","location_note":"Pugh Hall","budget":null,"budget_note":null,"artist_local":null,"source_url":"https://www.publicartarchive.org/art/A-Sacred-Land/e503bd4a","notes":"Setting: a painting, print, photograph, drawing, textile or stained glass.","located_by":"Public Art Archive coordinates","in_city":true}},{"type":"Feature","geometry":{"type":"Point","coordinates":[-82.345264,29.649452]},"properties":{"id":"paa-d4fdc633","title":"Ancient River, Cypress Marsh","artist":"Molly Mabe","year":2008,"status":"existing","setting":"indoor","type":"mural","material":"mixed","height":1.5,"width":2.0,"dims_estimated":true,"bearing":180,"bearing_estimated":true,"lit":false,"provenance":"uf","scale":"small","owner":"University of Florida's Art in State Buildings Program","address":"296 Buckman Dr, Gainesville, FL 32611","location_note":"Pugh Hall","budget":null,"budget_note":null,"artist_local":null,"source_url":"https://www.publicartarchive.org/art/Ancient-River-Cypress-Marsh/d4fdc633","notes":"Setting: a painting, print, photograph, drawing, textile or stained glass.","located_by":"Public Art Archive coordinates","in_city":true}},{"type":"Feature","geometry":{"type":"Point","coordinates":[-82.345264,29.64948]},"properties":{"id":"paa-20e913ba","title":"River to Sea","artist":"Molly Mabe","year":2008,"status":"existing","setting":"indoor","type":"mural","material":"mixed","height":1.5,"width":2.0,"dims_estimated":true,"bearing":180,"bearing_estimated":true,"lit":false,"provenance":"uf","scale":"small","owner":"University of Florida's Art in State Buildings Program","address":"296 Buckman Dr, Gainesville, FL 32611","location_note":"Pugh Hall","budget":null,"budget_note":null,"artist_local":null,"source_url":"https://www.publicartarchive.org/art/River-to-Sea/20e913ba","notes":"Setting: a painting, print, photograph, drawing, textile or stained glass.","located_by":"Public Art Archive coordinates","in_city":true}},{"type":"Feature","geometry":{"type":"Point","coordinates":[-82.348775,29.650128]},"properties":{"id":"paa-e4269821","title":"Islamorada Weekend","artist":"John Wilton","year":1991,"status":"off_view","setting":"indoor","type":"mural","material":"acrylic_mural","height":1.5,"width":2.0,"dims_estimated":true,"bearing":180,"bearing_estimated":true,"lit":false,"provenance":"uf","scale":"small","owner":"University of Florida's Art in State Buildings Program","address":"222 Fletcher Dr, Gainesville, FL 32611","location_note":"Racquet Club Dining Center","budget":null,"budget_note":null,"artist_local":null,"source_url":"https://www.publicartarchive.org/art/Islamorada-Weekend/e4269821","notes":"The archive marks it off view (not on public display). Setting: a painting, print, photograph, drawing, textile or stained glass.","located_by":"Public Art Archive coordinates","in_city":true}},{"type":"Feature","geometry":{"type":"Point","coordinates":[-82.348775,29.650128]},"properties":{"id":"paa-aa7f8dba","title":"No Coat and Tie Required","artist":"John Wilton","year":1991,"status":"off_view","setting":"indoor","type":"mural","material":"acrylic_mural","height":1.5,"width":2.0,"dims_estimated":true,"bearing":180,"bearing_estimated":true,"lit":false,"provenance":"uf","scale":"small","owner":"University of Florida's Art in State Buildings Program","address":"222 Fletcher Dr, Gainesville, FL 32611","location_note":"Racquet Club Dining Center","budget":null,"budget_note":null,"artist_local":null,"source_url":"https://www.publicartarchive.org/art/No-Coat-and-Tie-Required/aa7f8dba","notes":"The archive marks it off view (not on public display). Setting: a painting, print, photograph, drawing, textile or stained glass.","located_by":"Public Art Archive coordinates","in_city":true}},{"type":"Feature","geometry":{"type":"Point","coordinates":[-82.348775,29.650128]},"properties":{"id":"paa-84df1c49","title":"Okeechobee Sunset","artist":"John Wilton","year":1991,"status":"off_view","setting":"indoor","type":"mural","material":"acrylic_mural","height":1.5,"width":2.0,"dims_estimated":true,"bearing":180,"bearing_estimated":true,"lit":false,"provenance":"uf","scale":"small","owner":"University of Florida's Art in State Buildings Program","address":"222 Fletcher Dr, Gainesville, FL 32611","location_note":"Racquet Club Dining Center","budget":null,"budget_note":null,"artist_local":null,"source_url":"https://www.publicartarchive.org/art/Okeechobee-Sunset/84df1c49","notes":"The archive marks it off view (not on public display). Setting: a painting, print, photograph, drawing, textile or stained glass.","located_by":"Public Art Archive coordinates","in_city":true}},{"type":"Feature","geometry":{"type":"Point","coordinates":[-82.348775,29.650128]},"properties":{"id":"paa-ff324836","title":"Waiting For You in Florida","artist":"John Wilton","year":1991,"status":"off_view","setting":"indoor","type":"mural","material":"acrylic_mural","height":1.5,"width":2.0,"dims_estimated":true,"bearing":180,"bearing_estimated":true,"lit":false,"provenance":"uf","scale":"small","owner":"University of Florida's Art in State Buildings Program","address":"222 Fletcher Dr, Gainesville, FL 32611","location_note":"Racquet Club Dining Center","budget":null,"budget_note":null,"artist_local":null,"source_url":"https://www.publicartarchive.org/art/Waiting-For-You-in-Florida/ff324836","notes":"The archive marks it off view (not on public display). Setting: a painting, print, photograph, drawing, textile or stained glass.","located_by":"Public Art Archive coordinates","in_city":true}},{"type":"Feature","geometry":{"type":"Point","coordinates":[-82.348081,29.646437]},"properties":{"id":"paa-89f82dc4","title":"Bone Series: Biophilia Connections","artist":"Jenni Ward","year":2019,"status":"existing","setting":"indoor","type":"sculpture","material":"mosaic","height":3.0,"width":2.0,"dims_estimated":true,"bearing":180,"bearing_estimated":true,"lit":false,"provenance":"uf","scale":"medium","owner":"University of Florida's Art in State Buildings Program","address":"655 Reitz Union Dr, Gainesville, FL 32611","location_note":"Reitz Student Union","budget":null,"budget_note":null,"artist_local":null,"source_url":"https://www.publicartarchive.org/art/Bone-Series-Biophilia-Connections/89f82dc4","notes":"Setting: hung through the building's walls and stairwell (per the record).","located_by":"Public Art Archive coordinates","in_city":true}},{"type":"Feature","geometry":{"type":"Point","coordinates":[-82.347169,29.646448]},"properties":{"id":"paa-d73017ac","title":"Light Falls","artist":"Ivan Toth Depe\u00f1a","year":2015,"status":"existing","setting":"unverified","type":"sculpture","material":"digital","height":3.0,"width":2.0,"dims_estimated":true,"bearing":180,"bearing_estimated":true,"lit":true,"provenance":"uf","scale":"medium","owner":"University of Florida's Art in State Buildings Program","address":"655 Reitz Union Dr, Gainesville, FL 32611","location_note":"Reitz Student Union","budget":null,"budget_note":null,"artist_local":null,"source_url":"https://www.publicartarchive.org/art/Light-Falls/d73017ac","notes":"Setting: not stated in the record (unverified).","located_by":"Public Art Archive coordinates","in_city":true}},{"type":"Feature","geometry":{"type":"Point","coordinates":[-82.347991,29.646537]},"properties":{"id":"paa-385313a2","title":"Little Nemo Springs","artist":"Margaret Ross Tolbert","year":1991,"status":"existing","setting":"indoor","type":"mural","material":"mixed","height":1.5,"width":2.0,"dims_estimated":true,"bearing":180,"bearing_estimated":true,"lit":false,"provenance":"uf","scale":"small","owner":"University of Florida's Art in State Buildings Program","address":"655 Reitz Union Dr, Gainesville, FL 32611","location_note":"Reitz Student Union","budget":null,"budget_note":null,"artist_local":null,"source_url":"https://www.publicartarchive.org/art/Little-Nemo-Springs/385313a2","notes":"Setting: a painting, print, photograph, drawing, textile or stained glass.","located_by":"Public Art Archive coordinates","in_city":true}},{"type":"Feature","geometry":{"type":"Point","coordinates":[-82.347828,29.646579]},"properties":{"id":"paa-f4ccc5f7","title":"Riding Seaward","artist":"Heidi S. Edwards","year":1994,"status":"existing","setting":"indoor","type":"mural","material":"mixed","height":1.5,"width":2.0,"dims_estimated":true,"bearing":180,"bearing_estimated":true,"lit":false,"provenance":"uf","scale":"small","owner":"University of Florida's Art in State Buildings Program","address":"655 Reitz Union Dr, Gainesville, FL 32611","location_note":"Reitz Student Union","budget":null,"budget_note":null,"artist_local":null,"source_url":"https://www.publicartarchive.org/art/Riding-Seaward/f4ccc5f7","notes":"Setting: a painting, print, photograph, drawing, textile or stained glass.","located_by":"Public Art Archive coordinates","in_city":true}},{"type":"Feature","geometry":{"type":"Point","coordinates":[-82.348356,29.646628]},"properties":{"id":"paa-5543e117","title":"Series: The Sylvan Suite","artist":"Jerry Cutler","year":2001,"status":"existing","setting":"indoor","type":"mural","material":"mixed","height":1.5,"width":2.0,"dims_estimated":true,"bearing":180,"bearing_estimated":true,"lit":false,"provenance":"uf","scale":"small","owner":"University of Florida's Art in State Buildings Program","address":"655 Reitz Union Dr, Gainesville, FL 32611","location_note":"Reitz Student Union","budget":null,"budget_note":null,"artist_local":null,"source_url":"https://www.publicartarchive.org/art/Series-The-Sylvan-Suite/5543e117","notes":"Setting: a painting, print, photograph, drawing, textile or stained glass.","located_by":"Public Art Archive coordinates","in_city":true}},{"type":"Feature","geometry":{"type":"Point","coordinates":[-82.348308,29.646627]},"properties":{"id":"paa-e8efbef9","title":"The Sylvan Suite: Bald Cypress","artist":"Jerry Cutler","year":2001,"status":"existing","setting":"indoor","type":"mural","material":"mixed","height":1.5,"width":2.0,"dims_estimated":true,"bearing":180,"bearing_estimated":true,"lit":false,"provenance":"uf","scale":"small","owner":"University of Florida's Art in State Buildings Program","address":"655 Reitz Union Dr, Gainesville, FL 32611","location_note":"Reitz Student Union","budget":null,"budget_note":null,"artist_local":null,"source_url":"https://www.publicartarchive.org/art/The-Sylvan-Suite-Bald-Cypress/e8efbef9","notes":"Setting: a painting, print, photograph, drawing, textile or stained glass.","located_by":"Public Art Archive coordinates","in_city":true}},{"type":"Feature","geometry":{"type":"Point","coordinates":[-82.348146,29.646627]},"properties":{"id":"paa-4a9fb675","title":"The Sylvan Suite: Cabbage Palm","artist":"Jerry Cutler","year":2001,"status":"existing","setting":"indoor","type":"mural","material":"mixed","height":1.5,"width":2.0,"dims_estimated":true,"bearing":180,"bearing_estimated":true,"lit":false,"provenance":"uf","scale":"small","owner":"University of Florida's Art in State Buildings Program","address":"655 Reitz Union Dr, Gainesville, FL 32611","location_note":"Reitz Student Union","budget":null,"budget_note":null,"artist_local":null,"source_url":"https://www.publicartarchive.org/art/The-Sylvan-Suite-Cabbage-Palm/4a9fb675","notes":"Setting: a painting, print, photograph, drawing, textile or stained glass.","located_by":"Public Art Archive coordinates","in_city":true}},{"type":"Feature","geometry":{"type":"Point","coordinates":[-82.348491,29.646633]},"properties":{"id":"paa-041bb3c0","title":"The Sylvan Suite: Dogwood","artist":"Jerry Cutler","year":2001,"status":"existing","setting":"indoor","type":"mural","material":"mixed","height":1.5,"width":2.0,"dims_estimated":true,"bearing":180,"bearing_estimated":true,"lit":false,"provenance":"uf","scale":"small","owner":"University of Florida's Art in State Buildings Program","address":"655 Reitz Union Dr, Gainesville, FL 32611","location_note":"Reitz Student Union","budget":null,"budget_note":null,"artist_local":null,"source_url":"https://www.publicartarchive.org/art/The-Sylvan-Suite-Dogwood/041bb3c0","notes":"Setting: a painting, print, photograph, drawing, textile or stained glass.","located_by":"Public Art Archive coordinates","in_city":true}},{"type":"Feature","geometry":{"type":"Point","coordinates":[-82.348356,29.646628]},"properties":{"id":"paa-a9f67498","title":"The Sylvan Suite: Live Oak","artist":"Jerry Cutler","year":2001,"status":"existing","setting":"indoor","type":"mural","material":"mixed","height":1.5,"width":2.0,"dims_estimated":true,"bearing":180,"bearing_estimated":true,"lit":false,"provenance":"uf","scale":"small","owner":"University of Florida's Art in State Buildings Program","address":"655 Reitz Union Dr, Gainesville, FL 32611","location_note":"Reitz Student Union","budget":null,"budget_note":null,"artist_local":null,"source_url":"https://www.publicartarchive.org/art/The-Sylvan-Suite-Live-Oak/a9f67498","notes":"Setting: a painting, print, photograph, drawing, textile or stained glass.","located_by":"Public Art Archive coordinates","in_city":true}},{"type":"Feature","geometry":{"type":"Point","coordinates":[-82.348399,29.646629]},"properties":{"id":"paa-aa8fe753","title":"The Sylvan Suite: Long Leaf Pine","artist":"Jerry Cutler","year":2001,"status":"existing","setting":"indoor","type":"mural","material":"mixed","height":1.5,"width":2.0,"dims_estimated":true,"bearing":180,"bearing_estimated":true,"lit":false,"provenance":"uf","scale":"small","owner":"University of Florida's Art in State Buildings Program","address":"655 Reitz Union Dr, Gainesville, FL 32611","location_note":"Reitz Student Union","budget":null,"budget_note":null,"artist_local":null,"source_url":"https://www.publicartarchive.org/art/The-Sylvan-Suite-Long-Leaf-Pine/aa8fe753","notes":"Setting: a painting, print, photograph, drawing, textile or stained glass.","located_by":"Public Art Archive coordinates","in_city":true}},{"type":"Feature","geometry":{"type":"Point","coordinates":[-82.348443,29.646629]},"properties":{"id":"paa-942040b4","title":"The Sylvan Suite: Magnolia","artist":"Jerry Cutler","year":2001,"status":"existing","setting":"indoor","type":"mural","material":"mixed","height":1.5,"width":2.0,"dims_estimated":true,"bearing":180,"bearing_estimated":true,"lit":false,"provenance":"uf","scale":"small","owner":"University of Florida's Art in State Buildings Program","address":"655 Reitz Union Dr, Gainesville, FL 32611","location_note":"Reitz Student Union","budget":null,"budget_note":null,"artist_local":null,"source_url":"https://www.publicartarchive.org/art/The-Sylvan-Suite-Magnolia/942040b4","notes":"Setting: a painting, print, photograph, drawing, textile or stained glass.","located_by":"Public Art Archive coordinates","in_city":true}},{"type":"Feature","geometry":{"type":"Point","coordinates":[-82.348257,29.646627]},"properties":{"id":"paa-ed6f719d","title":"The Sylvan Suite: Pecan","artist":"Jerry Cutler","year":2001,"status":"existing","setting":"indoor","type":"mural","material":"mixed","height":1.5,"width":2.0,"dims_estimated":true,"bearing":180,"bearing_estimated":true,"lit":false,"provenance":"uf","scale":"small","owner":"University of Florida's Art in State Buildings Program","address":"655 Reitz Union Dr, Gainesville, FL 32611","location_note":"Reitz Student Union","budget":null,"budget_note":null,"artist_local":null,"source_url":"https://www.publicartarchive.org/art/The-Sylvan-Suite-Pecan/ed6f719d","notes":"Setting: a painting, print, photograph, drawing, textile or stained glass.","located_by":"Public Art Archive coordinates","in_city":true}},{"type":"Feature","geometry":{"type":"Point","coordinates":[-82.348356,29.646628]},"properties":{"id":"paa-07eb0eac","title":"The Sylvan Suite: Sweet Gum","artist":"Jerry Cutler","year":2001,"status":"existing","setting":"indoor","type":"mural","material":"mixed","height":1.5,"width":2.0,"dims_estimated":true,"bearing":180,"bearing_estimated":true,"lit":false,"provenance":"uf","scale":"small","owner":"University of Florida's Art in State Buildings Program","address":"655 Reitz Union Dr, Gainesville, FL 32611","location_note":"Reitz Student Union","budget":null,"budget_note":null,"artist_local":null,"source_url":"https://www.publicartarchive.org/art/The-Sylvan-Suite-Sweet-Gum/07eb0eac","notes":"Setting: a painting, print, photograph, drawing, textile or stained glass.","located_by":"Public Art Archive coordinates","in_city":true}},{"type":"Feature","geometry":{"type":"Point","coordinates":[-82.348494,29.646117]},"properties":{"id":"paa-38a1e5a7","title":"Union Arch","artist":"Carl Reed","year":1998,"status":"existing","setting":"outdoor","type":"sculpture","material":"stone","height":3.0,"width":2.0,"dims_estimated":true,"bearing":180,"bearing_estimated":true,"lit":false,"provenance":"uf","scale":"medium","owner":"University of Florida's Art in State Buildings Program","address":"655 Reitz Union Dr, Gainesville, FL 32611","location_note":"Reitz Student Union","budget":null,"budget_note":null,"artist_local":null,"source_url":"https://www.publicartarchive.org/art/Union-Arch/38a1e5a7","notes":"Setting: a granite gate, monolith and stone seating blocks (per the record); outdoors inferred.","located_by":"Public Art Archive coordinates","in_city":true}},{"type":"Feature","geometry":{"type":"Point","coordinates":[-82.349221,29.647848]},"properties":{"id":"paa-9e627ced","title":"Forging Away","artist":"Gary Prazen","year":2001,"status":"existing","setting":"unverified","type":"figure","material":"bronze","height":2.5,"width":1.0,"dims_estimated":true,"bearing":180,"bearing_estimated":true,"lit":false,"provenance":"uf","scale":"medium","owner":"University of Florida's Art in State Buildings Program","address":"549 Gale Lemerand Dr, Gainesville, FL 32611","location_note":"Rhines Hall","budget":null,"budget_note":null,"artist_local":null,"source_url":"https://www.publicartarchive.org/art/Forging-Away/9e627ced","notes":"Setting: not stated in the record (unverified).","located_by":"Public Art Archive coordinates","in_city":true}},{"type":"Feature","geometry":{"type":"Point","coordinates":[-82.349244,29.647823]},"properties":{"id":"paa-82a72007","title":"The Glass Blower","artist":"Gary Prazen","year":2001,"status":"existing","setting":"unverified","type":"figure","material":"bronze","height":2.5,"width":1.0,"dims_estimated":true,"bearing":180,"bearing_estimated":true,"lit":false,"provenance":"uf","scale":"medium","owner":"University of Florida's Art in State Buildings Program","address":"549 Gale Lemerand Dr, Gainesville, FL 32611","location_note":"Rhines Hall","budget":null,"budget_note":null,"artist_local":null,"source_url":"https://www.publicartarchive.org/art/The-Glass-Blower/82a72007","notes":"Setting: not stated in the record (unverified).","located_by":"Public Art Archive coordinates","in_city":true}},{"type":"Feature","geometry":{"type":"Point","coordinates":[-82.349267,29.647851]},"properties":{"id":"paa-c3591b20","title":"The Potter","artist":"Gary Prazen","year":2001,"status":"existing","setting":"unverified","type":"figure","material":"bronze","height":2.5,"width":1.0,"dims_estimated":true,"bearing":180,"bearing_estimated":true,"lit":false,"provenance":"uf","scale":"medium","owner":"University of Florida's Art in State Buildings Program","address":"549 Gale Lemerand Dr, Gainesville, FL 32611","location_note":"Rhines Hall","budget":null,"budget_note":null,"artist_local":null,"source_url":"https://www.publicartarchive.org/art/The-Potter/c3591b20","notes":"Setting: not stated in the record (unverified).","located_by":"Public Art Archive coordinates","in_city":true}},{"type":"Feature","geometry":{"type":"Point","coordinates":[-82.343263,29.646973]},"properties":{"id":"paa-08aeb52d","title":"Ball","artist":"Steven Siegel","year":2004,"status":"existing","setting":"indoor","type":"sculpture","material":"mixed","height":3.0,"width":2.0,"dims_estimated":true,"bearing":180,"bearing_estimated":true,"lit":false,"provenance":"uf","scale":"medium","owner":"University of Florida's Art in State Buildings Program","address":"549 Gale Lemerand Dr, Gainesville, FL 32611","location_note":"Rinker Hall","budget":null,"budget_note":null,"artist_local":null,"source_url":"https://www.publicartarchive.org/art/Ball/08aeb52d","notes":"Setting: paper sculpture.","located_by":"Public Art Archive coordinates","in_city":true}},{"type":"Feature","geometry":{"type":"Point","coordinates":[-82.343263,29.646973]},"properties":{"id":"paa-46fc1e33","title":"Carbon#5","artist":"Steven Siegel","year":2004,"status":"existing","setting":"indoor","type":"sculpture","material":"mixed","height":3.0,"width":2.0,"dims_estimated":true,"bearing":180,"bearing_estimated":true,"lit":false,"provenance":"uf","scale":"medium","owner":"University of Florida's Art in State Buildings Program","address":"573 Newell Dr, Gainesville, FL 32611","location_note":"Rinker Hall","budget":null,"budget_note":null,"artist_local":null,"source_url":"https://www.publicartarchive.org/art/Carbon-5/46fc1e33","notes":"Setting: paper sculpture.","located_by":"Public Art Archive coordinates","in_city":true}},{"type":"Feature","geometry":{"type":"Point","coordinates":[-82.34315,29.647187]},"properties":{"id":"paa-a4a8daa0","title":"Tabletop#4","artist":"Steven Siegel","year":2004,"status":"existing","setting":"indoor","type":"sculpture","material":"mixed","height":3.0,"width":2.0,"dims_estimated":true,"bearing":180,"bearing_estimated":true,"lit":false,"provenance":"uf","scale":"medium","owner":"University of Florida's Art in State Buildings Program","address":"573 Newell Dr, Gainesville, FL 32611","location_note":"Rinker Hall","budget":null,"budget_note":null,"artist_local":null,"source_url":"https://www.publicartarchive.org/art/Tabletop-4/a4a8daa0","notes":"Setting: paper sculpture.","located_by":"Public Art Archive coordinates","in_city":true}},{"type":"Feature","geometry":{"type":"Point","coordinates":[-82.34315,29.647213]},"properties":{"id":"paa-cedbff87","title":"Tabletop#5","artist":"Steven Siegel","year":2004,"status":"existing","setting":"indoor","type":"sculpture","material":"mixed","height":3.0,"width":2.0,"dims_estimated":true,"bearing":180,"bearing_estimated":true,"lit":false,"provenance":"uf","scale":"medium","owner":"University of Florida's Art in State Buildings Program","address":"573 Newell Dr, Gainesville, FL 32611","location_note":"Rinker Hall","budget":null,"budget_note":null,"artist_local":null,"source_url":"https://www.publicartarchive.org/art/Tabletop-5/cedbff87","notes":"Setting: paper sculpture.","located_by":"Public Art Archive coordinates","in_city":true}},{"type":"Feature","geometry":{"type":"Point","coordinates":[-82.343311,29.646971]},"properties":{"id":"paa-af2926e4","title":"Tabletop#8","artist":"Steven Siegel","year":2004,"status":"existing","setting":"indoor","type":"sculpture","material":"mixed","height":3.0,"width":2.0,"dims_estimated":true,"bearing":180,"bearing_estimated":true,"lit":false,"provenance":"uf","scale":"medium","owner":"University of Florida's Art in State Buildings Program","address":"573 Newell Dr, Gainesville, FL 32611","location_note":"Rinker Hall","budget":null,"budget_note":null,"artist_local":null,"source_url":"https://www.publicartarchive.org/art/Tabletop-8/af2926e4","notes":"Setting: paper sculpture.","located_by":"Public Art Archive coordinates","in_city":true}},{"type":"Feature","geometry":{"type":"Point","coordinates":[-82.345506,29.64002]},"properties":{"id":"paa-da0626d3","title":"Field Day (I & II)","artist":"Ellen Kochansky","year":1989,"status":"off_view","setting":"indoor","type":"mural","material":"mixed","height":1.5,"width":2.0,"dims_estimated":true,"bearing":180,"bearing_estimated":true,"lit":false,"provenance":"uf","scale":"small","owner":"University of Florida's Art in State Buildings Program","address":"1600 SW Archer Rd, Gainesville, FL 32608","location_note":"Shands Teaching Hospital","budget":null,"budget_note":null,"artist_local":null,"source_url":"https://www.publicartarchive.org/art/Field-Day-I-II-/da0626d3","notes":"The archive marks it off view (not on public display). Setting: a painting, print, photograph, drawing, textile or stained glass.","located_by":"Public Art Archive coordinates","in_city":true}},{"type":"Feature","geometry":{"type":"Point","coordinates":[-82.345506,29.64002]},"properties":{"id":"paa-04914cdf","title":"Gathering Places","artist":"Robert Calvo","year":1989,"status":"off_view","setting":"indoor","type":"sculpture","material":"mixed","height":3.0,"width":2.0,"dims_estimated":true,"bearing":180,"bearing_estimated":true,"lit":false,"provenance":"uf","scale":"medium","owner":"University of Florida's Art in State Buildings Program","address":"1600 SW Archer Rd, Gainesville, FL 32608","location_note":"Shands Teaching Hospital","budget":null,"budget_note":null,"artist_local":null,"source_url":"https://www.publicartarchive.org/art/Gathering-Places/04914cdf","notes":"The archive marks it off view (not on public display). Setting: painted wood pieces modelled on interior architectural details.","located_by":"Public Art Archive coordinates","in_city":true}},{"type":"Feature","geometry":{"type":"Point","coordinates":[-82.345506,29.64002]},"properties":{"id":"paa-e47b55d6","title":"Landscape","artist":"Elizabeth MacDonald","year":1989,"status":"off_view","setting":"unverified","type":"sculpture","material":"mosaic","height":3.0,"width":2.0,"dims_estimated":true,"bearing":180,"bearing_estimated":true,"lit":false,"provenance":"uf","scale":"medium","owner":"University of Florida's Art in State Buildings Program","address":"1600 SW Archer Rd, Gainesville, FL 32608","location_note":"Shands Teaching Hospital","budget":null,"budget_note":null,"artist_local":null,"source_url":"https://www.publicartarchive.org/art/Landscape/e47b55d6","notes":"The archive marks it off view (not on public display). Setting: not stated in the record (unverified).","located_by":"Public Art Archive coordinates","in_city":true}},{"type":"Feature","geometry":{"type":"Point","coordinates":[-82.345506,29.64002]},"properties":{"id":"paa-37a6ef97","title":"Origami","artist":"Lenn Neff","year":1988,"status":"off_view","setting":"indoor","type":"mural","material":"glass","height":1.5,"width":2.0,"dims_estimated":true,"bearing":180,"bearing_estimated":true,"lit":false,"provenance":"uf","scale":"small","owner":"University of Florida's Art in State Buildings Program","address":"1600 SW Archer Rd, Gainesville, FL 32608","location_note":"Shands Teaching Hospital","budget":null,"budget_note":null,"artist_local":null,"source_url":"https://www.publicartarchive.org/art/Origami/37a6ef97","notes":"The archive marks it off view (not on public display). Setting: a painting, print, photograph, drawing, textile or stained glass.","located_by":"Public Art Archive coordinates","in_city":true}},{"type":"Feature","geometry":{"type":"Point","coordinates":[-82.474864,29.782818]},"properties":{"id":"paa-c0bdcf1b","title":"Slice of Life #s 1-6","artist":"Carlos Alves","year":1995,"status":"existing","setting":"indoor","type":"wall","material":"mosaic","height":2.4,"width":20.0,"dims_estimated":true,"bearing":180,"bearing_estimated":true,"lit":false,"provenance":"uf","scale":"large","owner":"University of Florida's Art in State Buildings Program","address":"12085 Research Dr, Alachua, FL 32615","location_note":"Sid Martin Biotechnology","budget":null,"budget_note":null,"artist_local":null,"source_url":"https://www.publicartarchive.org/art/Slice-of-Life-s-1-6/c0bdcf1b","notes":"Setting: set in the floors and on the walls of the facility (per the record).","located_by":"Public Art Archive coordinates","in_city":false}},{"type":"Feature","geometry":{"type":"Point","coordinates":[-82.368518,29.638149]},"properties":{"id":"paa-ddc4089f","title":"A Good Day at the Gym","artist":"James Piercey","year":1993,"status":"existing","setting":"indoor","type":"mural","material":"glass","height":1.5,"width":2.0,"dims_estimated":true,"bearing":180,"bearing_estimated":true,"lit":true,"provenance":"uf","scale":"small","owner":"University of Florida's Art in State Buildings Program","address":"3150 Hull Rd, Gainesville, FL 32611","location_note":"Southwest Recreational Center","budget":null,"budget_note":null,"artist_local":null,"source_url":"https://www.publicartarchive.org/art/A-Good-Day-at-the-Gym/ddc4089f","notes":"Setting: back-lit stained glass.","located_by":"Public Art Archive coordinates","in_city":true}},{"type":"Feature","geometry":{"type":"Point","coordinates":[-82.368385,29.637833]},"properties":{"id":"paa-694000b0","title":"Thirst","artist":"David Dahlquist","year":2010,"status":"existing","setting":"outdoor","type":"sculpture","material":"stone","height":3.0,"width":2.0,"dims_estimated":true,"bearing":180,"bearing_estimated":true,"lit":true,"provenance":"uf","scale":"medium","owner":"University of Florida's Art in State Buildings Program","address":"3150 Hull Rd, Gainesville, FL 32611","location_note":"Southwest Recreational Center","budget":null,"budget_note":null,"artist_local":null,"source_url":"https://www.publicartarchive.org/art/Thirst/694000b0","notes":"Setting: set along the site's bioswale (per the record).","located_by":"Public Art Archive coordinates","in_city":true}},{"type":"Feature","geometry":{"type":"Point","coordinates":[-82.368518,29.638149]},"properties":{"id":"paa-4cde2cf5","title":"Zigzag","artist":"Carl Powell","year":2003,"status":"off_view","setting":"indoor","type":"mural","material":"glass","height":1.5,"width":2.0,"dims_estimated":true,"bearing":180,"bearing_estimated":true,"lit":false,"provenance":"uf","scale":"small","owner":"University of Florida's Art in State Buildings Program","address":"3150 Hull Rd, Gainesville, FL 32611","location_note":"Southwest Recreational Center","budget":null,"budget_note":null,"artist_local":null,"source_url":"https://www.publicartarchive.org/art/Zigzag/4cde2cf5","notes":"The archive marks it off view (not on public display). Setting: a painting, print, photograph, drawing, textile or stained glass.","located_by":"Public Art Archive coordinates","in_city":true}},{"type":"Feature","geometry":{"type":"Point","coordinates":[-82.342807,29.647559]},"properties":{"id":"paa-c1c1c0d1","title":"George's Locker","artist":"R. F. Buckley","year":2010,"status":"existing","setting":"unverified","type":"sculpture","material":"steel","height":3.0,"width":2.0,"dims_estimated":true,"bearing":180,"bearing_estimated":true,"lit":false,"provenance":"uf","scale":"medium","owner":"University of Florida's Art in State Buildings Program","address":"1556 Inner Rd, Gainesville, FL 32601","location_note":"Steinbrenner","budget":null,"budget_note":null,"artist_local":null,"source_url":"https://www.publicartarchive.org/art/George-s-Locker/c1c1c0d1","notes":"Setting: not stated in the record (unverified).","located_by":"Public Art Archive coordinates","in_city":true}},{"type":"Feature","geometry":{"type":"Point","coordinates":[-82.348948,29.650115]},"properties":{"id":"paa-c7336967","title":"Evolving Forms #16","artist":"Geoffrey Lardiere","year":1991,"status":"existing","setting":"unverified","type":"sculpture","material":"painted_steel","height":3.0,"width":2.0,"dims_estimated":true,"bearing":180,"bearing_estimated":true,"lit":false,"provenance":"uf","scale":"medium","owner":"University of Florida's Art in State Buildings Program","address":"244 Fletcher Dr, Gainesville, FL 32611","location_note":"Student Recreation and Fitness Center","budget":null,"budget_note":null,"artist_local":null,"source_url":"https://www.publicartarchive.org/art/Evolving-Forms-16/c7336967","notes":"Setting: not stated in the record (unverified).","located_by":"Public Art Archive coordinates","in_city":true}},{"type":"Feature","geometry":{"type":"Point","coordinates":[-82.344559,29.651721]},"properties":{"id":"paa-9d789a74","title":"Fullerene","artist":"Tony Stallard","year":2016,"status":"existing","setting":"outdoor","type":"sculpture","material":"steel","height":3.0,"width":2.0,"dims_estimated":true,"bearing":180,"bearing_estimated":true,"lit":true,"provenance":"uf","scale":"medium","owner":"University of Florida's Art in State Buildings Program","address":"1645 W University Ave, Gainesville, FL 32601","location_note":"The Chemistry/Chemical Biology Building","budget":null,"budget_note":null,"artist_local":null,"source_url":"https://www.publicartarchive.org/art/Fullerene/9d789a74","notes":"Setting: hangs from the University Avenue side of the building (per the record).","located_by":"Public Art Archive coordinates","in_city":true}},{"type":"Feature","geometry":{"type":"Point","coordinates":[-82.300917,29.671979]},"properties":{"id":"paa-ad7ab096","title":"Velocity","artist":"Randy Olson","year":2006,"status":"existing","setting":"outdoor","type":"sculpture","material":"steel","height":3.0,"width":2.0,"dims_estimated":true,"bearing":180,"bearing_estimated":true,"lit":false,"provenance":"uf","scale":"medium","owner":"University of Florida's Art in State Buildings Program","address":"2070 NE Waldo Rd, Gainesville, FL 32609","location_note":"The Powell Family Structures And Materials Lab","budget":null,"budget_note":null,"artist_local":null,"source_url":"https://www.publicartarchive.org/art/Velocity/ad7ab096","notes":"Setting: a kinetic sculpture driven by the wind (per the record).","located_by":"Public Art Archive coordinates","in_city":true}},{"type":"Feature","geometry":{"type":"Point","coordinates":[-82.33267,29.650184]},"properties":{"id":"paa-3a0c1544","title":"sTREEt Lamp","artist":"Jay Rosen","year":2012,"status":"existing","setting":"outdoor","type":"sculpture","material":"mixed","height":3.0,"width":2.0,"dims_estimated":true,"bearing":180,"bearing_estimated":true,"lit":false,"provenance":"uf","scale":"medium","owner":"UF Innovate","address":"UF Innovate, Gainesville, FL 32601","location_note":"UF Innovate","budget":null,"budget_note":null,"artist_local":null,"source_url":"https://www.publicartarchive.org/art/sTREEt-Lamp/3a0c1544","notes":"Setting: the record lists it as outdoor sculpture by a roadside (a parking lot).","located_by":"Public Art Archive coordinates","in_city":true}},{"type":"Feature","geometry":{"type":"Point","coordinates":[-82.350307,29.631799]},"properties":{"id":"paa-ee56e63d","title":"Lascaux Horses","artist":"James Piercey","year":1993,"status":"existing","setting":"indoor","type":"mural","material":"glass","height":1.5,"width":2.0,"dims_estimated":true,"bearing":180,"bearing_estimated":true,"lit":false,"provenance":"uf","scale":"small","owner":"University of Florida's Art in State Buildings Program","address":"2221 Shealy Dr, Gainesville, FL 32608","location_note":"UF Large Animal Hospital","budget":null,"budget_note":null,"artist_local":null,"source_url":"https://www.publicartarchive.org/art/Lascaux-Horses/ee56e63d","notes":"Setting: stained-glass windows.","located_by":"Public Art Archive coordinates","in_city":true}},{"type":"Feature","geometry":{"type":"Point","coordinates":[-82.410014,29.656004]},"properties":{"id":"paa-6bcf647b","title":"Shands Commission 10'x9'","artist":"Alfred Phillips","year":2019,"status":"existing","setting":"indoor","type":"mural","material":"acrylic_mural","height":3.05,"width":2.74,"dims_estimated":false,"bearing":180,"bearing_estimated":true,"lit":false,"provenance":"uf","scale":"small","owner":"University of Florida","address":"6201 W Newberry Rd, Gainesville, FL 32605","location_note":"University of Florida Eye Center","budget":null,"budget_note":null,"artist_local":null,"source_url":"https://www.publicartarchive.org/art/Shands-Commission-10-x9-/6bcf647b","notes":"Setting: a painting, print, photograph, drawing, textile or stained glass. Dimensions as stated in the record.","located_by":"Public Art Archive coordinates","in_city":true}},{"type":"Feature","geometry":{"type":"Point","coordinates":[-82.346145,29.634851]},"properties":{"id":"paa-2bd9b788","title":"Cycle","artist":"Leslie Tharp","year":2011,"status":"existing","setting":"unverified","type":"sculpture","material":"painted_steel","height":3.05,"width":2.13,"dims_estimated":false,"bearing":180,"bearing_estimated":true,"lit":false,"provenance":"uf","scale":"medium","owner":"University of Florida","address":"2089 SW 16th Ave., Gainesville, FL 32618","location_note":"University of Florida Small Animal Veterinary Hospital","budget":null,"budget_note":null,"artist_local":null,"source_url":"https://www.publicartarchive.org/art/Cycle/2bd9b788","notes":"Setting: not stated in the record (unverified). Dimensions as stated in the record.","located_by":"Public Art Archive coordinates","in_city":true}},{"type":"Feature","geometry":{"type":"Point","coordinates":[-82.353262,29.647098]},"properties":{"id":"paa-7eb28714","title":"Alligator in Swamp","artist":"Jeffrey H. Dean","year":1998,"status":"removed","setting":"indoor","type":"sculpture","material":"stone","height":3.0,"width":2.0,"dims_estimated":true,"bearing":180,"bearing_estimated":true,"lit":false,"provenance":"uf","scale":"medium","owner":"University of Florida, Gainesville","address":"Stadium Rd, Gainesville, FL 32611","location_note":"University of Florida, Gainesville","budget":null,"budget_note":null,"artist_local":null,"source_url":"https://www.publicartarchive.org/art/Alligator-in-Swamp/7eb28714","notes":"The artist's statement on the record says it was stolen from its hall soon after delivery in 1998. Setting: the record says it stood in one of the halls.","located_by":"Public Art Archive coordinates","in_city":true}},{"type":"Feature","geometry":{"type":"Point","coordinates":[-82.351355,29.633125]},"properties":{"id":"paa-bbbf1554","title":"Alberto at the Shelly Ranch","artist":"Susan Kempton Floyd","year":2001,"status":"existing","setting":"indoor","type":"mural","material":"mixed","height":1.5,"width":2.0,"dims_estimated":true,"bearing":180,"bearing_estimated":true,"lit":false,"provenance":"uf","scale":"small","owner":"University of Florida's Art in State Buildings Program","address":"2250 Shealy Dr, Gainesville, FL 32608","location_note":"Vet Med Food Animal Clinic","budget":null,"budget_note":null,"artist_local":null,"source_url":"https://www.publicartarchive.org/art/Alberto-at-the-Shelly-Ranch/bbbf1554","notes":"Setting: a painting, print, photograph, drawing, textile or stained glass.","located_by":"Public Art Archive coordinates","in_city":true}},{"type":"Feature","geometry":{"type":"Point","coordinates":[-82.351355,29.633125]},"properties":{"id":"paa-c94c1bac","title":"Backwoods River","artist":"Brad Phares","year":2006,"status":"existing","setting":"indoor","type":"mural","material":"mixed","height":1.5,"width":2.0,"dims_estimated":true,"bearing":180,"bearing_estimated":true,"lit":false,"provenance":"uf","scale":"small","owner":"University of Florida's Art in State Buildings Program","address":"2250 Shealy Dr, Gainesville, FL 32608","location_note":"Vet Med Food Animal Clinic","budget":null,"budget_note":null,"artist_local":null,"source_url":"https://www.publicartarchive.org/art/Backwoods-River/c94c1bac","notes":"Setting: a painting, print, photograph, drawing, textile or stained glass.","located_by":"Public Art Archive coordinates","in_city":true}},{"type":"Feature","geometry":{"type":"Point","coordinates":[-82.351351,29.633109]},"properties":{"id":"paa-5f5cc6f2","title":"Bovine Boulevard","artist":"Brad Phares","year":2004,"status":"existing","setting":"indoor","type":"mural","material":"mixed","height":1.5,"width":2.0,"dims_estimated":true,"bearing":180,"bearing_estimated":true,"lit":false,"provenance":"uf","scale":"small","owner":"University of Florida's Art in State Buildings Program","address":"2250 Shealy Dr, Gainesville, FL 32608","location_note":"Vet Med Food Animal Clinic","budget":null,"budget_note":null,"artist_local":null,"source_url":"https://www.publicartarchive.org/art/Bovine-Boulevard/5f5cc6f2","notes":"Setting: a painting, print, photograph, drawing, textile or stained glass.","located_by":"Public Art Archive coordinates","in_city":true}},{"type":"Feature","geometry":{"type":"Point","coordinates":[-82.35135,29.633142]},"properties":{"id":"paa-fc082010","title":"Gator","artist":"Sean Sexton","year":2004,"status":"existing","setting":"indoor","type":"mural","material":"mixed","height":1.5,"width":2.0,"dims_estimated":true,"bearing":180,"bearing_estimated":true,"lit":false,"provenance":"uf","scale":"small","owner":"University of Florida's Art in State Buildings Program","address":"2250 Shealy Dr, Gainesville, FL 32608","location_note":"Vet Med Food Animal Clinic","budget":null,"budget_note":null,"artist_local":null,"source_url":"https://www.publicartarchive.org/art/Gator/fc082010","notes":"Setting: a painting, print, photograph, drawing, textile or stained glass.","located_by":"Public Art Archive coordinates","in_city":true}},{"type":"Feature","geometry":{"type":"Point","coordinates":[-82.351364,29.633139]},"properties":{"id":"paa-ee561c00","title":"Goats and Cows","artist":"Sean Sexton","year":1980,"status":"existing","setting":"indoor","type":"mural","material":"mixed","height":1.5,"width":2.0,"dims_estimated":true,"bearing":180,"bearing_estimated":true,"lit":false,"provenance":"uf","scale":"small","owner":"University of Florida's Art in State Buildings Program","address":"2250 Shealy Dr, Gainesville, FL 32608","location_note":"Vet Med Food Animal Clinic","budget":null,"budget_note":null,"artist_local":null,"source_url":"https://www.publicartarchive.org/art/Goats-and-Cows/ee561c00","notes":"Setting: a painting, print, photograph, drawing, textile or stained glass.","located_by":"Public Art Archive coordinates","in_city":true}},{"type":"Feature","geometry":{"type":"Point","coordinates":[-82.351378,29.633112]},"properties":{"id":"paa-62eca7a0","title":"Semen test","artist":"Sean Sexton","year":2006,"status":"existing","setting":"indoor","type":"mural","material":"mixed","height":1.5,"width":2.0,"dims_estimated":true,"bearing":180,"bearing_estimated":true,"lit":false,"provenance":"uf","scale":"small","owner":"University of Florida's Art in State Buildings Program","address":"2250 Shealy Dr, Gainesville, FL 32608","location_note":"Vet Med Food Animal Clinic","budget":null,"budget_note":null,"artist_local":null,"source_url":"https://www.publicartarchive.org/art/Semen-test/62eca7a0","notes":"Setting: a painting, print, photograph, drawing, textile or stained glass.","located_by":"Public Art Archive coordinates","in_city":true}},{"type":"Feature","geometry":{"type":"Point","coordinates":[-82.351372,29.633095]},"properties":{"id":"paa-cebcea54","title":"The Little Bull","artist":"Sean Sexton","year":2006,"status":"existing","setting":"indoor","type":"mural","material":"mixed","height":1.5,"width":2.0,"dims_estimated":true,"bearing":180,"bearing_estimated":true,"lit":false,"provenance":"uf","scale":"small","owner":"University of Florida's Art in State Buildings Program","address":"2250 Shealy Dr, Gainesville, FL 32608","location_note":"Vet Med Food Animal Clinic","budget":null,"budget_note":null,"artist_local":null,"source_url":"https://www.publicartarchive.org/art/The-Little-Bull/cebcea54","notes":"Setting: a painting, print, photograph, drawing, textile or stained glass.","located_by":"Public Art Archive coordinates","in_city":true}},{"type":"Feature","geometry":{"type":"Point","coordinates":[-82.351202,29.633961]},"properties":{"id":"paa-7e7c9272","title":"Foal's Point of View","artist":"H.A. Fadhli","year":1997,"status":"existing","setting":"unverified","type":"figure","material":"bronze","height":2.5,"width":1.0,"dims_estimated":true,"bearing":180,"bearing_estimated":true,"lit":false,"provenance":"uf","scale":"medium","owner":"University of Florida's Art in State Buildings Program","address":"1945 SW 16th Ave, Gainesville, FL 32608","location_note":"Veterinary Academic Bldg","budget":null,"budget_note":null,"artist_local":null,"source_url":"https://www.publicartarchive.org/art/Foal-s-Point-of-View/7e7c9272","notes":"Setting: not stated in the record (unverified).","located_by":"Public Art Archive coordinates","in_city":true}},{"type":"Feature","geometry":{"type":"Point","coordinates":[-82.348912,29.6339]},"properties":{"id":"paa-2bf01401","title":"Hercules","artist":"Wopo Holup","year":1997,"status":"existing","setting":"unverified","type":"mural","material":"concrete","height":1.5,"width":2.0,"dims_estimated":true,"bearing":180,"bearing_estimated":true,"lit":false,"provenance":"uf","scale":"small","owner":"University of Florida's Art in State Buildings Program","address":"1945 SW 16th Ave, Gainesville, FL 32608","location_note":"Veterinary Academic Bldg","budget":null,"budget_note":null,"artist_local":null,"source_url":"https://www.publicartarchive.org/art/Hercules/2bf01401","notes":"Setting: not stated in the record (unverified).","located_by":"Public Art Archive coordinates","in_city":true}},{"type":"Feature","geometry":{"type":"Point","coordinates":[-82.348984,29.634089]},"properties":{"id":"paa-934a6b7d","title":"Morelet's Crocodile","artist":"James Balog","year":1997,"status":"existing","setting":"indoor","type":"mural","material":"mixed","height":1.5,"width":2.0,"dims_estimated":true,"bearing":180,"bearing_estimated":true,"lit":false,"provenance":"uf","scale":"small","owner":"University of Florida's Art in State Buildings Program","address":"1945 SW 16th Ave, Gainesville, FL 32608","location_note":"Veterinary Academic Bldg","budget":null,"budget_note":null,"artist_local":null,"source_url":"https://www.publicartarchive.org/art/Morelet-s-Crocodile/934a6b7d","notes":"Setting: a painting, print, photograph, drawing, textile or stained glass.","located_by":"Public Art Archive coordinates","in_city":true}},{"type":"Feature","geometry":{"type":"Point","coordinates":[-82.351202,29.633961]},"properties":{"id":"paa-02be4247","title":"Patience","artist":"Frances Merritt Thompson","year":1997,"status":"existing","setting":"indoor","type":"mural","material":"mixed","height":1.5,"width":2.0,"dims_estimated":true,"bearing":180,"bearing_estimated":true,"lit":false,"provenance":"uf","scale":"small","owner":"University of Florida's Art in State Buildings Program","address":"1945 SW 16th Ave, Gainesville, FL 32608","location_note":"Veterinary Academic Bldg","budget":null,"budget_note":null,"artist_local":null,"source_url":"https://www.publicartarchive.org/art/Patience/02be4247","notes":"Setting: a painting, print, photograph, drawing, textile or stained glass.","located_by":"Public Art Archive coordinates","in_city":true}},{"type":"Feature","geometry":{"type":"Point","coordinates":[-82.351202,29.633961]},"properties":{"id":"paa-288ea3f8","title":"Split Image 2","artist":"Frances Merritt Thompson","year":1997,"status":"existing","setting":"indoor","type":"mural","material":"mixed","height":1.5,"width":2.0,"dims_estimated":true,"bearing":180,"bearing_estimated":true,"lit":false,"provenance":"uf","scale":"small","owner":"University of Florida's Art in State Buildings Program","address":"1945 SW 16th Ave, Gainesville, FL 32608","location_note":"Veterinary Academic Bldg","budget":null,"budget_note":null,"artist_local":null,"source_url":"https://www.publicartarchive.org/art/Split-Image-2/288ea3f8","notes":"Setting: a painting, print, photograph, drawing, textile or stained glass.","located_by":"Public Art Archive coordinates","in_city":true}},{"type":"Feature","geometry":{"type":"Point","coordinates":[-82.351202,29.633961]},"properties":{"id":"paa-7f013830","title":"Still Life","artist":"Frances Merritt Thompson","year":1997,"status":"existing","setting":"indoor","type":"mural","material":"mixed","height":1.5,"width":2.0,"dims_estimated":true,"bearing":180,"bearing_estimated":true,"lit":false,"provenance":"uf","scale":"small","owner":"University of Florida's Art in State Buildings Program","address":"1945 SW 16th Ave, Gainesville, FL 32608","location_note":"Veterinary Academic Bldg","budget":null,"budget_note":null,"artist_local":null,"source_url":"https://www.publicartarchive.org/art/Still-Life/7f013830","notes":"Setting: a painting, print, photograph, drawing, textile or stained glass.","located_by":"Public Art Archive coordinates","in_city":true}},{"type":"Feature","geometry":{"type":"Point","coordinates":[-82.351202,29.633961]},"properties":{"id":"paa-a250e03d","title":"Untitled","artist":"Joe Walters","year":1997,"status":"existing","setting":"indoor","type":"mural","material":"mixed","height":1.5,"width":2.0,"dims_estimated":true,"bearing":180,"bearing_estimated":true,"lit":false,"provenance":"uf","scale":"small","owner":"University of Florida's Art in State Buildings Program","address":"1945 SW 16th Ave, Gainesville, FL 32608","location_note":"Veterinary Academic Bldg","budget":null,"budget_note":null,"artist_local":null,"source_url":"https://www.publicartarchive.org/art/Untitled/a250e03d","notes":"Setting: a painting, print, photograph, drawing, textile or stained glass.","located_by":"Public Art Archive coordinates","in_city":true}},{"type":"Feature","geometry":{"type":"Point","coordinates":[-82.347329,29.648212]},"properties":{"id":"paa-aff09ed1","title":"Macromicrochip","artist":"James Piercey","year":1990,"status":"existing","setting":"indoor","type":"mural","material":"glass","height":1.5,"width":2.0,"dims_estimated":true,"bearing":180,"bearing_estimated":true,"lit":false,"provenance":"uf","scale":"small","owner":"University of Florida's Art in State Buildings Program","address":"1885 Stadium Rd, Gainesville, FL 32611","location_note":"Weimer Hall","budget":null,"budget_note":null,"artist_local":null,"source_url":"https://www.publicartarchive.org/art/Macromicrochip/aff09ed1","notes":"Setting: stained glass.","located_by":"Public Art Archive coordinates","in_city":true}},{"type":"Feature","geometry":{"type":"Point","coordinates":[-82.34752,29.647912]},"properties":{"id":"paa-16d58ae8","title":"Packet Switching","artist":"Owen Mundy, Joelle Dietrich","year":2012,"status":"existing","setting":"indoor","type":"mural","material":"acrylic_mural","height":1.5,"width":2.0,"dims_estimated":true,"bearing":180,"bearing_estimated":true,"lit":false,"provenance":"uf","scale":"small","owner":"University of Florida's Art in State Buildings Program","address":"1885 Stadium Rd, Gainesville, FL 32611","location_note":"Weimer Hall","budget":null,"budget_note":null,"artist_local":null,"source_url":"https://www.publicartarchive.org/art/Packet-Switching/16d58ae8","notes":"Setting: the record calls it an interior mural.","located_by":"Public Art Archive coordinates","in_city":true}},{"type":"Feature","geometry":{"type":"Point","coordinates":[-82.347592,29.648252]},"properties":{"id":"paa-d9727997","title":"Wavelengths","artist":"Don Dickson","year":1999,"status":"existing","setting":"unverified","type":"sculpture","material":"steel","height":3.0,"width":2.0,"dims_estimated":true,"bearing":180,"bearing_estimated":true,"lit":false,"provenance":"uf","scale":"medium","owner":"University of Florida's Art in State Buildings Program","address":"1885 Stadium Rd, Gainesville, FL 32611","location_note":"Weimer Hall","budget":null,"budget_note":null,"artist_local":null,"source_url":"https://www.publicartarchive.org/art/Wavelengths/d9727997","notes":"Setting: not stated in the record (unverified).","located_by":"Public Art Archive coordinates","in_city":true}},{"type":"Feature","geometry":{"type":"Point","coordinates":[-82.347533,29.647099]},"properties":{"id":"paa-2f3a6bf9","title":"ZnS","artist":"Beth Nybeck","year":2020,"status":"existing","setting":"outdoor","type":"sculpture","material":"steel","height":3.0,"width":2.0,"dims_estimated":true,"bearing":180,"bearing_estimated":true,"lit":true,"provenance":"uf","scale":"medium","owner":"University of Florida's Art in State Buildings Program","address":"527 Gale Lemerand Dr, Gainesville, FL 32611","location_note":"Wertheim Lab for Eng. Excellence","budget":null,"budget_note":null,"artist_local":null,"source_url":"https://www.publicartarchive.org/art/ZnS/2f3a6bf9","notes":"Setting: the record calls it an outdoor sculpture.","located_by":"Public Art Archive coordinates","in_city":true}}]}